building_rawcode	building_rawcode_integer	building_names	ability_rawcode	ability_rawcode_integer	ability_names	handler_function	closure_class	closure_variable	registration_function	evidence_kind	byte_offset
h010	1747988784	Gjallarhorn	A01K	1093677387		BuildingSpellClosure_registerBuildingSpell_GjallarHorn_cast_registerBuildingSpell_GjallarHorn	Zm	MAq	mH	direct-spell-effect-event-listener	3171438
h07T	1747990356	Withering Hall	A0H6	1093683254	PAN: Withering Touch	BuildingSpellClosure_registerBuildingSpell_PandarenBuildings_cast_registerBuildingSpell_PandarenBuildings	sr	c4q	pJ	direct-spell-effect-event-listener	3436336
h05I	1747989833	Magic Ruin	A06R	1093678674		BuildingSpellClosure_registerBuildingSpell_RaceChaosAbilities_cast_registerBuildingSpell_RaceChaosAbilities	It	fjr	lK	direct-spell-effect-event-listener	3521097
h01M	1747988813	Eraser (Level 1)	A01W	1093677399		BuildingSpellClosure_registerBuildingSpell_RaceChaosAbilities_cast_registerBuildingSpell_RaceChaosAbilities1	Jt	gjr	lK	direct-spell-effect-event-listener	3521408
h01W	1747988823	Eraser (Level 2)	A01W	1093677399		BuildingSpellClosure_registerBuildingSpell_RaceChaosAbilities_cast_registerBuildingSpell_RaceChaosAbilities2	Kt	hjr	lK	direct-spell-effect-event-listener	3521719
h01X	1747988824	Eraser (Level 3)	A01W	1093677399		BuildingSpellClosure_registerBuildingSpell_RaceChaosAbilities_cast_registerBuildingSpell_RaceChaosAbilities3	Lt	ijr	lK	direct-spell-effect-event-listener	3522030
h01F	1747988806	Volcano	A01J	1093677386		BuildingSpellClosure_registerBuildingSpell_RaceChaosAbilities_cast_registerBuildingSpell_RaceChaosAbilities4	Mt	jjr	lK	direct-spell-effect-event-listener	3522341
h01E	1747988805	Shrine of Destruction	A01E	1093677381		BuildingSpellClosure_registerBuildingSpell_RaceChaosAbilities_cast_registerBuildingSpell_RaceChaosAbilities5	Nt	kjr	lK	direct-spell-effect-event-listener	3522652
h04R	1747989586	Forgotten One	A04U	1093678165		BuildingSpellClosure_registerBuildingSpell_RaceCorruptedAbilities_cast_registerBuildingSpell_RaceCorruptedAbilities	St	nlr	oK	direct-spell-effect-event-listener	3535520
h04K	1747989579	Well of Pain	A057	1093678391	COR: Well Of Pain	BuildingSpellClosure_registerBuildingSpell_RaceCorruptedAbilities_cast_registerBuildingSpell_RaceCorruptedAbilities1	Tt	olr	oK	direct-spell-effect-event-listener	3535831
h079	1747990329	Beacon of the Oasis	A0GE	1093683013	Oasis Ability	BuildingSpellClosure_registerBuildingSpell_RaceDesertAbilities_cast_registerBuildingSpell_RaceDesertAbilities	fu	Emr	rK	direct-spell-effect-event-listener	3545425
h07A	1747990337	Sacred Peyote	A0GF	1093683014	Peyote abil	BuildingSpellClosure_registerBuildingSpell_RaceDesertAbilities_cast_registerBuildingSpell_RaceDesertAbilities1	gu	Fmr	rK	direct-spell-effect-event-listener	3545736
n03A	1848652609	Temple of Storm	A0GK	1093683019	SandStorm abil	BuildingSpellClosure_registerBuildingSpell_RaceDesertAbilities_cast_registerBuildingSpell_RaceDesertAbilities2	hu	Gmr	rK	direct-spell-effect-event-listener	3546047
h060	1747990064	Obelisk of Elements	A0DV	1093682262	ELE: ObeliskOfElements (dummy)	BuildingSpellClosure_registerBuildingSpell_RaceElementalAbilities_cast_registerBuildingSpell_RaceElementalAbilities	su	Kor	xK	direct-spell-effect-event-listener	3562235
h06F	1747990086	Elemental Rain	A0EI	1093682505	ELE: Book of Conjuration	BuildingSpellClosure_registerBuildingSpell_RaceElementalAbilities_cast_registerBuildingSpell_RaceElementalAbilities1	tu	Lor	xK	direct-spell-effect-event-listener	3562546
h06E	1747990085	Meteor Shower	A0FG	1093682759	ELE: Meteor Shower	BuildingSpellClosure_registerBuildingSpell_RaceElementalAbilities_cast_registerBuildingSpell_RaceElementalAbilities2	uu	Mor	xK	direct-spell-effect-event-listener	3562857
h00Z	1747988570	City of Magic	A017	1093677367		BuildingSpellClosure_registerBuildingSpell_RaceElvenAbilities_cast_registerBuildingSpell_RaceElvenAbilities	Pu	pqr	BK	direct-spell-effect-event-listener	3573029
h06J	1747990090	Blue Shield Generator	A09N	1093679438		BuildingSpellClosure_registerBuildingSpell_RaceMechAbilities_cast_registerBuildingSpell_RaceMechAbilities	sv	csr	FK	direct-spell-effect-event-listener	3588704
h05R	1747989842	Red Shield Generator	A09O	1093679439		BuildingSpellClosure_registerBuildingSpell_RaceMechAbilities_cast_registerBuildingSpell_RaceMechAbilities1	tv	dsr	FK	direct-spell-effect-event-listener	3589015
h00N	1747988558	Tidal Guardian	A09X	1093679448		BuildingSpellClosure_registerBuildingSpellWithTarget_RaceNagaAbilities_cast_registerBuildingSpellWithTarget_RaceNagaAbilities	Jv	ltr	HK	direct-spell-effect-event-listener	3596724
h00M	1747988557	Oracle of Sirens	A00O	1093677135	NAG: Oracle	BuildingSpellClosure_registerBuildingSpell_RaceNagaAbilities_cast_registerBuildingSpell_RaceNagaAbilities	Kv	mtr	HK	direct-spell-effect-event-listener	3597035
h00I	1747988553	Ancient Pyramide	A00M	1093677133		BuildingSpellClosure_registerBuildingSpell_RaceNagaAbilities_cast_registerBuildingSpell_RaceNagaAbilities1	Lv	ntr	HK	direct-spell-effect-event-listener	3597346
h02D	1747989060	Ancient of Wonders	A0BS	1093681747	NAT: Ancient of Wonders (dummy)	BuildingSpellClosure_registerBuildingSpell_RaceNatureAbilities_cast_registerBuildingSpell_RaceNatureAbilities	aw	dur	JK	direct-spell-effect-event-listener	3604190
h02C	1747989059	Ancient Guardian	A0BM	1093681741	NAT: Banish (dummy)	BuildingSpellClosure_registerBuildingSpell_RaceNatureAbilities_cast_registerBuildingSpell_RaceNatureAbilities1	bw	eur	JK	direct-spell-effect-event-listener	3604501
h02A	1747989057	Ancient of Gale	A0BO	1093681743	NAT: Ancient of Gale (dummy)	BuildingSpellClosure_registerBuildingSpell_RaceNatureAbilities_cast_registerBuildingSpell_RaceNatureAbilities2	dw	fur	JK	direct-spell-effect-event-listener	3604812
h07H	1747990344	Obelisk of Wilderness	A08E	1093679173	NEL: Obelisk of Wilderness	BuildingSpellClosure_registerBuildingSpell_RaceNelfAbilities_cast_registerBuildingSpell_RaceNelfAbilities	yw	Jvr	LK	direct-spell-effect-event-listener	3615128
h08P	1747990608	Silver Glade	A08B	1093679170		BuildingSpellClosure_registerBuildingSpell_RaceNelfAbilities_cast_registerBuildingSpell_RaceNelfAbilities1	zw	Kvr	LK	direct-spell-effect-event-listener	3615439
h07I	1747990345	Starfall Obelisk	A07U	1093678933		BuildingSpellClosure_registerBuildingSpell_RaceNelfAbilities_cast_registerBuildingSpell_RaceNelfAbilities2	Aw	Lvr	LK	direct-spell-effect-event-listener	3615750
h047	1747989559	Chilling Mushroom	A06P	1093678672	NOR: Chilling Mushroom	BuildingSpellClosure_registerBuildingSpellWithEffect_RaceNorthernAbilities_cast_registerBuildingSpellWithEffect_RaceNorthernAbilities	Uw	uxr	RK	protected-registry-call	3628383
h048	1747989560	Frost Launcher	A04J	1093678154		BuildingSpellClosure_registerBuildingSpellWithEffect_RaceNorthernAbilities_cast_registerBuildingSpellWithEffect_RaceNorthernAbilities1	Vw	vxr	RK	protected-registry-call	3628545
h03L	1747989324	Greater Frost Launcher	A04L	1093678156		BuildingSpellClosure_registerBuildingSpellWithEffect_RaceNorthernAbilities_cast_registerBuildingSpellWithEffect_RaceNorthernAbilities2	Ww	wxr	RK	protected-registry-call	3628707
h03O	1747989327	World Freezer	A04I	1093678153		BuildingSpellClosure_registerBuildingSpell_RaceNorthernAbilities_cast_registerBuildingSpell_RaceNorthernAbilities	Xw	xxr	RK	protected-registry-call	3628869
h02R	1747989074	Ceremonial Totem	A039	1093677881	ORC: Ceremonial Totem	BuildingSpellClosure_registerBuildingSpell_RaceOrcAbilities_cast_registerBuildingSpell_RaceOrcAbilities	Ex	Ezr	VK	protected-registry-call	3642508
h07X	1747990360	Stasis Totem	A032	1093677874		BuildingSpellClosure_registerBuildingSpell_RaceOrcAbilities_cast_registerBuildingSpell_RaceOrcAbilities1	Fx	Fzr	VK	protected-registry-call	3642634
h07Y	1747990361	Healing Totem	A0HT	1093683284	Global Healing	BuildingSpellClosure_registerBuildingSpell_RaceOrcAbilities_cast_registerBuildingSpell_RaceOrcAbilities2	Gx	Gzr	VK	protected-registry-call	3642760
h07Z	1747990362	Endurance Totem	A0HS	1093683283	Global Endurance	BuildingSpellClosure_registerBuildingSpell_RaceOrcAbilities_cast_registerBuildingSpell_RaceOrcAbilities3	Hx	Hzr	VK	protected-registry-call	3642886
h02N	1747989070	Serpent Rock	A02Z	1093677658	ORC: Serpent Rock	BuildingSpellClosure_registerBuildingSpell_RaceOrcAbilities_cast_registerBuildingSpell_RaceOrcAbilities4	Wx	Izr	VK	protected-registry-call	3643011
h01P	1747988816	Skull Pile	A01Q	1093677393		BuildingSpellClosure_registerBuildingSpell_RaceUndeadAbilities_cast_registerBuildingSpell_RaceUndeadAbilities	fy	wBr	bL	protected-registry-call	3662915
h056	1747989814	Skull Shrine	A05U	1093678421		BuildingSpellClosure_registerBuildingSpell_RaceUndeadAbilities_cast_registerBuildingSpell_RaceUndeadAbilities1	hy	xBr	bL	protected-registry-call	3663041
h00A	1747988545	Death Pit	A033	1093677875	UND: Death Pit	BuildingSpellClosure_registerBuildingSpell_RaceUndeadAbilities_cast_registerBuildingSpell_RaceUndeadAbilities2	iy	yBr	bL	protected-registry-call	3663166
h07W	1747990359	Snowveil Fountain	A0HO	1093683279		BuildingSpellClosure_registerBuildingSpell_SnowveilFountain_cast_registerBuildingSpell_SnowveilFountain	Hz	xOr	FL	protected-registry-call	3737072
h07R	1747990354	Thunderpaw Spire	A0GW	1093683031	Thunderpaw Spire Ability	BuildingSpellClosure_registerBuildingSpell_ThunderpawSpire_cast_registerBuildingSpell_ThunderpawSpire	yB	C_r	wN	protected-registry-call	3854245
h07U	1747990357	Vessel of Purity	A0HN	1093683278		BuildingSpellClosure_registerBuildingSpell_VesselOfPurity_cast_registerBuildingSpell_VesselOfPurity	fC	yis	mP	protected-registry-call	4402959
