callback_function	coverage_status	normalized_sources	dispatch_path	evidence_note	byte_offset
CallbackSingle_CallbackSingle_start	callback-framework-infrastructure			generic CallbackSingle timer lifecycle/dispatch infrastructure	971525
CallbackSingle_destroyCallbackSingle	callback-framework-infrastructure			generic CallbackSingle timer lifecycle/dispatch infrastructure	972388
CallbackSingle_doAfter_AfkCheck_call_doAfter_AfkCheck	normalized-session-runtime-semantics	runtime-session-mechanics:team-afk-confirmation-check		callback is covered by normalized player-session semantics	458983
CallbackSingle_doAfter_AfkCheck_call_doAfter_AfkCheck1	presentation-only			visual/UI/audio/chat/animation/weather presentation callback without authoritative gameplay mutation	459595
CallbackSingle_doAfter_AiChatIntent_call_doAfter_AiChatIntent	presentation-only			visual/UI/audio/chat/animation/weather presentation callback without authoritative gameplay mutation	466394
CallbackSingle_doAfter_AiExecutor_CustomAI_call_doAfter_AiExecutor_CustomAI	normalized-ai-runtime-semantics	runtime-ai-mechanics:ai-executor-periodic-fsm		callback is covered by normalized AI runtime semantics	1063522
CallbackSingle_doAfter_AiExecutor_CustomAI_call_doAfter_AiExecutor_CustomAI1	normalized-ai-runtime-semantics	runtime-ai-mechanics:ai-executor-periodic-fsm		callback is covered by normalized AI runtime semantics	1065473
CallbackSingle_doAfter_AiFullGameE2E_call_doAfter_AiFullGameE2E	e2e-only			generated end-to-end/smoke-test callback; not production gameplay semantics	471159
CallbackSingle_doAfter_AiFullGameE2E_call_doAfter_AiFullGameE2E1	e2e-only			generated end-to-end/smoke-test callback; not production gameplay semantics	471545
CallbackSingle_doAfter_AiFullGameE2E_call_doAfter_AiFullGameE2E2	e2e-only			generated end-to-end/smoke-test callback; not production gameplay semantics	472531
CallbackSingle_doAfter_Banlist_call_doAfter_Banlist	integrity-infrastructure			anti-cheat/object-integrity/banlist scaffolding; no normalized production gameplay rule	482436
CallbackSingle_doAfter_BuildingCatalogE2E_call_doAfter_BuildingCatalogE2E	e2e-only			generated end-to-end/smoke-test callback; not production gameplay semantics	518936
CallbackSingle_doAfter_BuildingCatalogE2E_call_doAfter_BuildingCatalogE2E1	e2e-only			generated end-to-end/smoke-test callback; not production gameplay semantics	521624
CallbackSingle_doAfter_BuildingCatalogE2E_call_doAfter_BuildingCatalogE2E10	e2e-only			generated end-to-end/smoke-test callback; not production gameplay semantics	534515
CallbackSingle_doAfter_BuildingCatalogE2E_call_doAfter_BuildingCatalogE2E11	e2e-only			generated end-to-end/smoke-test callback; not production gameplay semantics	539429
CallbackSingle_doAfter_BuildingCatalogE2E_call_doAfter_BuildingCatalogE2E12	e2e-only			generated end-to-end/smoke-test callback; not production gameplay semantics	542686
CallbackSingle_doAfter_BuildingCatalogE2E_call_doAfter_BuildingCatalogE2E13	e2e-only			generated end-to-end/smoke-test callback; not production gameplay semantics	546223
CallbackSingle_doAfter_BuildingCatalogE2E_call_doAfter_BuildingCatalogE2E14	e2e-only			generated end-to-end/smoke-test callback; not production gameplay semantics	547817
CallbackSingle_doAfter_BuildingCatalogE2E_call_doAfter_BuildingCatalogE2E15	e2e-only			generated end-to-end/smoke-test callback; not production gameplay semantics	548947
CallbackSingle_doAfter_BuildingCatalogE2E_call_doAfter_BuildingCatalogE2E16	e2e-only			generated end-to-end/smoke-test callback; not production gameplay semantics	550447
CallbackSingle_doAfter_BuildingCatalogE2E_call_doAfter_BuildingCatalogE2E17	e2e-only			generated end-to-end/smoke-test callback; not production gameplay semantics	550821
CallbackSingle_doAfter_BuildingCatalogE2E_call_doAfter_BuildingCatalogE2E18	e2e-only			generated end-to-end/smoke-test callback; not production gameplay semantics	551562
CallbackSingle_doAfter_BuildingCatalogE2E_call_doAfter_BuildingCatalogE2E19	e2e-only			generated end-to-end/smoke-test callback; not production gameplay semantics	555337
CallbackSingle_doAfter_BuildingCatalogE2E_call_doAfter_BuildingCatalogE2E2	e2e-only			generated end-to-end/smoke-test callback; not production gameplay semantics	522061
CallbackSingle_doAfter_BuildingCatalogE2E_call_doAfter_BuildingCatalogE2E20	e2e-only			generated end-to-end/smoke-test callback; not production gameplay semantics	559436
CallbackSingle_doAfter_BuildingCatalogE2E_call_doAfter_BuildingCatalogE2E21	e2e-only			generated end-to-end/smoke-test callback; not production gameplay semantics	559808
CallbackSingle_doAfter_BuildingCatalogE2E_call_doAfter_BuildingCatalogE2E22	e2e-only			generated end-to-end/smoke-test callback; not production gameplay semantics	560867
CallbackSingle_doAfter_BuildingCatalogE2E_call_doAfter_BuildingCatalogE2E23	e2e-only			generated end-to-end/smoke-test callback; not production gameplay semantics	561894
CallbackSingle_doAfter_BuildingCatalogE2E_call_doAfter_BuildingCatalogE2E24	e2e-only			generated end-to-end/smoke-test callback; not production gameplay semantics	562217
CallbackSingle_doAfter_BuildingCatalogE2E_call_doAfter_BuildingCatalogE2E25	e2e-only			generated end-to-end/smoke-test callback; not production gameplay semantics	562488
CallbackSingle_doAfter_BuildingCatalogE2E_call_doAfter_BuildingCatalogE2E26	e2e-only			generated end-to-end/smoke-test callback; not production gameplay semantics	563435
CallbackSingle_doAfter_BuildingCatalogE2E_call_doAfter_BuildingCatalogE2E27	e2e-only			generated end-to-end/smoke-test callback; not production gameplay semantics	564059
CallbackSingle_doAfter_BuildingCatalogE2E_call_doAfter_BuildingCatalogE2E28	e2e-only			generated end-to-end/smoke-test callback; not production gameplay semantics	564979
CallbackSingle_doAfter_BuildingCatalogE2E_call_doAfter_BuildingCatalogE2E29	e2e-only			generated end-to-end/smoke-test callback; not production gameplay semantics	566624
CallbackSingle_doAfter_BuildingCatalogE2E_call_doAfter_BuildingCatalogE2E3	e2e-only			generated end-to-end/smoke-test callback; not production gameplay semantics	524352
CallbackSingle_doAfter_BuildingCatalogE2E_call_doAfter_BuildingCatalogE2E30	e2e-only			generated end-to-end/smoke-test callback; not production gameplay semantics	568303
CallbackSingle_doAfter_BuildingCatalogE2E_call_doAfter_BuildingCatalogE2E31	e2e-only			generated end-to-end/smoke-test callback; not production gameplay semantics	569887
CallbackSingle_doAfter_BuildingCatalogE2E_call_doAfter_BuildingCatalogE2E32	e2e-only			generated end-to-end/smoke-test callback; not production gameplay semantics	571488
CallbackSingle_doAfter_BuildingCatalogE2E_call_doAfter_BuildingCatalogE2E33	e2e-only			generated end-to-end/smoke-test callback; not production gameplay semantics	571797
CallbackSingle_doAfter_BuildingCatalogE2E_call_doAfter_BuildingCatalogE2E34	e2e-only			generated end-to-end/smoke-test callback; not production gameplay semantics	573099
CallbackSingle_doAfter_BuildingCatalogE2E_call_doAfter_BuildingCatalogE2E35	e2e-only			generated end-to-end/smoke-test callback; not production gameplay semantics	573420
CallbackSingle_doAfter_BuildingCatalogE2E_call_doAfter_BuildingCatalogE2E36	e2e-only			generated end-to-end/smoke-test callback; not production gameplay semantics	574249
CallbackSingle_doAfter_BuildingCatalogE2E_call_doAfter_BuildingCatalogE2E37	e2e-only			generated end-to-end/smoke-test callback; not production gameplay semantics	574898
CallbackSingle_doAfter_BuildingCatalogE2E_call_doAfter_BuildingCatalogE2E38	e2e-only			generated end-to-end/smoke-test callback; not production gameplay semantics	576191
CallbackSingle_doAfter_BuildingCatalogE2E_call_doAfter_BuildingCatalogE2E39	e2e-only			generated end-to-end/smoke-test callback; not production gameplay semantics	576499
CallbackSingle_doAfter_BuildingCatalogE2E_call_doAfter_BuildingCatalogE2E4	e2e-only			generated end-to-end/smoke-test callback; not production gameplay semantics	525861
CallbackSingle_doAfter_BuildingCatalogE2E_call_doAfter_BuildingCatalogE2E40	e2e-only			generated end-to-end/smoke-test callback; not production gameplay semantics	576761
CallbackSingle_doAfter_BuildingCatalogE2E_call_doAfter_BuildingCatalogE2E41	e2e-only			generated end-to-end/smoke-test callback; not production gameplay semantics	576996
CallbackSingle_doAfter_BuildingCatalogE2E_call_doAfter_BuildingCatalogE2E42	e2e-only			generated end-to-end/smoke-test callback; not production gameplay semantics	577718
CallbackSingle_doAfter_BuildingCatalogE2E_call_doAfter_BuildingCatalogE2E43	e2e-only			generated end-to-end/smoke-test callback; not production gameplay semantics	578051
CallbackSingle_doAfter_BuildingCatalogE2E_call_doAfter_BuildingCatalogE2E44	e2e-only			generated end-to-end/smoke-test callback; not production gameplay semantics	578842
CallbackSingle_doAfter_BuildingCatalogE2E_call_doAfter_BuildingCatalogE2E45	e2e-only			generated end-to-end/smoke-test callback; not production gameplay semantics	579140
CallbackSingle_doAfter_BuildingCatalogE2E_call_doAfter_BuildingCatalogE2E46	e2e-only			generated end-to-end/smoke-test callback; not production gameplay semantics	579411
CallbackSingle_doAfter_BuildingCatalogE2E_call_doAfter_BuildingCatalogE2E5	e2e-only			generated end-to-end/smoke-test callback; not production gameplay semantics	526687
CallbackSingle_doAfter_BuildingCatalogE2E_call_doAfter_BuildingCatalogE2E6	e2e-only			generated end-to-end/smoke-test callback; not production gameplay semantics	528248
CallbackSingle_doAfter_BuildingCatalogE2E_call_doAfter_BuildingCatalogE2E7	e2e-only			generated end-to-end/smoke-test callback; not production gameplay semantics	529680
CallbackSingle_doAfter_BuildingCatalogE2E_call_doAfter_BuildingCatalogE2E8	e2e-only			generated end-to-end/smoke-test callback; not production gameplay semantics	531434
CallbackSingle_doAfter_BuildingCatalogE2E_call_doAfter_BuildingCatalogE2E9	e2e-only			generated end-to-end/smoke-test callback; not production gameplay semantics	533176
CallbackSingle_doAfter_CameraMovementDetection_call_doAfter_CameraMovementDetection	normalized-session-runtime-semantics	runtime-session-mechanics:away-control-and-idle-detection		callback is covered by normalized player-session semantics	637830
CallbackSingle_doAfter_CampaignAntiCheat_call_doAfter_CampaignAntiCheat	integrity-infrastructure			anti-cheat/object-integrity/banlist scaffolding; no normalized production gameplay rule	639583
CallbackSingle_doAfter_CampaignRuntime_call_doAfter_CampaignRuntime	presentation-only			visual/UI/audio/chat/animation/weather presentation callback without authoritative gameplay mutation	656167
CallbackSingle_doAfter_CampaignSmokeTest_call_doAfter_CampaignSmokeTest	e2e-only			generated end-to-end/smoke-test callback; not production gameplay semantics	690250
CallbackSingle_doAfter_CampaignSmokeTest_call_doAfter_CampaignSmokeTest1	e2e-only			generated end-to-end/smoke-test callback; not production gameplay semantics	695444
CallbackSingle_doAfter_CampaignSmokeTest_call_doAfter_CampaignSmokeTest2	e2e-only			generated end-to-end/smoke-test callback; not production gameplay semantics	696841
CallbackSingle_doAfter_CampaignSmokeTest_call_doAfter_CampaignSmokeTest3	e2e-only			generated end-to-end/smoke-test callback; not production gameplay semantics	700836
CallbackSingle_doAfter_CampaignSuppliesRuntime_call_doAfter_CampaignSuppliesRuntime	normalized-campaign-runtime-semantics	runtime-campaign-mechanics:campaign-mission-supply-application		callback is covered by normalized campaign runtime semantics	706582
CallbackSingle_doAfter_CampaignSurvivalUI_call_doAfter_CampaignSurvivalUI	presentation-only			visual/UI/audio/chat/animation/weather presentation callback without authoritative gameplay mutation	708367
CallbackSingle_doAfter_CampaignUiE2E_call_doAfter_CampaignUiE2E	e2e-only			generated end-to-end/smoke-test callback; not production gameplay semantics	946467
CallbackSingle_doAfter_CampaignUiE2E_call_doAfter_CampaignUiE2E1	e2e-only			generated end-to-end/smoke-test callback; not production gameplay semantics	947046
CallbackSingle_doAfter_CampaignUiE2E_call_doAfter_CampaignUiE2E2	e2e-only			generated end-to-end/smoke-test callback; not production gameplay semantics	950458
CallbackSingle_doAfter_Campaign_call_doAfter_Campaign	presentation-only			visual/UI/audio/chat/animation/weather presentation callback without authoritative gameplay mutation	953207
CallbackSingle_doAfter_CfCastlePathing_call_doAfter_CfCastlePathing	gameplay-framework-infrastructure			generic pathing/event/task/dummy/preload or perk-index dispatch infrastructure; concrete mechanics are normalized at handlers	956314
CallbackSingle_doAfter_CfCastlePathing_call_doAfter_CfCastlePathing1	gameplay-framework-infrastructure			generic pathing/event/task/dummy/preload or perk-index dispatch infrastructure; concrete mechanics are normalized at handlers	956718
CallbackSingle_doAfter_CheckForCpuSlots_call_doAfter_CheckForCpuSlots	presentation-only			visual/UI/audio/chat/animation/weather presentation callback without authoritative gameplay mutation	957648
CallbackSingle_doAfter_Commands_call_doAfter_Commands	presentation-only			visual/UI/audio/chat/animation/weather presentation callback without authoritative gameplay mutation	972606
CallbackSingle_doAfter_Commands_call_doAfter_Commands1	presentation-only			visual/UI/audio/chat/animation/weather presentation callback without authoritative gameplay mutation	972819
CallbackSingle_doAfter_Commands_call_doAfter_Commands2	normalized-session-runtime-semantics	runtime-session-mechanics:global-draw-vote-match-cancel		callback is covered by normalized player-session semantics	973033
CallbackSingle_doAfter_Commands_call_doAfter_Commands3	normalized-session-runtime-semantics	runtime-session-mechanics:global-draw-vote-match-cancel		callback is covered by normalized player-session semantics	973674
CallbackSingle_doAfter_CustomAI_call_doAfter_CustomAI	normalized-ai-runtime-semantics	runtime-ai-mechanics:ai-executor-periodic-fsm,runtime-ai-mechanics:ai-team-production-sync-targeting		callback is covered by normalized AI runtime semantics	1006913
CallbackSingle_doAfter_CustomAI_call_doAfter_CustomAI1	normalized-ai-runtime-semantics	runtime-ai-mechanics:ai-rescue-strike-controller		callback is covered by normalized AI runtime semantics	1007582
CallbackSingle_doAfter_DamageRuntime_call_doAfter_DamageRuntime	normalized-gameplay-semantics	production-unit-special-mechanics:damage-triggered-feral-rage-and-hibernation		callback is covered by importer-facing normalized gameplay semantics	1069812
CallbackSingle_doAfter_DamageRuntime_call_doAfter_DamageRuntime1	normalized-gameplay-semantics	production-unit-special-mechanics:damage-triggered-feral-rage-and-hibernation		callback is covered by importer-facing normalized gameplay semantics	1070050
CallbackSingle_doAfter_DraftOrchestrator_call_doAfter_DraftOrchestrator	normalized-draft-runtime-dispatch	runtime-draft-mechanics:draft-round-restart-lifecycle	CallbackSingle_doAfter_DraftOrchestrator_call_doAfter_DraftOrchestrator -> initPerks__w3p_vmProtect	callback is covered by normalized draft runtime semantics; reached through an exact named-call path of at most three edges	1111570
CallbackSingle_doAfter_DummyCaster_DummyCaster_call_doAfter_DummyCaster_DummyCaster	gameplay-framework-infrastructure			generic pathing/event/task/dummy/preload or perk-index dispatch infrastructure; concrete mechanics are normalized at handlers	1189210
CallbackSingle_doAfter_E2E_E2E_call_doAfter_E2E_E2E	e2e-only			generated end-to-end/smoke-test callback; not production gameplay semantics	1189818
CallbackSingle_doAfter_FireElemental_call_doAfter_FireElemental	normalized-gameplay-semantics	production-unit-special-mechanics:native-lava-spawn-split-with-child-conversion		callback is covered by importer-facing normalized gameplay semantics	1196379
CallbackSingle_doAfter_FixDefend_call_doAfter_FixDefend	normalized-gameplay-semantics	production-unit-special-mechanics:automatic-defend-state-maintenance		callback is covered by importer-facing normalized gameplay semantics	1197610
CallbackSingle_doAfter_GameBasics_call_doAfter_GameBasics	presentation-only			visual/UI/audio/chat/animation/weather presentation callback without authoritative gameplay mutation	1198856
CallbackSingle_doAfter_GobboController_call_doAfter_GobboController	normalized-gameplay-semantics	runtime-system-mechanics:support-order-controller		callback is covered by importer-facing normalized gameplay semantics	1202840
CallbackSingle_doAfter_Grid_call_doAfter_Grid	presentation-only			visual/UI/audio/chat/animation/weather presentation callback without authoritative gameplay mutation	1205197
CallbackSingle_doAfter_IncomeUI_call_doAfter_IncomeUI	presentation-only			visual/UI/audio/chat/animation/weather presentation callback without authoritative gameplay mutation	1220961
CallbackSingle_doAfter_MMDData_call_doAfter_MMDData	normalized-campaign-runtime-semantics	runtime-campaign-mechanics:campaign-match-result-bridge		callback is covered by normalized campaign runtime semantics	1285117
CallbackSingle_doAfter_MMDData_call_doAfter_MMDData1	presentation-only			visual/UI/audio/chat/animation/weather presentation callback without authoritative gameplay mutation	1285419
CallbackSingle_doAfter_MMDData_call_doAfter_MMDData2	normalized-session-runtime-semantics	runtime-session-mechanics:player-leave-autobalance-and-team-empty-resolution		callback is covered by normalized player-session semantics	1285697
CallbackSingle_doAfter_MMDData_call_doAfter_MMDData3	telemetry-infrastructure			MMD/statistics initialization or reporting infrastructure	1287769
CallbackSingle_doAfter_MapWatermark_call_doAfter_MapWatermark	normalized-integrity-runtime-semantics	runtime-system-mechanics:protected-runtime-ledger-integrity-penalty		callback is covered by the statically decoded protected RuntimeLedger integrity/tamper-response scheduler	1293245
CallbackSingle_doAfter_MapWatermark_call_doAfter_MapWatermark1	normalized-integrity-runtime-semantics	runtime-system-mechanics:protected-runtime-ledger-integrity-penalty		callback is covered by the statically decoded protected RuntimeLedger integrity/tamper-response scheduler	1293503
CallbackSingle_doAfter_MasterOfElements_call_doAfter_MasterOfElements	normalized-unit-spell-semantics	unit-spell-mechanics:1747989334:1093682481		callback is covered by normalized scripted unit-spell semantics	1293827
CallbackSingle_doAfter_ModeParser_ModeParser_call_doAfter_ModeParser_ModeParser	normalized-mode-runtime-semantics	runtime-mode-mechanics:mode-selection-controller-and-registry		callback is covered by normalized mode runtime semantics	1312169
CallbackSingle_doAfter_ModeRaceRuntime_call_doAfter_ModeRaceRuntime	normalized-session-runtime-dispatch	runtime-session-mechanics:away-control-and-idle-detection	CallbackSingle_doAfter_ModeRaceRuntime_call_doAfter_ModeRaceRuntime -> createRoundCastlesAndContinue -> beginRoundStartModeSection	callback is covered by normalized player-session semantics; reached through an exact named-call path of at most three edges	1318929
CallbackSingle_doAfter_ModeRaceRuntime_call_doAfter_ModeRaceRuntime1	normalized-mode-runtime-semantics	runtime-mode-mechanics:mode-selection-controller-and-registry		callback is covered by normalized mode runtime semantics	1319204
CallbackSingle_doAfter_ModeRaceRuntime_call_doAfter_ModeRaceRuntime2	normalized-mode-runtime-semantics	runtime-mode-mechanics:mode-selection-controller-and-registry		callback is covered by normalized mode runtime semantics	1319417
CallbackSingle_doAfter_ModeRaceRuntime_call_doAfter_ModeRaceRuntime3	normalized-mode-runtime-semantics	runtime-mode-mechanics:mode-selection-controller-and-registry		callback is covered by normalized mode runtime semantics	1319633
CallbackSingle_doAfter_ModeRaceRuntime_call_doAfter_ModeRaceRuntime4	normalized-mode-runtime-semantics	runtime-mode-mechanics:mode-selection-controller-and-registry		callback is covered by normalized mode runtime semantics	1319849
CallbackSingle_doAfter_ModeRuntimeE2E_call_doAfter_ModeRuntimeE2E	e2e-only			generated end-to-end/smoke-test callback; not production gameplay semantics	1320376
CallbackSingle_doAfter_ModeRuntimeE2E_call_doAfter_ModeRuntimeE2E1	e2e-only			generated end-to-end/smoke-test callback; not production gameplay semantics	1320597
CallbackSingle_doAfter_ModeRuntimeE2E_call_doAfter_ModeRuntimeE2E2	e2e-only			generated end-to-end/smoke-test callback; not production gameplay semantics	1320819
CallbackSingle_doAfter_ModeRuntimeE2E_call_doAfter_ModeRuntimeE2E3	e2e-only			generated end-to-end/smoke-test callback; not production gameplay semantics	1321104
CallbackSingle_doAfter_MonkHeal_call_doAfter_MonkHeal	normalized-unit-spell-semantics	unit-spell-mechanics:1848652613:1093683022		callback is covered by normalized scripted unit-spell semantics	1322580
CallbackSingle_doAfter_MonkHeal_call_doAfter_MonkHeal1	normalized-unit-spell-semantics	unit-spell-mechanics:1848652628:1093683022		callback is covered by normalized scripted unit-spell semantics	1322848
CallbackSingle_doAfter_ObeliskOfLight_call_doAfter_ObeliskOfLight	normalized-gameplay-semantics	runtime-system-mechanics:obelisk-of-light-cleansing-light		callback is covered by importer-facing normalized gameplay semantics	1353388
CallbackSingle_doAfter_ObjectDataIntegrity_call_doAfter_ObjectDataIntegrity	integrity-infrastructure			anti-cheat/object-integrity/banlist scaffolding; no normalized production gameplay rule	1356812
CallbackSingle_doAfter_OnUnitDeathHandler_call_doAfter_OnUnitDeathHandler	normalized-gameplay-semantics	runtime-system-mechanics:golden-shrine-revival		callback is covered by importer-facing normalized gameplay semantics	1357130
CallbackSingle_doAfter_OrderRects_call_doAfter_OrderRects	normalized-gameplay-semantics	runtime-system-mechanics:lane-order-rect-attack-reengage		callback is covered by importer-facing normalized gameplay semantics	1360328
CallbackSingle_doAfter_PSA_call_doAfter_PSA	presentation-only			visual/UI/audio/chat/animation/weather presentation callback without authoritative gameplay mutation	1362772
CallbackSingle_doAfter_PerkQuest_call_doAfter_PerkQuest	normalized-draft-runtime-dispatch	runtime-draft-mechanics:draft-round-restart-lifecycle	CallbackSingle_doAfter_PerkQuest_call_doAfter_PerkQuest -> createPerkQuestOnce -> getPerkQuestTexts -> initPerks__w3p_vmProtect	callback is covered by normalized draft runtime semantics; reached through an exact named-call path of at most three edges	1400868
CallbackSingle_doAfter_PlayerNamesRuntime_call_doAfter_PlayerNamesRuntime	presentation-only			visual/UI/audio/chat/animation/weather presentation callback without authoritative gameplay mutation	1415698
CallbackSingle_doAfter_Preview_call_doAfter_Preview	presentation-only			visual/UI/audio/chat/animation/weather presentation callback without authoritative gameplay mutation	1418046
CallbackSingle_doAfter_QuickBuild_BuilderAIStates_call_doAfter_QuickBuild_BuilderAIStates	normalized-ai-runtime-semantics	runtime-ai-mechanics:ai-executor-periodic-fsm		callback is covered by normalized AI runtime semantics	513615
CallbackSingle_doAfter_RaceChaosAbilities_call_doAfter_RaceChaosAbilities	presentation-only			visual/UI/audio/chat/animation/weather presentation callback without authoritative gameplay mutation	1420384
CallbackSingle_doAfter_RaceChaosAbilities_call_doAfter_RaceChaosAbilities1	normalized-unit-spell-semantics	unit-spell-mechanics:1848652364:1093682773		callback is covered by normalized scripted unit-spell semantics	1420639
CallbackSingle_doAfter_RaceDesertAbilities_call_doAfter_RaceDesertAbilities	normalized-gameplay-semantics	building-spell-mechanics:global-weather-ability-carrier		callback is covered by importer-facing normalized gameplay semantics	1428694
CallbackSingle_doAfter_RaceDesertAbilities_call_doAfter_RaceDesertAbilities1	normalized-unit-spell-semantics	unit-spell-mechanics:1848652377:1093683010		callback is covered by normalized scripted unit-spell semantics	1429393
CallbackSingle_doAfter_RaceDesertAbilities_call_doAfter_RaceDesertAbilities2	normalized-unit-spell-semantics	unit-spell-mechanics:1848652594:1093683001		callback is covered by normalized scripted unit-spell semantics	1429987
CallbackSingle_doAfter_RaceDesertAbilities_call_doAfter_RaceDesertAbilities3	presentation-only			visual/UI/audio/chat/animation/weather presentation callback without authoritative gameplay mutation	1433643
CallbackSingle_doAfter_RaceElvenAbilities_call_doAfter_RaceElvenAbilities	normalized-unit-spell-semantics	unit-spell-mechanics:1747988567:1093677144,unit-spell-mechanics:1747990338:1093681463		callback is covered by normalized scripted unit-spell semantics	1446118
CallbackSingle_doAfter_RaceHumanAbilities_call_doAfter_RaceHumanAbilities	normalized-unit-spell-semantics	unit-spell-mechanics:1747989314:1093677899		callback is covered by normalized scripted unit-spell semantics	1448770
CallbackSingle_doAfter_RaceHumanAbilities_call_doAfter_RaceHumanAbilities1	normalized-unit-spell-semantics	unit-spell-mechanics:1747989315:1093677899		callback is covered by normalized scripted unit-spell semantics	1449006
CallbackSingle_doAfter_RaceHumanAbilities_call_doAfter_RaceHumanAbilities2	normalized-unit-spell-semantics	unit-spell-mechanics:1848651829:1093677131		callback is covered by normalized scripted unit-spell semantics	1450318
CallbackSingle_doAfter_RaceHumanAbilities_call_doAfter_RaceHumanAbilities3	normalized-unit-spell-semantics	unit-spell-mechanics:1747990324:1093683504		callback is covered by normalized scripted unit-spell semantics	1451634
CallbackSingle_doAfter_RaceMechAbilities_call_doAfter_RaceMechAbilities	presentation-only			visual/UI/audio/chat/animation/weather presentation callback without authoritative gameplay mutation	1455774
CallbackSingle_doAfter_RaceMechAbilities_call_doAfter_RaceMechAbilities1	presentation-only			visual/UI/audio/chat/animation/weather presentation callback without authoritative gameplay mutation	1456056
CallbackSingle_doAfter_RaceMechAbilities_call_doAfter_RaceMechAbilities2	normalized-unit-spell-semantics	unit-spell-mechanics:2049978419:1093679428		callback is covered by normalized scripted unit-spell semantics	1456345
CallbackSingle_doAfter_RaceMechAbilities_call_doAfter_RaceMechAbilities3	normalized-unit-spell-semantics	unit-spell-mechanics:1747990101:1093679413		callback is covered by normalized scripted unit-spell semantics	1458059
CallbackSingle_doAfter_RaceNagaAbilities_call_doAfter_RaceNagaAbilities	normalized-unit-spell-semantics	unit-spell-mechanics:1848651859:1093677653		callback is covered by normalized scripted unit-spell semantics	1464951
CallbackSingle_doAfter_RaceNatureAbilities_call_doAfter_RaceNatureAbilities	normalized-unit-spell-semantics	unit-spell-mechanics:1848652342:1093681968		callback is covered by normalized scripted unit-spell semantics	1467857
CallbackSingle_doAfter_RaceNatureAbilities_call_doAfter_RaceNatureAbilities1	normalized-unit-spell-semantics	unit-spell-mechanics:1848652344:1093681969		callback is covered by normalized scripted unit-spell semantics	1468095
CallbackSingle_doAfter_RaceNatureAbilities_call_doAfter_RaceNatureAbilities2	normalized-unit-spell-semantics	unit-spell-mechanics:1697656886:1093677108		callback is covered by normalized scripted unit-spell semantics	1468334
CallbackSingle_doAfter_RaceNatureAbilities_call_doAfter_RaceNatureAbilities3	normalized-unit-spell-semantics	unit-spell-mechanics:1697656889:1093681748		callback is covered by normalized scripted unit-spell semantics	1468573
CallbackSingle_doAfter_RaceNatureAbilities_call_doAfter_RaceNatureAbilities4	normalized-unit-spell-semantics	unit-spell-mechanics:1697656899:1093681752		callback is covered by normalized scripted unit-spell semantics	1469252
CallbackSingle_doAfter_RaceNatureAbilities_call_doAfter_RaceNatureAbilities5	normalized-unit-spell-semantics	unit-spell-mechanics:1848652119:1093681494		callback is covered by normalized scripted unit-spell semantics	1470737
CallbackSingle_doAfter_RaceNatureAbilities_call_doAfter_RaceNatureAbilities6	normalized-unit-spell-semantics	unit-spell-mechanics:1697656902:1093681738		callback is covered by normalized scripted unit-spell semantics	1471367
CallbackSingle_doAfter_RaceNelfAbilities_call_doAfter_RaceNelfAbilities	normalized-gameplay-semantics	building-spell-mechanics:dummy-immediate-area-ability		callback is covered by importer-facing normalized gameplay semantics	1478352
CallbackSingle_doAfter_RaceNelfAbilities_call_doAfter_RaceNelfAbilities1	normalized-unit-spell-semantics	unit-spell-mechanics:1697656880:1093681991		callback is covered by normalized scripted unit-spell semantics	1479366
CallbackSingle_doAfter_RaceNorthernAbilities_call_doAfter_RaceNorthernAbilities	presentation-only			visual/UI/audio/chat/animation/weather presentation callback without authoritative gameplay mutation	1486198
CallbackSingle_doAfter_RaceNorthernAbilities_call_doAfter_RaceNorthernAbilities1	normalized-gameplay-semantics	building-spell-mechanics:moving-orb-field		callback is covered by importer-facing normalized gameplay semantics	1486938
CallbackSingle_doAfter_RaceOrcAbilities_call_doAfter_RaceOrcAbilities	presentation-only			visual/UI/audio/chat/animation/weather presentation callback without authoritative gameplay mutation	1491416
CallbackSingle_doAfter_RaceOrcAbilities_call_doAfter_RaceOrcAbilities1	presentation-only			visual/UI/audio/chat/animation/weather presentation callback without authoritative gameplay mutation	1491696
CallbackSingle_doAfter_RaceOrcAbilities_call_doAfter_RaceOrcAbilities2	presentation-only			visual/UI/audio/chat/animation/weather presentation callback without authoritative gameplay mutation	1491977
CallbackSingle_doAfter_RaceOrcAbilities_call_doAfter_RaceOrcAbilities3	presentation-only			visual/UI/audio/chat/animation/weather presentation callback without authoritative gameplay mutation	1492258
CallbackSingle_doAfter_RaceUndeadAbilities_call_doAfter_RaceUndeadAbilities	presentation-only			visual/UI/audio/chat/animation/weather presentation callback without authoritative gameplay mutation	1496166
CallbackSingle_doAfter_ReengageRuntime_call_doAfter_ReengageRuntime	normalized-gameplay-semantics	building-spell-mechanics:dummy-target-ability,building-spell-mechanics:uniform-random-effect-table		callback is covered by importer-facing normalized gameplay semantics	1503816
CallbackSingle_doAfter_ReengageRuntime_call_doAfter_ReengageRuntime1	normalized-gameplay-semantics	production-unit-special-mechanics:automatic-defend-state-maintenance		callback is covered by importer-facing normalized gameplay semantics	1504845
CallbackSingle_doAfter_RescueStrikeRuntime_call_doAfter_RescueStrikeRuntime	normalized-gameplay-dispatch	runtime-system-mechanics:rescue-strike	CallbackSingle_doAfter_RescueStrikeRuntime_call_doAfter_RescueStrikeRuntime -> finishRescueStrike	callback is covered by importer-facing normalized gameplay semantics; reached through an exact named-call path of at most three edges	1505903
CallbackSingle_doAfter_RescueStrikeRuntime_call_doAfter_RescueStrikeRuntime1	normalized-gameplay-semantics	runtime-system-mechanics:rescue-strike		callback is covered by importer-facing normalized gameplay semantics	1506218
CallbackSingle_doAfter_RescueStrikeTarget_BuilderAIStates_call_doAfter_RescueStrikeTarget_BuilderAIStates	normalized-ai-runtime-semantics	runtime-ai-mechanics:ai-executor-periodic-fsm		callback is covered by normalized AI runtime semantics	514653
CallbackSingle_doAfter_RoundEndRuntime_call_doAfter_RoundEndRuntime	normalized-session-runtime-dispatch	runtime-session-mechanics:round-end-review-countdown	CallbackSingle_doAfter_RoundEndRuntime_call_doAfter_RoundEndRuntime -> finishRoundCleanup -> beginNextRoundReview	callback is covered by normalized player-session semantics; reached through an exact named-call path of at most three edges	1510258
CallbackSingle_doAfter_RoundStatsBoard_call_doAfter_RoundStatsBoard	presentation-only			visual/UI/audio/chat/animation/weather presentation callback without authoritative gameplay mutation	1515965
CallbackSingle_doAfter_RuntimeLedger_call_doAfter_RuntimeLedger	normalized-integrity-runtime-semantics	runtime-system-mechanics:protected-runtime-ledger-integrity-penalty		callback is covered by the statically decoded protected RuntimeLedger integrity/tamper-response scheduler	1540400
CallbackSingle_doAfter_SoundDefinition_SoundUtils_call_doAfter_SoundDefinition_SoundUtils	presentation-only			visual/UI/audio/chat/animation/weather presentation callback without authoritative gameplay mutation	1561598
CallbackSingle_doAfter_SpamPrevention_call_doAfter_SpamPrevention	normalized-gameplay-semantics	runtime-system-mechanics:external-unit-order-suppression		callback is covered by importer-facing normalized gameplay semantics	1562508
CallbackSingle_doAfter_SpecialAttackRuntime_call_doAfter_SpecialAttackRuntime	normalized-gameplay-semantics	building-improvement-spawn-mechanics:unreachable-production-spawn-branch-keyed-by-A0EL		callback is covered by importer-facing normalized gameplay semantics	1564030
CallbackSingle_doAfter_SpellHelpers_call_doAfter_SpellHelpers	gameplay-framework-infrastructure			generic pathing/event/task/dummy/preload or perk-index dispatch infrastructure; concrete mechanics are normalized at handlers	1565273
CallbackSingle_doAfter_SpellHelpers_call_doAfter_SpellHelpers1	gameplay-framework-infrastructure			generic pathing/event/task/dummy/preload or perk-index dispatch infrastructure; concrete mechanics are normalized at handlers	1565510
CallbackSingle_doAfter_SpellHelpers_call_doAfter_SpellHelpers2	gameplay-framework-infrastructure			generic pathing/event/task/dummy/preload or perk-index dispatch infrastructure; concrete mechanics are normalized at handlers	1565760
CallbackSingle_doAfter_SpellHelpers_call_doAfter_SpellHelpers3	gameplay-framework-infrastructure			generic pathing/event/task/dummy/preload or perk-index dispatch infrastructure; concrete mechanics are normalized at handlers	1566012
CallbackSingle_doAfter_SpellHelpers_call_doAfter_SpellHelpers4	gameplay-framework-infrastructure			generic pathing/event/task/dummy/preload or perk-index dispatch infrastructure; concrete mechanics are normalized at handlers	1566252
CallbackSingle_doAfter_SpellHelpers_call_doAfter_SpellHelpers5	gameplay-framework-infrastructure			generic pathing/event/task/dummy/preload or perk-index dispatch infrastructure; concrete mechanics are normalized at handlers	1566506
CallbackSingle_doAfter_SpellHelpers_call_doAfter_SpellHelpers6	gameplay-framework-infrastructure			generic pathing/event/task/dummy/preload or perk-index dispatch infrastructure; concrete mechanics are normalized at handlers	1566760
CallbackSingle_doAfter_SpellHelpers_call_doAfter_SpellHelpers7	gameplay-framework-infrastructure			generic pathing/event/task/dummy/preload or perk-index dispatch infrastructure; concrete mechanics are normalized at handlers	1567014
CallbackSingle_doAfter_StasisTrap_call_doAfter_StasisTrap	normalized-gameplay-semantics	runtime-system-mechanics:stasis-totem-global-setup		callback is covered by importer-facing normalized gameplay semantics	1567258
CallbackSingle_doAfter_SyncSystem_call_doAfter_SyncSystem	sync-framework-infrastructure			sync-message delivery/leave-hook infrastructure rather than an independent gameplay rule	1572940
CallbackSingle_doAfter_SyncSystem_call_doAfter_SyncSystem1	normalized-gameplay-semantics	runtime-system-mechanics:building-unit-synchronization		callback is covered by importer-facing normalized gameplay semantics	1574474
CallbackSingle_doAfter_SyncSystem_call_doAfter_SyncSystem2	normalized-gameplay-semantics	runtime-system-mechanics:building-unit-synchronization		callback is covered by importer-facing normalized gameplay semantics	1574697
CallbackSingle_doAfter_SyncSystem_call_doAfter_SyncSystem3	sync-framework-infrastructure			sync-message delivery/leave-hook infrastructure rather than an independent gameplay rule	1575884
CallbackSingle_doAfter_TaskQueue_TaskQueue_call_doAfter_TaskQueue_TaskQueue	gameplay-framework-infrastructure			generic pathing/event/task/dummy/preload or perk-index dispatch infrastructure; concrete mechanics are normalized at handlers	1636806
CallbackSingle_doAfter_TaskQueue_TaskQueue_call_doAfter_TaskQueue_TaskQueue1	gameplay-framework-infrastructure			generic pathing/event/task/dummy/preload or perk-index dispatch infrastructure; concrete mechanics are normalized at handlers	1637058
CallbackSingle_doAfter_TeamVote_Commands_call_doAfter_TeamVote_Commands	normalized-session-runtime-semantics	runtime-session-mechanics:team-forfeit-vote		callback is covered by normalized player-session semantics	994846
CallbackSingle_doAfter_ThunderpawSpire_call_doAfter_ThunderpawSpire	normalized-gameplay-semantics	building-spell-mechanics:armed-next-melee-attack-splash		callback is covered by importer-facing normalized gameplay semantics	1641314
CallbackSingle_doAfter_TowerRange_call_doAfter_TowerRange	presentation-only			visual/UI/audio/chat/animation/weather presentation callback without authoritative gameplay mutation	1649458
CallbackSingle_doAfter_UnitEnterRuntime_call_doAfter_UnitEnterRuntime	normalized-gameplay-semantics	production-unit-special-mechanics:auto-spawn-tree-and-grab-war-club		callback is covered by importer-facing normalized gameplay semantics	1652908
CallbackSingle_doAfter_UnitEnterRuntime_call_doAfter_UnitEnterRuntime1	gameplay-framework-infrastructure			generic pathing/event/task/dummy/preload or perk-index dispatch infrastructure; concrete mechanics are normalized at handlers	1653529
CallbackSingle_doAfter_UnitTrainingRuntime_call_doAfter_UnitTrainingRuntime	normalized-gameplay-semantics	runtime-system-mechanics:trained-unit-pathing-recovery		callback is covered by importer-facing normalized gameplay semantics	1661152
CallbackSingle_doAfter_UnitTrainingRuntime_call_doAfter_UnitTrainingRuntime1	normalized-gameplay-semantics	runtime-system-mechanics:trained-unit-pathing-recovery		callback is covered by importer-facing normalized gameplay semantics	1661433
CallbackSingle_doAfter_UnitTrainingRuntime_call_doAfter_UnitTrainingRuntime2	normalized-gameplay-semantics	runtime-system-mechanics:trained-unit-pathing-recovery		callback is covered by importer-facing normalized gameplay semantics	1661713
CallbackSingle_doAfter_W3Champions_call_doAfter_W3Champions	normalized-mode-runtime-semantics	runtime-mode-mechanics:w3champions-ladder-bootstrap		callback is covered by normalized mode runtime semantics	1663784
CallbackSingle_doAfter_W3Champions_call_doAfter_W3Champions1	presentation-only			visual/UI/audio/chat/animation/weather presentation callback without authoritative gameplay mutation	1665153
CallbackSingle_doAfter_Whirlwind_call_doAfter_Whirlwind	normalized-gameplay-semantics	production-unit-special-mechanics:attack-proc-ground-whirlwind-aoe		callback is covered by importer-facing normalized gameplay semantics	1665852
CallbackSingle_doAfter_addAction_IncomeRuntime_call_doAfter_addAction_IncomeRuntime	normalized-gameplay-semantics	runtime-system-mechanics:building-income-synchronization		callback is covered by importer-facing normalized gameplay semantics	1219956
CallbackSingle_doAfter_addAction_IncomeRuntime_call_doAfter_addAction_IncomeRuntime1	normalized-gameplay-semantics	runtime-system-mechanics:building-income-synchronization		callback is covered by importer-facing normalized gameplay semantics	1220222
CallbackSingle_doAfter_addListener_doAfter_ThunderpawSpire_call_doAfter_addListener_doAfter_ThunderpawSpire	normalized-gameplay-semantics	building-spell-mechanics:armed-next-melee-attack-splash		callback is covered by importer-facing normalized gameplay semantics	1647137
CallbackSingle_doAfter_addListener_doAfter_ThunderpawSpire_call_doAfter_addListener_doAfter_ThunderpawSpire1	normalized-gameplay-semantics	production-unit-special-mechanics:damage-triggered-echo-step-and-remnant		callback is covered by importer-facing normalized gameplay semantics	1648102
CallbackSingle_doAfter_addListener_doAfter_ThunderpawSpire_call_doAfter_addListener_doAfter_ThunderpawSpire2	normalized-gameplay-semantics	runtime-system-mechanics:celestial-chi-tower-impact-vision		callback is covered by importer-facing normalized gameplay semantics	1648386
CallbackSingle_doAfter_add_FireElemental_call_doAfter_add_FireElemental	normalized-gameplay-dispatch	runtime-system-mechanics:power-plant-power-surge	CallbackSingle_doAfter_add_FireElemental_call_doAfter_add_FireElemental -> applyPowerArmor	callback is covered by importer-facing normalized gameplay semantics; reached through an exact named-call path of at most three edges	1197325
CallbackSingle_doAfter_add_doAfter_FixDefend_call_doAfter_add_doAfter_FixDefend	normalized-gameplay-semantics	production-unit-special-mechanics:automatic-defend-state-maintenance		callback is covered by importer-facing normalized gameplay semantics	1198369
CallbackSingle_doAfter_add_doAfter_MMDData_call_doAfter_add_doAfter_MMDData	telemetry-infrastructure			MMD/statistics initialization or reporting infrastructure	1290700
CallbackSingle_doAfter_doAfter_AiFullGameE2E_call_doAfter_doAfter_AiFullGameE2E	e2e-only			generated end-to-end/smoke-test callback; not production gameplay semantics	471879
CallbackSingle_doAfter_doAfter_BuildingCatalogE2E_call_doAfter_doAfter_BuildingCatalogE2E	e2e-only			generated end-to-end/smoke-test callback; not production gameplay semantics	525125
CallbackSingle_doAfter_doAfter_BuildingCatalogE2E_call_doAfter_doAfter_BuildingCatalogE2E1	e2e-only			generated end-to-end/smoke-test callback; not production gameplay semantics	534192
CallbackSingle_doAfter_doAfter_BuildingCatalogE2E_call_doAfter_doAfter_BuildingCatalogE2E2	e2e-only			generated end-to-end/smoke-test callback; not production gameplay semantics	535251
CallbackSingle_doAfter_doAfter_BuildingCatalogE2E_call_doAfter_doAfter_BuildingCatalogE2E3	e2e-only			generated end-to-end/smoke-test callback; not production gameplay semantics	540014
CallbackSingle_doAfter_doAfter_BuildingCatalogE2E_call_doAfter_doAfter_BuildingCatalogE2E4	e2e-only			generated end-to-end/smoke-test callback; not production gameplay semantics	543312
CallbackSingle_doAfter_doAfter_BuildingCatalogE2E_call_doAfter_doAfter_BuildingCatalogE2E5	e2e-only			generated end-to-end/smoke-test callback; not production gameplay semantics	551200
CallbackSingle_doAfter_doAfter_BuildingCatalogE2E_call_doAfter_doAfter_BuildingCatalogE2E6	e2e-only			generated end-to-end/smoke-test callback; not production gameplay semantics	570872
CallbackSingle_doAfter_doAfter_BuildingCatalogE2E_call_doAfter_doAfter_BuildingCatalogE2E7	e2e-only			generated end-to-end/smoke-test callback; not production gameplay semantics	577448
CallbackSingle_doAfter_doAfter_CampaignSmokeTest_call_doAfter_doAfter_CampaignSmokeTest	e2e-only			generated end-to-end/smoke-test callback; not production gameplay semantics	690997
CallbackSingle_doAfter_doAfter_CampaignSmokeTest_call_doAfter_doAfter_CampaignSmokeTest1	e2e-only			generated end-to-end/smoke-test callback; not production gameplay semantics	696042
CallbackSingle_doAfter_doAfter_CampaignSmokeTest_call_doAfter_doAfter_CampaignSmokeTest2	e2e-only			generated end-to-end/smoke-test callback; not production gameplay semantics	697457
CallbackSingle_doAfter_doAfter_CampaignSmokeTest_call_doAfter_doAfter_CampaignSmokeTest3	e2e-only			generated end-to-end/smoke-test callback; not production gameplay semantics	701427
CallbackSingle_doAfter_doAfter_CampaignUiE2E_call_doAfter_doAfter_CampaignUiE2E	e2e-only			generated end-to-end/smoke-test callback; not production gameplay semantics	946795
CallbackSingle_doAfter_doAfter_CampaignUiE2E_call_doAfter_doAfter_CampaignUiE2E1	e2e-only			generated end-to-end/smoke-test callback; not production gameplay semantics	947845
CallbackSingle_doAfter_doAfter_MMDData_call_doAfter_doAfter_MMDData	presentation-only			visual/UI/audio/chat/animation/weather presentation callback without authoritative gameplay mutation	1287522
CallbackSingle_doAfter_doAfter_ModeRuntimeE2E_call_doAfter_doAfter_ModeRuntimeE2E	e2e-only			generated end-to-end/smoke-test callback; not production gameplay semantics	1321642
CallbackSingle_doAfter_doAfter_RaceDesertAbilities_call_doAfter_doAfter_RaceDesertAbilities	normalized-unit-spell-semantics	unit-spell-mechanics:1848652377:1093683010		callback is covered by normalized scripted unit-spell semantics	1429722
CallbackSingle_doAfter_doAfter_RaceHumanAbilities_call_doAfter_doAfter_RaceHumanAbilities	normalized-unit-spell-semantics	unit-spell-mechanics:1747989315:1093677899		callback is covered by normalized scripted unit-spell semantics	1450066
CallbackSingle_doAfter_doAfter_RaceHumanAbilities_call_doAfter_doAfter_RaceHumanAbilities1	normalized-unit-spell-semantics	unit-spell-mechanics:1848651829:1093677131		callback is covered by normalized scripted unit-spell semantics	1450634
CallbackSingle_doAfter_doAfter_RaceHumanAbilities_call_doAfter_doAfter_RaceHumanAbilities2	normalized-unit-spell-semantics	unit-spell-mechanics:1747990324:1093683504		callback is covered by normalized scripted unit-spell semantics	1451997
CallbackSingle_doAfter_doAfter_RaceNagaAbilities_call_doAfter_doAfter_RaceNagaAbilities	normalized-unit-spell-semantics	unit-spell-mechanics:1848651859:1093677653		callback is covered by normalized scripted unit-spell semantics	1465318
CallbackSingle_doAfter_doAfter_RaceNatureAbilities_call_doAfter_doAfter_RaceNatureAbilities	normalized-unit-spell-semantics	unit-spell-mechanics:1697656889:1093681748		callback is covered by normalized scripted unit-spell semantics	1468945
CallbackSingle_doAfter_doAfter_RaceNatureAbilities_call_doAfter_doAfter_RaceNatureAbilities1	normalized-unit-spell-semantics	unit-spell-mechanics:1697656899:1093681752		callback is covered by normalized scripted unit-spell semantics	1470204
CallbackSingle_doAfter_doAfter_RaceNatureAbilities_call_doAfter_doAfter_RaceNatureAbilities2	normalized-unit-spell-semantics	unit-spell-mechanics:1848652119:1093681494		callback is covered by normalized scripted unit-spell semantics	1471065
CallbackSingle_doAfter_doAfter_RaceNorthernAbilities_call_doAfter_doAfter_RaceNorthernAbilities	presentation-only			visual/UI/audio/chat/animation/weather presentation callback without authoritative gameplay mutation	1487791
CallbackSingle_doAfter_doAfter_RaceOrcAbilities_call_doAfter_doAfter_RaceOrcAbilities	presentation-only			visual/UI/audio/chat/animation/weather presentation callback without authoritative gameplay mutation	1492613
CallbackSingle_doAfter_doAfter_ReengageRuntime_call_doAfter_doAfter_ReengageRuntime	normalized-gameplay-semantics	building-spell-mechanics:dummy-target-ability,building-spell-mechanics:uniform-random-effect-table		callback is covered by importer-facing normalized gameplay semantics	1504206
CallbackSingle_doAfter_doAfter_ReengageRuntime_call_doAfter_doAfter_ReengageRuntime1	normalized-gameplay-semantics	production-unit-special-mechanics:automatic-defend-state-maintenance		callback is covered by importer-facing normalized gameplay semantics	1505218
CallbackSingle_doAfter_doAfter_UnitEnterRuntime_call_doAfter_doAfter_UnitEnterRuntime	normalized-gameplay-semantics	production-unit-special-mechanics:auto-spawn-tree-and-grab-war-club		callback is covered by importer-facing normalized gameplay semantics	1653252
CallbackSingle_doAfter_doAfter_W3Champions_call_doAfter_doAfter_W3Champions	normalized-mode-runtime-semantics	runtime-mode-mechanics:w3champions-ladder-bootstrap		callback is covered by normalized mode runtime semantics	1664705
CallbackSingle_doAfter_doAfter_W3Champions_call_doAfter_doAfter_W3Champions1	normalized-mode-runtime-semantics	runtime-mode-mechanics:w3champions-ladder-bootstrap		callback is covered by normalized mode runtime semantics	1664940
CallbackSingle_doAfter_doAfter_addListener_doAfter_ThunderpawSpire_call_doAfter_doAfter_addListener_doAfter_ThunderpawSpire	normalized-gameplay-semantics	runtime-system-mechanics:celestial-chi-tower-impact-vision		callback is covered by importer-facing normalized gameplay semantics	1649066
CallbackSingle_doAfter_doAfter_doAfter_BuildingCatalogE2E_call_doAfter_doAfter_doAfter_BuildingCatalogE2E	e2e-only			generated end-to-end/smoke-test callback; not production gameplay semantics	536776
CallbackSingle_doAfter_doAfter_doAfter_BuildingCatalogE2E_call_doAfter_doAfter_doAfter_BuildingCatalogE2E1	e2e-only			generated end-to-end/smoke-test callback; not production gameplay semantics	541023
CallbackSingle_doAfter_doAfter_doAfter_BuildingCatalogE2E_call_doAfter_doAfter_doAfter_BuildingCatalogE2E2	e2e-only			generated end-to-end/smoke-test callback; not production gameplay semantics	544391
CallbackSingle_doAfter_doAfter_doAfter_CampaignSmokeTest_call_doAfter_doAfter_doAfter_CampaignSmokeTest	e2e-only			generated end-to-end/smoke-test callback; not production gameplay semantics	692081
CallbackSingle_doAfter_doAfter_doAfter_CampaignSmokeTest_call_doAfter_doAfter_doAfter_CampaignSmokeTest1	e2e-only			generated end-to-end/smoke-test callback; not production gameplay semantics	696476
CallbackSingle_doAfter_doAfter_doAfter_CampaignSmokeTest_call_doAfter_doAfter_doAfter_CampaignSmokeTest2	e2e-only			generated end-to-end/smoke-test callback; not production gameplay semantics	698270
CallbackSingle_doAfter_doAfter_doAfter_CampaignSmokeTest_call_doAfter_doAfter_doAfter_CampaignSmokeTest3	e2e-only			generated end-to-end/smoke-test callback; not production gameplay semantics	701851
CallbackSingle_doAfter_doAfter_doAfter_CampaignUiE2E_call_doAfter_doAfter_doAfter_CampaignUiE2E	e2e-only			generated end-to-end/smoke-test callback; not production gameplay semantics	948322
CallbackSingle_doAfter_doAfter_doAfter_RaceHumanAbilities_call_doAfter_doAfter_doAfter_RaceHumanAbilities	normalized-unit-spell-semantics	unit-spell-mechanics:1848651829:1093677131		callback is covered by normalized scripted unit-spell semantics	1451036
CallbackSingle_doAfter_doAfter_doAfter_RaceHumanAbilities_call_doAfter_doAfter_doAfter_RaceHumanAbilities1	normalized-unit-spell-semantics	unit-spell-mechanics:1747990324:1093683504		callback is covered by normalized scripted unit-spell semantics	1452983
CallbackSingle_doAfter_doAfter_doAfter_RaceNorthernAbilities_call_doAfter_doAfter_doAfter_RaceNorthernAbilities	presentation-only			visual/UI/audio/chat/animation/weather presentation callback without authoritative gameplay mutation	1488132
CallbackSingle_doAfter_doAfter_doAfter_ReengageRuntime_call_doAfter_doAfter_doAfter_ReengageRuntime	normalized-gameplay-semantics	building-spell-mechanics:dummy-target-ability,building-spell-mechanics:uniform-random-effect-table		callback is covered by importer-facing normalized gameplay semantics	1504592
CallbackSingle_doAfter_doAfter_doAfter_doAfter_BuildingCatalogE2E_call_doAfter_doAfter_doAfter_doAfter_BuildingCatalogE2E	e2e-only			generated end-to-end/smoke-test callback; not production gameplay semantics	537433
CallbackSingle_doAfter_doAfter_doAfter_doAfter_BuildingCatalogE2E_call_doAfter_doAfter_doAfter_doAfter_BuildingCatalogE2E1	e2e-only			generated end-to-end/smoke-test callback; not production gameplay semantics	544973
CallbackSingle_doAfter_doAfter_doAfter_doAfter_CampaignSmokeTest_call_doAfter_doAfter_doAfter_doAfter_CampaignSmokeTest	e2e-only			generated end-to-end/smoke-test callback; not production gameplay semantics	692931
CallbackSingle_doAfter_doAfter_doAfter_doAfter_CampaignSmokeTest_call_doAfter_doAfter_doAfter_doAfter_CampaignSmokeTest1	e2e-only			generated end-to-end/smoke-test callback; not production gameplay semantics	699145
CallbackSingle_doAfter_doAfter_doAfter_doAfter_CampaignUiE2E_call_doAfter_doAfter_doAfter_doAfter_CampaignUiE2E	e2e-only			generated end-to-end/smoke-test callback; not production gameplay semantics	948899
CallbackSingle_doAfter_doAfter_doAfter_doAfter_doAfter_CampaignSmokeTest_call_doAfter_doAfter_doAfter_doAfter_doAfter_CampaignSmokeTest	e2e-only			generated end-to-end/smoke-test callback; not production gameplay semantics	693674
CallbackSingle_doAfter_doAfter_doAfter_doAfter_doAfter_CampaignSmokeTest_call_doAfter_doAfter_doAfter_doAfter_doAfter_CampaignSmokeTest1	e2e-only			generated end-to-end/smoke-test callback; not production gameplay semantics	699815
CallbackSingle_doAfter_doAfter_doAfter_doAfter_doAfter_CampaignUiE2E_call_doAfter_doAfter_doAfter_doAfter_doAfter_CampaignUiE2E	e2e-only			generated end-to-end/smoke-test callback; not production gameplay semantics	949491
CallbackSingle_doAfter_doAfter_doAfter_doAfter_doAfter_doAfter_CampaignSmokeTest_call_doAfter_doAfter_doAfter_doAfter_doAfter_doAfter_CampaignSmokeTest	e2e-only			generated end-to-end/smoke-test callback; not production gameplay semantics	694960
CallbackSingle_doAfter_doAfter_doAfter_doAfter_doAfter_doAfter_CampaignSmokeTest_call_doAfter_doAfter_doAfter_doAfter_doAfter_doAfter_CampaignSmokeTest1	e2e-only			generated end-to-end/smoke-test callback; not production gameplay semantics	700423
CallbackSingle_doAfter_doAfter_doAfter_doAfter_doAfter_doAfter_CampaignUiE2E_call_doAfter_doAfter_doAfter_doAfter_doAfter_doAfter_CampaignUiE2E	e2e-only			generated end-to-end/smoke-test callback; not production gameplay semantics	949963
CallbackSingle_doAfter_onUnitIndex_GobboController_call_doAfter_onUnitIndex_GobboController	normalized-gameplay-dispatch	runtime-system-mechanics:support-order-controller	CallbackSingle_doAfter_onUnitIndex_GobboController_call_doAfter_onUnitIndex_GobboController -> ensureSupportOrderTask	callback is covered by importer-facing normalized gameplay semantics; reached through an exact named-call path of at most three edges	1203145
CallbackSingle_doAfter_onUnitIndex_GobboTimedLife_call_doAfter_onUnitIndex_GobboTimedLife	normalized-gameplay-dispatch	runtime-system-mechanics:support-order-controller	CallbackSingle_doAfter_onUnitIndex_GobboTimedLife_call_doAfter_onUnitIndex_GobboTimedLife -> applyGobboTimedLife	callback is covered by importer-facing normalized gameplay semantics; reached through an exact named-call path of at most three edges	1204953
CallbackSingle_doAfter_registerMode_ModeParser_ModeParser_call_doAfter_registerMode_ModeParser_ModeParser	normalized-mode-runtime-semantics	runtime-mode-mechanics:mode-selection-controller-and-registry		callback is covered by normalized mode runtime semantics	1311137
CallbackSingle_doAfter_registerMode_ModeParser_ModeParser_call_doAfter_registerMode_ModeParser_ModeParser1	normalized-mode-runtime-semantics	runtime-mode-mechanics:mode-selection-controller-and-registry		callback is covered by normalized mode runtime semantics	1311883
CallbackSingle_doAfter_register_CastleFightE2E_call_doAfter_register_CastleFightE2E	e2e-only			generated end-to-end/smoke-test callback; not production gameplay semantics	955362
CallbackSingle_nullTimer_AiUnitStats_call_nullTimer_AiUnitStats	ai-runtime-infrastructure			AI catalog/stat capture infrastructure rather than a gameplay mutation rule	474363
CallbackSingle_nullTimer_ClosureEvents_call_nullTimer_ClosureEvents	gameplay-framework-infrastructure			generic pathing/event/task/dummy/preload or perk-index dispatch infrastructure; concrete mechanics are normalized at handlers	962520
CallbackSingle_nullTimer_MMD_call_nullTimer_MMD	telemetry-infrastructure			MMD/statistics initialization or reporting infrastructure	1291126
CallbackSingle_nullTimer_OnUnitEnterLeave_call_nullTimer_OnUnitEnterLeave	gameplay-framework-infrastructure			generic pathing/event/task/dummy/preload or perk-index dispatch infrastructure; concrete mechanics are normalized at handlers	1357944
CallbackSingle_nullTimer_Preloader_call_nullTimer_Preloader	gameplay-framework-infrastructure			generic pathing/event/task/dummy/preload or perk-index dispatch infrastructure; concrete mechanics are normalized at handlers	1417690
CallbackSingle_nullTimer_SnowveilFountain_call_nullTimer_SnowveilFountain	normalized-gameplay-semantics	building-spell-mechanics:team-snowfield		callback is covered by importer-facing normalized gameplay semantics	1554285
CallbackSingle_nullTimer_SoundDefinition_SoundUtils_call_nullTimer_SoundDefinition_SoundUtils	presentation-only			visual/UI/audio/chat/animation/weather presentation callback without authoritative gameplay mutation	1561002
CallbackSingle_nullTimer_SoundDefinition_SoundUtils_call_nullTimer_SoundDefinition_SoundUtils1	presentation-only			visual/UI/audio/chat/animation/weather presentation callback without authoritative gameplay mutation	1561297
CallbackSingle_nullTimer_SyncSystem_call_nullTimer_SyncSystem	normalized-gameplay-semantics	runtime-system-mechanics:building-unit-synchronization		callback is covered by importer-facing normalized gameplay semantics	1573943
CallbackSingle_nullTimer_SyncSystem_call_nullTimer_SyncSystem1	normalized-gameplay-semantics	runtime-system-mechanics:building-unit-synchronization		callback is covered by importer-facing normalized gameplay semantics	1574231
CallbackSingle_nullTimer_TeamCompositionStats_call_nullTimer_TeamCompositionStats	normalized-ai-runtime-semantics	runtime-ai-mechanics:ai-team-production-sync-targeting		callback is covered by normalized AI runtime semantics	1637321
CallbackSingle_nullTimer_TeamCompositionStats_call_nullTimer_TeamCompositionStats1	normalized-ai-runtime-semantics	runtime-ai-mechanics:ai-team-production-sync-targeting		callback is covered by normalized AI runtime semantics	1637618
CallbackSingle_nullTimer_TeamCompositionStats_call_nullTimer_TeamCompositionStats2	normalized-ai-runtime-semantics	runtime-ai-mechanics:ai-team-production-sync-targeting		callback is covered by normalized AI runtime semantics	1637926
CallbackSingle_nullTimer_TeamCompositionStats_call_nullTimer_TeamCompositionStats3	normalized-ai-runtime-semantics	runtime-ai-mechanics:ai-team-production-sync-targeting		callback is covered by normalized AI runtime semantics	1638237
CallbackSingle_nullTimer_TeamCompositionStats_call_nullTimer_TeamCompositionStats4	normalized-ai-runtime-semantics	runtime-ai-mechanics:ai-team-production-sync-targeting		callback is covered by normalized AI runtime semantics	1638530
CallbackSingle_nullTimer_nullTimer_onUnitIndex_PerkBuildingEnchantment_call_nullTimer_nullTimer_onUnitIndex_PerkBuildingEnchantment	normalized-gameplay-semantics	perk-mechanics:perk_14		callback is covered by importer-facing normalized gameplay semantics	1377003
CallbackSingle_nullTimer_nullTimer_onUnitIndex_PerkUtils_call_nullTimer_nullTimer_onUnitIndex_PerkUtils	gameplay-framework-infrastructure			generic pathing/event/task/dummy/preload or perk-index dispatch infrastructure; concrete mechanics are normalized at handlers	1407440
CallbackSingle_nullTimer_onUnitIndex_PerkBuildingEnchantment_call_nullTimer_onUnitIndex_PerkBuildingEnchantment	normalized-gameplay-semantics	perk-mechanics:perk_14		callback is covered by importer-facing normalized gameplay semantics	1376685
CallbackSingle_nullTimer_onUnitIndex_PerkUtils_call_nullTimer_onUnitIndex_PerkUtils	gameplay-framework-infrastructure			generic pathing/event/task/dummy/preload or perk-index dispatch infrastructure; concrete mechanics are normalized at handlers	1406697
