listener_function	coverage_status	candidate_perk_factory	normalized_sources	evidence_note	byte_offset
DamageListener_addListener_AiEngagement_onEvent_addListener_AiEngagement	normalized-ai-runtime-semantics		runtime-ai-mechanics:ai-engagement-damage-signals	listener is referenced by importer-facing normalized AI-runtime semantics and does not rewrite damage	469979
DamageListener_addListener_BuildingCatalogE2E_onEvent_addListener_BuildingCatalogE2E	e2e-only			generated building-catalog end-to-end verification listener; not production gameplay semantics	579792
DamageListener_addListener_CastleProtection_onEvent_addListener_CastleProtection	normalized-gameplay-semantics		runtime-system-mechanics:round-start-castle-protection	listener is referenced by one or more importer-facing normalized gameplay mechanic rows	955835
DamageListener_addListener_CustomAI_onEvent_addListener_CustomAI	normalized-ai-runtime-semantics		runtime-ai-mechanics:ai-rescue-strike-controller	listener is referenced by importer-facing normalized AI-runtime semantics and does not rewrite damage	1007887
DamageListener_addListener_RaceCorrupted_onEvent_addListener_RaceCorrupted	normalized-gameplay-semantics		runtime-system-mechanics:corrupted-eye-of-corruption-spell-vulnerability	listener is referenced by one or more importer-facing normalized gameplay mechanic rows	1428209
DamageListener_addListener_RiptideAttack_onEvent_addListener_RiptideAttack	normalized-gameplay-semantics		production-unit-special-mechanics:attack-damage-flying-target-multiplier	listener is referenced by one or more importer-facing normalized gameplay mechanic rows	1509162
DamageListener_addListener_RoundStatsTracking_onEvent_addListener_RoundStatsTracking	telemetry-only			round statistics observer records damage and does not define a gameplay damage rewrite	1539522
DamageListener_addListener_SnowveilFountain_onEvent_addListener_SnowveilFountain	normalized-gameplay-semantics		building-spell-mechanics:team-snowfield	listener is referenced by one or more importer-facing normalized gameplay mechanic rows	1555957
DamageListener_addListener_TrollBlood_onEvent_addListener_TrollBlood	normalized-gameplay-semantics		production-unit-special-mechanics:damage-triggered-persistent-low-hp-attack-bonus	listener is referenced by one or more importer-facing normalized gameplay mechanic rows	1650761
DamageListener_addListener_doAfter_ObeliskOfLight_onEvent_addListener_doAfter_ObeliskOfLight	normalized-gameplay-semantics		runtime-system-mechanics:obelisk-of-light-cleansing-light	listener is referenced by one or more importer-facing normalized gameplay mechanic rows	1355490
DamageListener_addListener_doAfter_ThunderpawSpire_onEvent_addListener_doAfter_ThunderpawSpire	normalized-gameplay-semantics		building-spell-mechanics:armed-next-melee-attack-splash,production-unit-special-mechanics:damage-triggered-echo-step-and-remnant,production-unit-special-mechanics:retarget-flying-damage-source,runtime-system-mechanics:celestial-chi-tower-impact-vision,runtime-system-mechanics:locust-harpy-structure-damage-penalty	listener is referenced by one or more importer-facing normalized gameplay mechanic rows	1642227
DamageListener_addListener_doAfter_Whirlwind_onEvent_addListener_doAfter_Whirlwind	normalized-gameplay-semantics		production-unit-special-mechanics:attack-proc-ground-whirlwind-aoe	listener is referenced by one or more importer-facing normalized gameplay mechanic rows	1666367
DamageListener_perkListenDamage_PerkBreachingDoctrine_onEvent_perkListenDamage_PerkBreachingDoctrine	normalized-gameplay-semantics	createBreachingDoctrinePerk	perk-mechanics:perk_10	listener is referenced by one or more importer-facing normalized gameplay mechanic rows	1375420
DamageListener_perkListenDamage_PerkContainmentFocus_onEvent_perkListenDamage_PerkContainmentFocus	normalized-gameplay-semantics	createContainmentFocusPerk	perk-mechanics:perk_19	listener is referenced by one or more importer-facing normalized gameplay mechanic rows	1387954
DamageListener_perkListenDamage_PerkManaLeak_onEvent_perkListenDamage_PerkManaLeak	normalized-gameplay-semantics	createManaLeakPerk	perk-mechanics:perk_16	listener is referenced by one or more importer-facing normalized gameplay mechanic rows	1400540
DamageListener_perkListenDamage_PerkSpellsEdge_onEvent_perkListenDamage_PerkSpellsEdge	normalized-gameplay-semantics	createSpellsEdgePerk	perk-mechanics:perk_18	listener is referenced by one or more importer-facing normalized gameplay mechanic rows	1402783
DamageListener_perkListenDamage_PerkTranscendentBlades_onEvent_perkListenDamage_PerkTranscendentBlades	normalized-gameplay-semantics	createTranscendentBladesPerk	perk-mechanics:perk_06	listener is referenced by one or more importer-facing normalized gameplay mechanic rows	1405981
DamageListener_perkListenDamage_setCleanup_PerkCagedAegis_onEvent_perkListenDamage_setCleanup_PerkCagedAegis	normalized-gameplay-semantics	createCagedAegisPerk	perk-mechanics:perk_08	listener is referenced by one or more importer-facing normalized gameplay mechanic rows	1386619
DamageListener_perkListenDamage_setCleanup_PerkExecutionOrder_onEvent_perkListenDamage_setCleanup_PerkExecutionOrder	normalized-gameplay-semantics	createExecutionOrderPerk	perk-mechanics:perk_09	listener is referenced by one or more importer-facing normalized gameplay mechanic rows	1390270
DamageListener_perkListenDamage_setCleanup_PerkGroundControl_onEvent_perkListenDamage_setCleanup_PerkGroundControl	normalized-gameplay-semantics	createGroundControlPerk	perk-mechanics:perk_07	listener is referenced by one or more importer-facing normalized gameplay mechanic rows	1396070
