bucket	building_rawcode	building_rawcode_integer	building_names	source_function	byte_offset
1	h045	1747989557	Altar of Fire	wK	3561312
1	h046	1747989558	Altar of Blaze	wK	3561349
2	h040	1747989552	Rock Pile	wK	3561164
2	h041	1747989553	Greater Fissure	wK	3561201
3	h042	1747989554	Pillar of Globe-Lightning	wK	3561238
3	h044	1747989556	Pillar of St. Elmo's Fire	wK	3561275
4	h03X	1747989336	Water Spring	wK	3561053
4	h03Y	1747989337	Golden Fountain	wK	3561090
4	h03Z	1747989338	Spellbound Fountain	wK	3561127
5	h04A	1747989569	Trapped Gale	wK	3561386
5	h04C	1747989571	Monument of Wind Stream	wK	3561423
5	h04D	1747989572	Zephyros Memorial	wK	3561460
