listener_function	coverage_status	normalized_sources	dispatch_path	evidence_note	byte_offset
EventListener_add_AiItemBuying_onEvent_add_AiItemBuying	normalized-ai-runtime-semantics	runtime-ai-mechanics:ai-strategic-aura-purchase-observer		listener is direct evidence for normalized AI-runtime semantics	473634
EventListener_add_AttachedEffects_onEvent_add_AttachedEffects	presentation-only			visual/UI presentation lifecycle only; does not define authoritative gameplay state	482128
EventListener_add_Blink_onEvent_add_Blink	normalized-gameplay-semantics	runtime-system-mechanics:builder-castle-blink		listener is direct evidence for importer-facing normalized gameplay semantics	483023
EventListener_add_BuildingAttachments_onEvent_add_BuildingAttachments	presentation-only			visual/UI presentation lifecycle only; does not define authoritative gameplay state	516470
EventListener_add_BuildingAttachments_onEvent_add_BuildingAttachments1	presentation-only			visual/UI presentation lifecycle only; does not define authoritative gameplay state	516800
EventListener_add_BuildingAttachments_onEvent_add_BuildingAttachments2	presentation-only			visual/UI presentation lifecycle only; does not define authoritative gameplay state	517131
EventListener_add_BuildingAttachments_onEvent_add_BuildingAttachments3	presentation-only			visual/UI presentation lifecycle only; does not define authoritative gameplay state	517475
EventListener_add_BuildingCatalogE2E_onEvent_add_BuildingCatalogE2E	e2e-only			generated end-to-end/smoke-test listener; not production gameplay semantics	580182
EventListener_add_BuildingCatalogE2E_onEvent_add_BuildingCatalogE2E1	e2e-only			generated end-to-end/smoke-test listener; not production gameplay semantics	580721
EventListener_add_BuildingCatalogE2E_onEvent_add_BuildingCatalogE2E10	e2e-only			generated end-to-end/smoke-test listener; not production gameplay semantics	585431
EventListener_add_BuildingCatalogE2E_onEvent_add_BuildingCatalogE2E11	e2e-only			generated end-to-end/smoke-test listener; not production gameplay semantics	585996
EventListener_add_BuildingCatalogE2E_onEvent_add_BuildingCatalogE2E2	e2e-only			generated end-to-end/smoke-test listener; not production gameplay semantics	581269
EventListener_add_BuildingCatalogE2E_onEvent_add_BuildingCatalogE2E3	e2e-only			generated end-to-end/smoke-test listener; not production gameplay semantics	581558
EventListener_add_BuildingCatalogE2E_onEvent_add_BuildingCatalogE2E4	e2e-only			generated end-to-end/smoke-test listener; not production gameplay semantics	581972
EventListener_add_BuildingCatalogE2E_onEvent_add_BuildingCatalogE2E5	e2e-only			generated end-to-end/smoke-test listener; not production gameplay semantics	582386
EventListener_add_BuildingCatalogE2E_onEvent_add_BuildingCatalogE2E6	e2e-only			generated end-to-end/smoke-test listener; not production gameplay semantics	583171
EventListener_add_BuildingCatalogE2E_onEvent_add_BuildingCatalogE2E7	e2e-only			generated end-to-end/smoke-test listener; not production gameplay semantics	583607
EventListener_add_BuildingCatalogE2E_onEvent_add_BuildingCatalogE2E8	e2e-only			generated end-to-end/smoke-test listener; not production gameplay semantics	584244
EventListener_add_BuildingCatalogE2E_onEvent_add_BuildingCatalogE2E9	e2e-only			generated end-to-end/smoke-test listener; not production gameplay semantics	584888
EventListener_add_BuildingLifecycle_onEvent_add_BuildingLifecycle	normalized-gameplay-dispatch	runtime-system-mechanics:elemental-linker-death-heal	EventListener_add_BuildingLifecycle_onEvent_add_BuildingLifecycle -> onBuildingFinished -> acquireEleBuilding	listener reaches normalized gameplay semantics through an exact named-call path of at most three edges	586620
EventListener_add_BuildingLifecycle_onEvent_add_BuildingLifecycle1	normalized-gameplay-dispatch	runtime-system-mechanics:elemental-linker-death-heal	EventListener_add_BuildingLifecycle_onEvent_add_BuildingLifecycle1 -> onBuildingFinished -> acquireEleBuilding	listener reaches normalized gameplay semantics through an exact named-call path of at most three edges	586920
EventListener_add_BuildingLifecycle_onEvent_add_BuildingLifecycle2	normalized-gameplay-dispatch	runtime-system-mechanics:elemental-linker-death-heal,runtime-system-mechanics:treasure-box-income-multiplier	EventListener_add_BuildingLifecycle_onEvent_add_BuildingLifecycle2 -> migrateBuildingLifecycleOwner	listener reaches normalized gameplay semantics through an exact named-call path of at most three edges	587222
EventListener_add_BuildingSpells_onEvent_add_BuildingSpells	gameplay-framework-infrastructure			generic event-dispatch infrastructure; concrete gameplay semantics are normalized at registered handlers/listeners	612432
EventListener_add_CampaignChallenges_onEvent_add_CampaignChallenges	campaign-runtime-unmodeled			live campaign/challenge control path; explicitly outside current importer-facing mechanics coverage	655162
EventListener_add_CampaignSmokeTest_onEvent_add_CampaignSmokeTest	e2e-only			generated end-to-end/smoke-test listener; not production gameplay semantics	702250
EventListener_add_Campaign_onEvent_add_Campaign	campaign-runtime-unmodeled			live campaign/challenge control path; explicitly outside current importer-facing mechanics coverage	953653
EventListener_add_ChaosPortalRuntime_onEvent_add_ChaosPortalRuntime	normalized-gameplay-dispatch	runtime-system-mechanics:raise-dead-skeleton-randomization	EventListener_add_ChaosPortalRuntime_onEvent_add_ChaosPortalRuntime -> onChaosPortalUnitSummoned	listener reaches normalized gameplay semantics through an exact named-call path of at most three edges	957429
EventListener_add_Commands_onEvent_add_Commands	command-runtime-unmodeled			live command/chat control path; command semantics are not yet normalized	974151
EventListener_add_CompanionSpawning_onEvent_add_CompanionSpawning	normalized-gameplay-semantics	runtime-system-mechanics:heroic-shrine-companion-spawning		listener is direct evidence for importer-facing normalized gameplay semantics	995779
EventListener_add_DamageEvent_onEvent_add_DamageEvent	gameplay-framework-infrastructure			generic event-dispatch infrastructure; concrete gameplay semantics are normalized at registered handlers/listeners	1066809
EventListener_add_DamageEvent_onEvent_add_DamageEvent1	gameplay-framework-infrastructure			generic event-dispatch infrastructure; concrete gameplay semantics are normalized at registered handlers/listeners	1067087
EventListener_add_DraftUIScreen_DraftUI_onEvent_add_DraftUIScreen_DraftUI	presentation-only			visual/UI presentation lifecycle only; does not define authoritative gameplay state	1165806
EventListener_add_FireElemental_onEvent_add_FireElemental	normalized-gameplay-semantics	production-unit-special-mechanics:native-lava-spawn-split-with-child-conversion		listener is direct evidence for importer-facing normalized gameplay semantics	1196667
EventListener_add_GjallarHorn_onEvent_add_GjallarHorn	normalized-gameplay-semantics	runtime-system-mechanics:gjallarhorn-team-count-scaling		listener is direct evidence for importer-facing normalized gameplay semantics	1201295
EventListener_add_GobboController_onEvent_add_GobboController	normalized-gameplay-dispatch	runtime-system-mechanics:support-order-controller	EventListener_add_GobboController_onEvent_add_GobboController -> ensureSupportOrderTask	listener reaches normalized gameplay semantics through an exact named-call path of at most three edges	1203469
EventListener_add_GobboController_onEvent_add_GobboController1	normalized-gameplay-dispatch	runtime-system-mechanics:support-order-controller	EventListener_add_GobboController_onEvent_add_GobboController1 -> ensureSupportOrderTask	listener reaches normalized gameplay semantics through an exact named-call path of at most three edges	1203867
EventListener_add_HumanArtilleryRuntime_onEvent_add_HumanArtilleryRuntime	normalized-gameplay-dispatch	runtime-system-mechanics:human-artillery-auto-bombardment	EventListener_add_HumanArtilleryRuntime_onEvent_add_HumanArtilleryRuntime -> registerHumanArtillery	listener reaches normalized gameplay semantics through an exact named-call path of at most three edges	1216699
EventListener_add_HumanArtilleryRuntime_onEvent_add_HumanArtilleryRuntime1	normalized-gameplay-semantics	runtime-system-mechanics:human-artillery-auto-bombardment		listener is direct evidence for importer-facing normalized gameplay semantics	1217146
EventListener_add_HumanArtilleryRuntime_onEvent_add_HumanArtilleryRuntime2	normalized-gameplay-semantics	runtime-system-mechanics:human-artillery-auto-bombardment		listener is direct evidence for importer-facing normalized gameplay semantics	1217783
EventListener_add_IdleDetectionRuntime_onEvent_add_IdleDetectionRuntime	player-session-runtime-unmodeled			live AFK/leave/autobalance/session control path; explicitly tracked outside unit/spell mechanics	1218991
EventListener_add_IdleDetectionRuntime_onEvent_add_IdleDetectionRuntime1	player-session-runtime-unmodeled			live AFK/leave/autobalance/session control path; explicitly tracked outside unit/spell mechanics	1219437
EventListener_add_ModeParser_onEvent_add_ModeParser	mode-selection-runtime-unmodeled			live map-mode parser/control path; mode semantics are not yet normalized	1294722
EventListener_add_MultiboardEventHooks_onEvent_add_MultiboardEventHooks	presentation-only			visual/UI presentation lifecycle only; does not define authoritative gameplay state	1346499
EventListener_add_PerkUtils_onEvent_add_PerkUtils	normalized-gameplay-semantics	production-unit-special-mechanics:native-lava-spawn-split-with-child-conversion		listener is direct evidence for importer-facing normalized gameplay semantics	1407768
EventListener_add_PlayerLeave_onEvent_add_PlayerLeave	player-session-runtime-unmodeled			live AFK/leave/autobalance/session control path; explicitly tracked outside unit/spell mechanics	1408230
EventListener_add_PowerPlantRuntime_onEvent_add_PowerPlantRuntime	normalized-gameplay-dispatch	runtime-system-mechanics:power-plant-power-surge	EventListener_add_PowerPlantRuntime_onEvent_add_PowerPlantRuntime -> registerPowerPlant	listener reaches normalized gameplay semantics through an exact named-call path of at most three edges	1417097
EventListener_add_RoundStatsTracking_onEvent_add_RoundStatsTracking	telemetry-only			round-stat observer used for statistics/telemetry rather than authoritative mechanic mutation	1539886
EventListener_add_ShopAnnouncements_onEvent_add_ShopAnnouncements	campaign-runtime-unmodeled			live campaign/challenge control path; explicitly outside current importer-facing mechanics coverage	1549665
EventListener_add_ShopAnnouncements_onEvent_add_ShopAnnouncements1	presentation-only			visual/UI presentation lifecycle only; does not define authoritative gameplay state	1551473
EventListener_add_ShopAnnouncements_onEvent_add_ShopAnnouncements2	presentation-only			visual/UI presentation lifecycle only; does not define authoritative gameplay state	1551930
EventListener_add_SummonRuntime_onEvent_add_SummonRuntime	normalized-gameplay-dispatch	production-unit-special-mechanics:automatic-defend-state-maintenance,production-unit-special-mechanics:summon-event-mana-reset,runtime-system-mechanics:support-order-controller	EventListener_add_SummonRuntime_onEvent_add_SummonRuntime -> onSummonedUnit	listener reaches normalized gameplay semantics through an exact named-call path of at most three edges	1570520
EventListener_add_TrainProgressRuntime_onEvent_add_TrainProgressRuntime	presentation-only			visual/UI presentation lifecycle only; does not define authoritative gameplay state	1650413
EventListener_add_UnitTrainingRuntime_onEvent_add_UnitTrainingRuntime	normalized-gameplay-dispatch	production-unit-special-mechanics:train-event-random-initial-mana,production-unit-special-mechanics:train-event-set-exploded-flag,runtime-system-mechanics:blood-fiend-randomization,runtime-system-mechanics:support-order-controller	EventListener_add_UnitTrainingRuntime_onEvent_add_UnitTrainingRuntime -> onUnitTrained	listener reaches normalized gameplay semantics through an exact named-call path of at most three edges	1662037
EventListener_add_UnitTrainingRuntime_onEvent_add_UnitTrainingRuntime1	presentation-only			visual/UI presentation lifecycle only; does not define authoritative gameplay state	1662316
EventListener_add_WurstCommand_onEvent_add_WurstCommand	command-runtime-unmodeled			live command/chat control path; command semantics are not yet normalized	1669415
EventListener_add_doAfter_FixDefend_onEvent_add_doAfter_FixDefend	normalized-gameplay-semantics	production-unit-special-mechanics:automatic-defend-state-maintenance		listener is direct evidence for importer-facing normalized gameplay semantics	1198008
EventListener_add_doAfter_MMDData_onEvent_add_doAfter_MMDData	player-session-runtime-unmodeled			live AFK/leave/autobalance/session control path; explicitly tracked outside unit/spell mechanics	1290152
EventListener_add_doAfter_ObeliskOfLight_onEvent_add_doAfter_ObeliskOfLight	normalized-gameplay-semantics	runtime-system-mechanics:obelisk-of-light-cleansing-light		listener is direct evidence for importer-facing normalized gameplay semantics	1354585
EventListener_add_doAfter_ObeliskOfLight_onEvent_add_doAfter_ObeliskOfLight1	normalized-gameplay-semantics	runtime-system-mechanics:obelisk-of-light-cleansing-light		listener is direct evidence for importer-facing normalized gameplay semantics	1355060
EventListener_add_doAfter_SpamPrevention_onEvent_add_doAfter_SpamPrevention	normalized-gameplay-semantics	runtime-system-mechanics:external-unit-order-suppression		listener is direct evidence for importer-facing normalized gameplay semantics	1563203
EventListener_add_doAfter_SpamPrevention_onEvent_add_doAfter_SpamPrevention1	normalized-gameplay-semantics	runtime-system-mechanics:external-unit-order-suppression		listener is direct evidence for importer-facing normalized gameplay semantics	1563493
EventListener_add_doAfter_SpamPrevention_onEvent_add_doAfter_SpamPrevention2	normalized-gameplay-semantics	runtime-system-mechanics:external-unit-order-suppression		listener is direct evidence for importer-facing normalized gameplay semantics	1563784
EventListener_perkListen_setCleanup_PerkArcaneOvercharge_onEvent_perkListen_setCleanup_PerkArcaneOvercharge	normalized-gameplay-semantics	perk-mechanics:perk_01		listener is direct evidence for importer-facing normalized gameplay semantics	1374339
EventListener_perkListen_setCleanup_PerkBuildingEnchantment_onEvent_perkListen_setCleanup_PerkBuildingEnchantment	normalized-gameplay-semantics	perk-mechanics:perk_14		listener is direct evidence for importer-facing normalized gameplay semantics	1378921
EventListener_perkListen_setCleanup_PerkBuildingEnchantment_onEvent_perkListen_setCleanup_PerkBuildingEnchantment1	normalized-gameplay-semantics	perk-mechanics:perk_14		listener is direct evidence for importer-facing normalized gameplay semantics	1379446
EventListener_perkListen_setCleanup_PerkBuildingEnchantment_onEvent_perkListen_setCleanup_PerkBuildingEnchantment2	normalized-gameplay-semantics	perk-mechanics:perk_17		listener is direct evidence for importer-facing normalized gameplay semantics	1381467
EventListener_perkListen_setCleanup_PerkBuildingEnchantment_onEvent_perkListen_setCleanup_PerkBuildingEnchantment3	normalized-gameplay-semantics	perk-mechanics:perk_17		listener is direct evidence for importer-facing normalized gameplay semantics	1381953
EventListener_perkListen_setCleanup_PerkBuildingEnchantment_onEvent_perkListen_setCleanup_PerkBuildingEnchantment4	normalized-gameplay-semantics	perk-mechanics:perk_17		listener is direct evidence for importer-facing normalized gameplay semantics	1382474
EventListener_perkListen_setCleanup_PerkExecutionOrder_onEvent_perkListen_setCleanup_PerkExecutionOrder	normalized-gameplay-semantics	perk-mechanics:perk_09		listener is direct evidence for importer-facing normalized gameplay semantics	1389722
EventListener_perkListen_setCleanup_PerkLastWallProtocol_onEvent_perkListen_setCleanup_PerkLastWallProtocol	normalized-gameplay-semantics	perk-mechanics:perk_12		listener is direct evidence for importer-facing normalized gameplay semantics	1398040
