target_function	byte_offset	function	containing_call
jD	1764661	main	xpcall
yH	1765432	main	xpcall
dL	1766123	main	xpcall
NH	1766802	main	xpcall
hE	1767491	main	xpcall
DI	1768172	main	xpcall
TL	1768853	main	xpcall
lP	1769536	main	xpcall
FG	1770225	main	xpcall
yD	1770920	main	xpcall
UJ	1771611	main	xpcall
iK	1772294	main	xpcall
hK	1772995	main	xpcall
zE	1773682	main	xpcall
kH	1774365	main	xpcall
ZG	1775058	main	xpcall
EI	1775845	main	xpcall
jK	1776536	main	xpcall
JM	1777231	main	xpcall
cK	1777912	main	xpcall
qG	1778605	main	xpcall
gH	1779288	main	xpcall
vH	1779985	main	xpcall
dI	1780670	main	xpcall
pP	1781359	main	xpcall
NN	1782058	main	xpcall
eL	1782751	main	xpcall
AE	1783450	main	xpcall
aH	1784133	main	xpcall
jG	1784826	main	xpcall
eI	1785529	main	xpcall
ZI	1786224	main	xpcall
YM	1786913	main	xpcall
zD	1787612	main	xpcall
yN	1788317	main	xpcall
BO	1789008	main	xpcall
AI	1789693	main	xpcall
fK	1790382	main	xpcall
XI	1791075	main	xpcall
kJ	1791784	main	xpcall
hJ	1792471	main	xpcall
CO	1793178	main	xpcall
xN	1793871	main	xpcall
iH	1794626	main	xpcall
kD	1795321	main	xpcall
xD	1796032	main	xpcall
DH	1796743	main	xpcall
bG	1797424	main	xpcall
AD	1798135	main	xpcall
ZJ	1798856	main	xpcall
BD	1799553	main	xpcall
pG	1800256	main	xpcall
UL	1801043	main	xpcall
WM	1801736	main	xpcall
KM	1802443	main	xpcall
hH	1803136	main	xpcall
VM	1803839	main	xpcall
LM	1804618	main	xpcall
oO	1805409	main	xpcall
OM	1806084	main	xpcall
PM	1806875	main	xpcall
XM	1807576	main	xpcall
MM	1808275	main	xpcall
SM	1808986	main	xpcall
RM	1809781	main	xpcall
QM	1810478	main	xpcall
TM	1811173	main	xpcall
UM	1811874	main	xpcall
NM	1812571	main	xpcall
iE	1813278	main	xpcall
cL	1813971	main	xpcall
uL	1814662	main	xpcall
LE	1815361	main	xpcall
lF	1816066	main	xpcall
bF	1816765	main	xpcall
MO	1817462	main	xpcall
cF	1818173	main	xpcall
fG	1818868	main	xpcall
HL	1819565	main	xpcall
EL	1820248	main	xpcall
GL	1820953	main	xpcall
qF	1821644	main	xpcall
SI	1822355	main	xpcall
sL	1823056	main	xpcall
CG	1823761	main	xpcall
tL	1824454	main	xpcall
iF	1825161	main	xpcall
GH	1825968	main	xpcall
KI	1826669	main	xpcall
kE	1827440	main	xpcall
XK	1828151	main	xpcall
FI	1828922	main	xpcall
vE	1829705	main	xpcall
PL	1830400	main	xpcall
YE	1831203	main	xpcall
QG	1831906	main	xpcall
QL	1832603	main	xpcall
DG	1833298	main	xpcall
ID	1833995	main	xpcall
WD	1834698	main	xpcall
ND	1835405	main	xpcall
JD	1836108	main	xpcall
nP	1836803	main	xpcall
QI	1837500	main	xpcall
OI	1838215	main	xpcall
uN	1839014	main	xpcall
PI	1839705	main	xpcall
BI	1840416	main	xpcall
WJ	1841111	main	xpcall
XJ	1841814	main	xpcall
ME	1842521	main	xpcall
EH	1843324	main	xpcall
FH	1844127	main	xpcall
RH	1844838	main	xpcall
ML	1845549	main	xpcall
XE	1846264	main	xpcall
fF	1846965	main	xpcall
YD	1847648	main	xpcall
II	1848431	main	xpcall
IG	1849132	main	xpcall
QJ	1849825	main	xpcall
SH	1850518	main	xpcall
OJ	1851207	main	xpcall
tJ	1852002	main	xpcall
CE	1852713	main	xpcall
BJ	1853394	main	xpcall
CJ	1854103	main	xpcall
EJ	1854814	main	xpcall
PJ	1855515	main	xpcall
GJ	1856234	main	xpcall
AJ	1856939	main	xpcall
uJ	1857646	main	xpcall
TJ	1858359	main	xpcall
ZF	1859062	main	xpcall
PH	1859857	main	xpcall
xJ	1860556	main	xpcall
HJ	1861255	main	xpcall
wJ	1861966	main	xpcall
JJ	1862765	main	xpcall
vJ	1863482	main	xpcall
MJ	1864199	main	xpcall
KJ	1865002	main	xpcall
NJ	1865701	main	xpcall
zJ	1866404	main	xpcall
LG	1867119	main	xpcall
KF	1867824	main	xpcall
LF	1868545	main	xpcall
GD	1869252	main	xpcall
eE	1869953	main	xpcall
nO	1870646	main	xpcall
aK	1871343	main	xpcall
ZM	1872046	main	xpcall
HI	1872761	main	xpcall
yF	1873452	main	xpcall
CD	1874153	main	xpcall
tG	1874844	main	xpcall
gE	1875555	main	xpcall
bE	1876262	main	xpcall
VD	1876973	main	xpcall
ZD	1877684	main	xpcall
gI	1878471	main	xpcall
BE	1879148	main	xpcall
rL	1879845	main	xpcall
qL	1880558	main	xpcall
oL	1881263	main	xpcall
hI	1881964	main	xpcall
aM	1882653	main	xpcall
RD	1883344	main	xpcall
FD	1884043	main	xpcall
aE	1884758	main	xpcall
cE	1885461	main	xpcall
BL	1886182	main	xpcall
DD	1886883	main	xpcall
XD	1887568	main	xpcall
HD	1888261	main	xpcall
tN	1888964	main	xpcall
RL	1889659	main	xpcall
HE	1890350	main	xpcall
sJ	1891055	main	xpcall
GE	1891756	main	xpcall
eF	1892451	main	xpcall
UD	1893134	main	xpcall
uG	1893829	main	xpcall
yO	1894596	main	xpcall
dE	1895307	main	xpcall
eG	1896086	main	xpcall
AL	1896783	main	xpcall
dH	1897566	main	xpcall
cH	1898263	main	xpcall
SG	1898950	main	xpcall
RG	1899643	main	xpcall
TD	1900324	main	xpcall
lE	1901111	main	xpcall
rE	1901882	main	xpcall
tE	1902587	main	xpcall
yE	1903290	main	xpcall
EE	1903975	main	xpcall
IE	1904670	main	xpcall
JE	1905371	main	xpcall
bP	1906084	main	xpcall
PO	1906791	main	xpcall
OO	1907488	main	xpcall
mK	1908213	main	xpcall
TI	1908928	main	xpcall
mH	1909627	main	xpcall
dK	1910324	main	xpcall
BN	1911029	main	xpcall
kP	1911740	main	xpcall
KE	1912453	main	xpcall
gF	1913164	main	xpcall
PF	1913885	main	xpcall
CL	1914684	main	xpcall
jH	1915383	main	xpcall
YL	1916074	main	xpcall
jF	1916769	main	xpcall
IF	1917572	main	xpcall
SF	1918275	main	xpcall
OF	1918986	main	xpcall
MF	1919691	main	xpcall
rP	1920386	main	xpcall
hF	1921085	main	xpcall
xF	1921772	main	xpcall
JI	1922477	main	xpcall
TF	1923180	main	xpcall
JF	1923967	main	xpcall
XF	1924672	main	xpcall
YF	1925371	main	xpcall
cG	1926074	main	xpcall
dG	1926781	main	xpcall
GG	1927484	main	xpcall
rG	1928187	main	xpcall
sG	1928954	main	xpcall
HG	1929659	main	xpcall
bJ	1930348	main	xpcall
EG	1931033	main	xpcall
JG	1931808	main	xpcall
PG	1932501	main	xpcall
KG	1933264	main	xpcall
bH	1933969	main	xpcall
eH	1934654	main	xpcall
fH	1935351	main	xpcall
nH	1936040	main	xpcall
sH	1936741	main	xpcall
uH	1937444	main	xpcall
zH	1938127	main	xpcall
AH	1938818	main	xpcall
LH	1939535	main	xpcall
MH	1940226	main	xpcall
TH	1940937	main	xpcall
CI	1941646	main	xpcall
NI	1942445	main	xpcall
RI	1943136	main	xpcall
VI	1943927	main	xpcall
xK	1944636	main	xpcall
cJ	1945351	main	xpcall
iJ	1946058	main	xpcall
jJ	1946849	main	xpcall
lJ	1947540	main	xpcall
oJ	1948247	main	xpcall
pJ	1948924	main	xpcall
LJ	1949633	main	xpcall
VJ	1950326	main	xpcall
gK	1951023	main	xpcall
kK	1951708	main	xpcall
lK	1952401	main	xpcall
nK	1953108	main	xpcall
oK	1953805	main	xpcall
pK	1954524	main	xpcall
qK	1955217	main	xpcall
rK	1955908	main	xpcall
wK	1956621	main	xpcall
AK	1957318	main	xpcall
BK	1958011	main	xpcall
AN	1958722	main	xpcall
CK	1959417	main	xpcall
DK	1960110	main	xpcall
EK	1960821	main	xpcall
FK	1961508	main	xpcall
GK	1962213	main	xpcall
HK	1962900	main	xpcall
IK	1963609	main	xpcall
JK	1964300	main	xpcall
KK	1965009	main	xpcall
LK	1965696	main	xpcall
QK	1966405	main	xpcall
RK	1967100	main	xpcall
UK	1967817	main	xpcall
VK	1968502	main	xpcall
WK	1969209	main	xpcall
aL	1969980	main	xpcall
bL	1970671	main	xpcall
gL	1971380	main	xpcall
hL	1972191	main	xpcall
iL	1972978	main	xpcall
DL	1973687	main	xpcall
FL	1974490	main	xpcall
IL	1975193	main	xpcall
SL	1975896	main	xpcall
XL	1976587	main	xpcall
wN	1977284	main	xpcall
IN	1977985	main	xpcall
pO	1978676	main	xpcall
xO	1979371	main	xpcall
zO	1980198	main	xpcall
jP	1980901	main	xpcall
mP	1981600	main	xpcall
oP	1982299	main	xpcall
qP	1983078	main	xpcall
