perk_id	perk_name	factory_function	damage_listener_function	protected_initializer_function	protected_vm_index	protected_registry_slot_count	protected_registry_slot	factory_global_index	signature_global_index	signature_global_name	factory_value_evidence	registration_pc	normal_draft_initializer_callers	runtime_registry_path_status	individual_factory_registration_status	individual_factory_registration_proven	evidence_kind	byte_offset
perk_01	Arcane Overcharge	createArcaneOverchargePerk		initPerks__w3p_vmProtect	65	19	0	14	18	reb	factory-result-via-local	117	CallbackSingle_doAfter_DraftOrchestrator_call_doAfter_DraftOrchestrator,restartDraftAfterRoundEnd,startDraft__w3p_vmProtect	reachable-protected-initializer	exact-protected-vm-call	1	exact-readable-factory-plus-statically-decoded-protected-vm-registration-call	3439767
perk_02	Cloudchaser	createStormchaserPerk		initPerks__w3p_vmProtect	65	19	1	19	21	qeb	factory-result-via-local	140	CallbackSingle_doAfter_DraftOrchestrator_call_doAfter_DraftOrchestrator,restartDraftAfterRoundEnd,startDraft__w3p_vmProtect	reachable-protected-initializer	exact-protected-vm-call	1	exact-readable-factory-plus-statically-decoded-protected-vm-registration-call	3491936
perk_03	Feathered Friend	createFeatheredFriendPerk		initPerks__w3p_vmProtect	65	19	2	22	24	peb	factory-result-via-local	163	CallbackSingle_doAfter_DraftOrchestrator_call_doAfter_DraftOrchestrator,restartDraftAfterRoundEnd,startDraft__w3p_vmProtect	reachable-protected-initializer	exact-protected-vm-call	1	exact-readable-factory-plus-statically-decoded-protected-vm-registration-call	3469185
perk_04	Towerless	createFortifiedOutpostPerk		initPerks__w3p_vmProtect	65	19	3	25	27	oeb	factory-result-via-local	186	CallbackSingle_doAfter_DraftOrchestrator_call_doAfter_DraftOrchestrator,restartDraftAfterRoundEnd,startDraft__w3p_vmProtect	reachable-protected-initializer	exact-protected-vm-call	1	exact-readable-factory-plus-statically-decoded-protected-vm-registration-call	3471632
perk_05	Glass Cannon	createGlassCannonPerk		initPerks__w3p_vmProtect	65	19	4	28	30	neb	factory-result-via-local	209	CallbackSingle_doAfter_DraftOrchestrator_call_doAfter_DraftOrchestrator,restartDraftAfterRoundEnd,startDraft__w3p_vmProtect	reachable-protected-initializer	exact-protected-vm-call	1	exact-readable-factory-plus-statically-decoded-protected-vm-registration-call	3472651
perk_06	Transcendent Blades	createTranscendentBladesPerk	DamageListener_perkListenDamage_PerkTranscendentBlades_onEvent_perkListenDamage_PerkTranscendentBlades	initPerks__w3p_vmProtect	65	19	5	31	33	meb	factory-result-via-local	232	CallbackSingle_doAfter_DraftOrchestrator_call_doAfter_DraftOrchestrator,restartDraftAfterRoundEnd,startDraft__w3p_vmProtect	reachable-protected-initializer	exact-protected-vm-call	1	exact-readable-factory-plus-statically-decoded-protected-vm-registration-call	3493259
perk_07	Ground Control	createGroundControlPerk	DamageListener_perkListenDamage_setCleanup_PerkGroundControl_onEvent_perkListenDamage_setCleanup_PerkGroundControl	initPerks__w3p_vmProtect	65	19	6	34	36	leb	factory-result-via-local	255	CallbackSingle_doAfter_DraftOrchestrator_call_doAfter_DraftOrchestrator,restartDraftAfterRoundEnd,startDraft__w3p_vmProtect	reachable-protected-initializer	exact-protected-vm-call	1	exact-readable-factory-plus-statically-decoded-protected-vm-registration-call	3473264
perk_08	Caged Aegis	createCagedAegisPerk	DamageListener_perkListenDamage_setCleanup_PerkCagedAegis_onEvent_perkListenDamage_setCleanup_PerkCagedAegis	initPerks__w3p_vmProtect	65	19	7	37	39	keb	factory-result-via-local	278	CallbackSingle_doAfter_DraftOrchestrator_call_doAfter_DraftOrchestrator,restartDraftAfterRoundEnd,startDraft__w3p_vmProtect	reachable-protected-initializer	exact-protected-vm-call	1	exact-readable-factory-plus-statically-decoded-protected-vm-registration-call	3456357
perk_09	Combat Stance	createExecutionOrderPerk	DamageListener_perkListenDamage_setCleanup_PerkExecutionOrder_onEvent_perkListenDamage_setCleanup_PerkExecutionOrder	initPerks__w3p_vmProtect	65	19	8	40	41	jeb	factory-result-direct-on-stack	288	CallbackSingle_doAfter_DraftOrchestrator_call_doAfter_DraftOrchestrator,restartDraftAfterRoundEnd,startDraft__w3p_vmProtect	reachable-protected-initializer	exact-protected-vm-call	1	exact-readable-factory-plus-statically-decoded-protected-vm-registration-call	3460983
perk_10	Breaching Doctrine	createBreachingDoctrinePerk	DamageListener_perkListenDamage_PerkBreachingDoctrine_onEvent_perkListenDamage_PerkBreachingDoctrine	initPerks__w3p_vmProtect	65	19	9	42	44	ieb	factory-result-via-local	312	CallbackSingle_doAfter_DraftOrchestrator_call_doAfter_DraftOrchestrator,restartDraftAfterRoundEnd,startDraft__w3p_vmProtect	reachable-protected-initializer	exact-protected-vm-call	1	exact-readable-factory-plus-statically-decoded-protected-vm-registration-call	3440383
perk_11	Bulwark March	createBulwarkMarchPerk		initPerks__w3p_vmProtect	65	19	10	45	47	heb	factory-result-via-local	335	CallbackSingle_doAfter_DraftOrchestrator_call_doAfter_DraftOrchestrator,restartDraftAfterRoundEnd,startDraft__w3p_vmProtect	reachable-protected-initializer	exact-protected-vm-call	1	exact-readable-factory-plus-statically-decoded-protected-vm-registration-call	3454990
perk_12	Forward Line	createLastWallProtocolPerk		initPerks__w3p_vmProtect	65	19	11	48	50	geb	factory-result-via-local	358	CallbackSingle_doAfter_DraftOrchestrator_call_doAfter_DraftOrchestrator,restartDraftAfterRoundEnd,startDraft__w3p_vmProtect	reachable-protected-initializer	exact-protected-vm-call	1	exact-readable-factory-plus-statically-decoded-protected-vm-registration-call	3481278
perk_13	Longline Formation	createLonglineFormationPerk		initPerks__w3p_vmProtect	65	19	12	51	53	feb	factory-result-via-local	381	CallbackSingle_doAfter_DraftOrchestrator_call_doAfter_DraftOrchestrator,restartDraftAfterRoundEnd,startDraft__w3p_vmProtect	reachable-protected-initializer	exact-protected-vm-call	1	exact-readable-factory-plus-statically-decoded-protected-vm-registration-call	3483705
perk_14	Production Enchantment	createBuildingEnchantmentPerk		initPerks__w3p_vmProtect	65	19	13	54	55	eeb	factory-result-direct-on-stack	391	CallbackSingle_doAfter_DraftOrchestrator_call_doAfter_DraftOrchestrator,restartDraftAfterRoundEnd,startDraft__w3p_vmProtect	reachable-protected-initializer	exact-protected-vm-call	1	exact-readable-factory-plus-statically-decoded-protected-vm-registration-call	3452499
perk_15	Rampant Growth	createRampantGrowthPerk		initPerks__w3p_vmProtect	65	19	14	56	58	deb	factory-result-via-local	415	CallbackSingle_doAfter_DraftOrchestrator_call_doAfter_DraftOrchestrator,restartDraftAfterRoundEnd,startDraft__w3p_vmProtect	reachable-protected-initializer	exact-protected-vm-call	1	exact-readable-factory-plus-statically-decoded-protected-vm-registration-call	3487375
perk_16	Mana Shielding	createManaLeakPerk	DamageListener_perkListenDamage_PerkManaLeak_onEvent_perkListenDamage_PerkManaLeak	initPerks__w3p_vmProtect	65	19	15	59	61	ceb	factory-result-via-local	438	CallbackSingle_doAfter_DraftOrchestrator_call_doAfter_DraftOrchestrator,restartDraftAfterRoundEnd,startDraft__w3p_vmProtect	reachable-protected-initializer	exact-protected-vm-call	1	exact-readable-factory-plus-statically-decoded-protected-vm-registration-call	3485058
perk_17	Spell Enchantment	createSpellBuildingEnchantmentPerk		initPerks__w3p_vmProtect	65	19	16	62	63	beb	factory-result-direct-on-stack	448	CallbackSingle_doAfter_DraftOrchestrator_call_doAfter_DraftOrchestrator,restartDraftAfterRoundEnd,startDraft__w3p_vmProtect	reachable-protected-initializer	exact-protected-vm-call	1	exact-readable-factory-plus-statically-decoded-protected-vm-registration-call	3453267
perk_18	Spell's Edge	createSpellsEdgePerk	DamageListener_perkListenDamage_PerkSpellsEdge_onEvent_perkListenDamage_PerkSpellsEdge	initPerks__w3p_vmProtect	65	19	17	64	66	aeb	factory-result-via-local	472	CallbackSingle_doAfter_DraftOrchestrator_call_doAfter_DraftOrchestrator,restartDraftAfterRoundEnd,startDraft__w3p_vmProtect	reachable-protected-initializer	exact-protected-vm-call	1	exact-readable-factory-plus-statically-decoded-protected-vm-registration-call	3490347
perk_19	Containment Focus	createContainmentFocusPerk	DamageListener_perkListenDamage_PerkContainmentFocus_onEvent_perkListenDamage_PerkContainmentFocus	initPerks__w3p_vmProtect	65	19	18	67	69	Zdb	factory-result-via-local	495	CallbackSingle_doAfter_DraftOrchestrator_call_doAfter_DraftOrchestrator,restartDraftAfterRoundEnd,startDraft__w3p_vmProtect	reachable-protected-initializer	exact-protected-vm-call	1	exact-readable-factory-plus-statically-decoded-protected-vm-registration-call	3457360
