race_index	race_function	builder_rawcode	builder_rawcode_integer	builder_names	campaign_only	building_order	building_rawcode	building_rawcode_integer	building_names	unit_rawcode	unit_rawcode_integer	unit_names	byte_offset
0	kK	X00O	1479553103	Chaos Builder	0	0	h01I	1747988809	Lesser Demon Cage	n00A	1848651841	Satyr	3516808
0	kK	X00O	1479553103	Chaos Builder	0	1	h026	1747989046	Greater Demon Cage	z000	2049978416	Quill Demon	3517077
0	kK	X00O	1479553103	Chaos Builder	0	2	h06O	1747990095	Serenity	e00E	1697656901	Twins	3517310
0	kK	X00O	1479553103	Chaos Builder	0	3	h01D	1747988804	Chaos Citadel	n009	1848651833	Chaos Warrior	3517537
0	kK	X00O	1479553103	Chaos Builder	0	4	h03G	1747989319	Greater Chaos Citadel	n00Z	1848651866	Chaos Champion	3517805
0	kK	X00O	1479553103	Chaos Builder	0	5	h01M	1747988813	Eraser (Level 1)		0		3519825
0	kK	X00O	1479553103	Chaos Builder	0	6	h01W	1747988823	Eraser (Level 2)		0		3520083
0	kK	X00O	1479553103	Chaos Builder	0	7	h01X	1747988824	Eraser (Level 3)		0		3520306
0	kK	X00O	1479553103	Chaos Builder	0	8	h01C	1747988803	Altar of Greed	n008	1848651832	Succubus	3518286
0	kK	X00O	1479553103	Chaos Builder	0	9	h025	1747989045	Fountain of Blood	n00L	1848651852	Blood Fiend	3518509
0	kK	X00O	1479553103	Chaos Builder	0	10	h009	1747988537	Dragon Nest	n001	1848651825	Red Dragon	3518765
0	kK	X00O	1479553103	Chaos Builder	0	11	h007	1747988535	Demon Gate	n000	1848651824	Infernal	3519025
0	kK	X00O	1479553103	Chaos Builder	0	12	h01F	1747988806	Volcano		0		3519284
0	kK	X00O	1479553103	Chaos Builder	0	13	h05I	1747989833	Magic Ruin		0		3519569
0	kK	X00O	1479553103	Chaos Builder	0	14	h01E	1747988805	Shrine of Destruction		0		3518071
1	nK	X006	1479553078	Corrupted Builder	0	0	h04V	1747989590	Ancient of Battle	n01I	1848652105	Corrupted Ent	3531096
1	nK	X006	1479553078	Corrupted Builder	0	1	h04W	1747989591	Corrupted Ancient of War	n01H	1848652104	Corrupted Treant	3531365
1	nK	X006	1479553078	Corrupted Builder	0	2	h09Y	1747990873	Corrupted Ancient of Annihilation	n027	1848652343	Corrupted Annihilator	3531598
1	nK	X006	1479553078	Corrupted Builder	0	3	h04L	1747989580	Void Portal	n019	1848652089	Void Walker	3531791
1	nK	X006	1479553078	Corrupted Builder	0	4	h04N	1747989582	Portal of the Abyss	n01A	1848652097	Void Keeper	3532018
1	nK	X006	1479553078	Corrupted Builder	0	5	h04O	1747989583	Nether Ancient	n01D	1848652100	Nether Drake	3532206
1	nK	X006	1479553078	Corrupted Builder	0	6	h04M	1747989581	Shadow Ancient	n01B	1848652098	Shadow Drake	3532433
1	nK	X006	1479553078	Corrupted Builder	0	7	h04Q	1747989585	Hell's Gate	n01F	1848652102		3532650
1	nK	X006	1479553078	Corrupted Builder	0	8	h04P	1747989584	Hell's Portal	n01E	1848652101	Infernal Tank	3532909
1	nK	X006	1479553078	Corrupted Builder	0	9	h04S	1747989587	Felhound Shrine	n01G	1848652103	Felhound	3533098
1	nK	X006	1479553078	Corrupted Builder	0	10	h04U	1747989589	Demonic Statue	h04I	1747989577	Incubus	3533355
1	nK	X006	1479553078	Corrupted Builder	0	11	h04K	1747989579	Well of Pain		0		3533618
1	nK	X006	1479553078	Corrupted Builder	0	12	h04R	1747989586	Forgotten One		0		3533870
1	nK	X006	1479553078	Corrupted Builder	0	13	n01J	1848652106	Corrupted Protector		0		3534125
1	nK	X006	1479553078	Corrupted Builder	0	14	h04T	1747989588	Eye of Corruption		0		3534407
2	pK	X0Z0	1479563824	Critter Builder	1	0	h0Z1	1747999281	Mudcrab Burrow	n0Z1	1848662577	Mudcrab	3538821
2	pK	X0Z0	1479563824	Critter Builder	1	1	h0Z2	1747999282	Rockcrab Burrow	n0Z2	1848662578	Rock Crab	3539054
2	pK	X0Z0	1479563824	Critter Builder	1	2	h0Z3	1747999283	Spinecrab Tidepool	n0Z3	1848662579	Spiny Crab	3539274
2	pK	X0Z0	1479563824	Critter Builder	1	3	h0Z4	1747999284	Hermit Mound	n0Z4	1848662580	Hermit Crab	3539498
2	pK	X0Z0	1479563824	Critter Builder	1	4	h0Z5	1747999285	Tidal Cairn		0		3539721
2	pK	X0Z0	1479563824	Critter Builder	1	5	h0Z6	1747999286	Coral Spire		0		3539976
2	pK	X0Z0	1479563824	Critter Builder	1	6	h0Z7	1747999287	Reef Guardian	n0Z7	1848662583	Giant Reef Crab	3540228
3	qK	X078	1479554872	Desert Builder	0	0	n036	1848652598	Quillboar Yard	n02V	1848652374	Quillboar	3541077
3	qK	X078	1479554872	Desert Builder	0	1	n037	1848652599	Razormane Abode	n02U	1848652373	Razormane	3541311
3	qK	X078	1479554872	Desert Builder	0	2	n02P	1848652368	Gnoll Tent	n02S	1848652371	Gnoll	3541531
3	qK	X078	1479554872	Desert Builder	0	3	n02N	1848652366	Fire Gnoll Hut	n02T	1848652372	Fire Gnoll	3541792
3	qK	X078	1479554872	Desert Builder	0	4	n02Q	1848652369	Harpy Nest	n02W	1848652375	Harpy	3542019
3	qK	X078	1479554872	Desert Builder	0	5	n03B	1848652610	Nest of Harpy Witch	n032	1848652594	Harpy Witch	3542248
3	qK	X078	1479554872	Desert Builder	0	6	n031	1848652593	Nest of Harpy Matriarch	n034	1848652596	Harpies' Matriarch	3542441
3	qK	X078	1479554872	Desert Builder	0	7	n039	1848652601	Sandkin Burrow	n030	1848652592	Sandkin	3542629
3	qK	X078	1479554872	Desert Builder	0	8	n02R	1848652370	Monstrous Sandkin Burrow	n035	1848652597	Monstrous Sandkin	3542857
3	qK	X078	1479554872	Desert Builder	0	9	n033	1848652595	Ogre Den	n02X	1848652376	Ogre	3543075
3	qK	X078	1479554872	Desert Builder	0	10	n02O	1848652367	Den of the Ogre Lord	n02Y	1848652377	Ogre Lord	3543334
3	qK	X078	1479554872	Desert Builder	0	11	n038	1848652600	Salamander Hatchery	n02Z	1848652378	Salamander	3543523
3	qK	X078	1479554872	Desert Builder	0	12	h07A	1747990337	Sacred Peyote		0		3543781
3	qK	X078	1479554872	Desert Builder	0	13	h079	1747990329	Beacon of the Oasis		0		3544030
3	qK	X078	1479554872	Desert Builder	0	14	h07E	1747990341	Ballista Tower		0		3544285
3	qK	X078	1479554872	Desert Builder	0	15	n03A	1848652609	Temple of Storm		0		3544567
4	wK	X051	1479554353	Elemental Builder	0	0	h04A	1747989569	Trapped Gale	o00C	1865429059	Lesser Elemental Of Wind	3555083
4	wK	X051	1479554353	Elemental Builder	0	1	h04C	1747989571	Monument of Wind Stream	o00D	1865429060	Elemental Of Wind	3555384
4	wK	X051	1479554353	Elemental Builder	0	2	h04D	1747989572	Zephyros Memorial	o00E	1865429061	Greater Elemental Of Wind	3555644
4	wK	X051	1479554353	Elemental Builder	0	3	h03X	1747989336	Water Spring	h02W	1747989079	Lesser Elemental Of Water	3555867
4	wK	X051	1479554353	Elemental Builder	0	4	h03Y	1747989337	Golden Fountain	h02X	1747989080	Elemental Of Water	3556095
4	wK	X051	1479554353	Elemental Builder	0	5	h03Z	1747989338	Spellbound Fountain	h02Y	1747989081	Greater Elemental Of Water	3556288
4	wK	X051	1479554353	Elemental Builder	0	6	h045	1747989557	Altar of Fire	h02Z	1747989082	Elemental Of Fire	3556514
4	wK	X051	1479554353	Elemental Builder	0	7	h046	1747989558	Altar of Blaze	u00F	1966092358	Greater Elemental Of Fire	3556743
4	wK	X051	1479554353	Elemental Builder	0	8	h04E	1747989573	Tower of Elder Knowledge	h03V	1747989334	Master Of Elements	3556936
4	wK	X051	1479554353	Elemental Builder	0	9	h042	1747989554	Pillar of Globe-Lightning	h03P	1747989328	Elemental Of Lightning	3557155
4	wK	X051	1479554353	Elemental Builder	0	10	h044	1747989556	Pillar of St. Elmo's Fire	h03R	1747989330	Greater Elemental Of Lightning	3557419
4	wK	X051	1479554353	Elemental Builder	0	11	h040	1747989552	Rock Pile	h034	1747989300	Elemental Of Earth	3557643
4	wK	X051	1479554353	Elemental Builder	0	12	h041	1747989553	Greater Fissure	h03N	1747989326	Greater Elemental Of Earth	3557902
4	wK	X051	1479554353	Elemental Builder	0	13	h062	1747990066	Mana Generator		0		3558130
4	wK	X051	1479554353	Elemental Builder	0	14	h060	1747990064	Obelisk of Elements		0		3558376
4	wK	X051	1479554353	Elemental Builder	0	15	h05Z	1747989850	Books of Conjuration		0		3558596
4	wK	X051	1479554353	Elemental Builder	0	16	h06F	1747990086	Elemental Rain		0		3558882
4	wK	X051	1479554353	Elemental Builder	0	17	h06E	1747990085	Meteor Shower		0		3559134
4	wK	X051	1479554353	Elemental Builder	0	18	h061	1747990065	Elemental Guard Tower		0		3559352
4	wK	X051	1479554353	Elemental Builder	0	19	h076	1747990326	Discharge Tower		0		3559606
4	wK	X051	1479554353	Elemental Builder	0	20	h063	1747990067	Linker		0		3559886
5	AK	X00P	1479553104	Elf Builder	0	0	h08X	1747990616	Archery Range	n022	1848652338	Archer	3569307
5	AK	X00P	1479553104	Elf Builder	0	1	h08Y	1747990617	Archery Tower	n023	1848652339	Master Archer	3569541
5	AK	X00P	1479553104	Elf Builder	0	2	h00T	1747988564	Hall of Honor	n006	1848651830	Blademaster	3569729
5	AK	X00P	1479553104	Elf Builder	0	3	h03F	1747989318	Hall of the Eldest	n00Y	1848651865	Elder Blademaster	3569957
5	AK	X00P	1479553104	Elf Builder	0	4	h00V	1747988566	Bloodelf War Academy	h00U	1747988565	Bloodthirster	3570634
5	AK	X00P	1479553104	Elf Builder	0	5	h06Y	1747990105	Dragonhawk Portal	n01Y	1848652121	Dragonhawk Rider	3570895
5	AK	X00P	1479553104	Elf Builder	0	6	h070	1747990320	Highelf Siege Factory	e005	1697656885	Ballista	3571149
5	AK	X00P	1479553104	Elf Builder	0	7	h09X	1747990872	School of Wizardry	h07B	1747990338	Sorceress	3570183
5	AK	X00P	1479553104	Elf Builder	0	8	h00X	1747988568	Tower of Supreme Magic	h00W	1747988567	Wizard	3570412
5	AK	X00P	1479553104	Elf Builder	0	9	h00Z	1747988570	City of Magic		0		3571440
5	AK	X00P	1479553104	Elf Builder	0	10	h005	1747988533	Obelisk of Light		0		3571688
5	AK	X00P	1479553104	Elf Builder	0	11	h014	1747988788	Arcane Tower		0		3571939
5	AK	X00P	1479553104	Elf Builder	0	12	h059	1747989817	Golden Shrine of Justice		0		3572220
6	CK	X00C	1479553091	Human Builder	0	0	h000	1747988528	Barracks	hfoo	1751543663	Footman	3575420
6	CK	X00C	1479553091	Human Builder	0	1	h039	1747989305	Stronghold	h03A	1747989313	Defender	3575654
6	CK	X00C	1479553091	Human Builder	0	2	h003	1747988531	Sniper Nest	hrif	1752328550	Sniper	3575842
6	CK	X00C	1479553091	Human Builder	0	3	h0A1	1747992881	Marksmen's Encampment	h05C	1747989827	Marksman	3576102
6	CK	X00C	1479553091	Human Builder	0	4	h05D	1747989828	Gunner's Hall	h0A2	1747992882	Heavy Gunner	3576364
6	CK	X00C	1479553091	Human Builder	0	5	h037	1747989303	Chapel	h03B	1747989314	Crusader	3576661
6	CK	X00C	1479553091	Human Builder	0	6	h038	1747989304	Church	h03C	1747989315	Paladin	3576965
6	CK	X00C	1479553091	Human Builder	0	7	h072	1747990322	Holy Altar	h074	1747990324	Holy Warrior	3577201
6	CK	X00C	1479553091	Human Builder	0	8	h004	1747988532	Weapon Lab	hmtm	1752003693	Mortar	3577423
6	CK	X00C	1479553091	Human Builder	0	9	h015	1747988789	Gryphon Rock	h016	1747988790	Gryphon Rider	3577646
6	CK	X00C	1479553091	Human Builder	0	10	h00K	1747988555	Hjordhejmen	n005	1848651829	Warlock	3577897
6	CK	X00C	1479553091	Human Builder	0	11	h010	1747988784	Gjallarhorn		0		3578194
6	CK	X00C	1479553091	Human Builder	0	12	h001	1747988529	Artillery		0		3578450
6	CK	X00C	1479553091	Human Builder	0	13	h07U	1747990357	Vessel of Purity		0		3578728
6	CK	X00C	1479553091	Human Builder	0	14	h006	1747988534	Watch Tower		0		3578986
6	CK	X00C	1479553091	Human Builder	0	15	h081	1747990577	Tiny Watch Tower		0		3579252
6	CK	X00C	1479553091	Human Builder	0	16	h082	1747990578	Tiny Multishot Tower		0		3579403
6	CK	X00C	1479553091	Human Builder	0	17	h05G	1747989831	Heroic Shrine		0		3579769
7	EK	X06P	1479554640	Mechanical Builder	0	0	h05J	1747989834	Aircraft Factory	h06Q	1747990097	Roterothopter	3582672
7	EK	X06P	1479554640	Mechanical Builder	0	1	h09L	1747990860	Bomber Factory	h06R	1747990098	Gyrocopter	3583003
7	EK	X06P	1479554640	Mechanical Builder	0	2	h05X	1747989848	Tank Factory	h06T	1747990100	Light Tank	3583225
7	EK	X06P	1479554640	Mechanical Builder	0	3	h09J	1747990858	Mine Layer Factory	h06U	1747990101	Mine Layer	3583452
7	EK	X06P	1479554640	Mechanical Builder	0	4	h09I	1747990857	Assault Tank Factory	h099	1747990841	Assault Tank	3583679
7	EK	X06P	1479554640	Mechanical Builder	0	5	h09B	1747990850	Heavy Tank Factory	h06S	1747990099	Heavy Tank	3583877
7	EK	X06P	1479554640	Mechanical Builder	0	6	h09H	1747990856	Rocket Tank Factory	h098	1747990840	Rocket Tank	3584102
7	EK	X06P	1479554640	Mechanical Builder	0	7	h05M	1747989837	Demolition Lab	n01V	1848652118	Lunatic Goblin	3584290
7	EK	X06P	1479554640	Mechanical Builder	0	8	h077	1747990327	Rocket Lab	n02M	1848652365	Goblin Rocketeer	3584548
7	EK	X06P	1479554640	Mechanical Builder	0	9	h05T	1747989844	Gun Smith	z002	2049978418	Flamegunner	3584736
7	EK	X06P	1479554640	Mechanical Builder	0	10	h09P	1747990864	Arsenal	z003	2049978419	Flamegunner Sergeant	3584964
7	EK	X06P	1479554640	Mechanical Builder	0	11	h05V	1747989846	Golem Factory	n01X	1848652120	Iron Golem	3585190
7	EK	X06P	1479554640	Mechanical Builder	0	12	h097	1747990839	Precious Golem Factory	n024	1848652340	Adamant Golem	3585419
7	EK	X06P	1479554640	Mechanical Builder	0	13	h05U	1747989845	Lumber Mill	n01T	1848652116	Goblin Shredder	3585645
7	EK	X06P	1479554640	Mechanical Builder	0	14	h06Z	1747990106	Protection Center	n02J	1848652362	Goliath	3585906
7	EK	X06P	1479554640	Mechanical Builder	0	15	h09T	1747990868	Power Plant		0		3587415
7	EK	X06P	1479554640	Mechanical Builder	0	16	h069	1747990073	Spare Part Heap	n01U	1848652117	Gobbo Machinist	3586821
7	EK	X06P	1479554640	Mechanical Builder	0	17	h05L	1747989836	Energy Tower		0		3587123
7	EK	X06P	1479554640	Mechanical Builder	0	18	h06J	1747990090	Blue Shield Generator		0		3586217
7	EK	X06P	1479554640	Mechanical Builder	0	19	h05R	1747989842	Red Shield Generator		0		3586569
8	GK	X00E	1479553093	Naga Builder	0	0	h020	1747989040	Murloc Camp	n00I	1848651849	Murloc Warrior	3592362
8	GK	X00E	1479553093	Naga Builder	0	1	h021	1747989041	Murloc Village	n00J	1848651850	Murloc Champion	3592630
8	GK	X00E	1479553093	Naga Builder	0	2	h022	1747989042	Murloc Fortress	n00K	1848651851	Murloc Assassin	3592863
8	GK	X00E	1479553093	Naga Builder	0	3	h00J	1747988554	Swamp Well	n004	1848651828	Suumpmolk	3593094
8	GK	X00E	1479553093	Naga Builder	0	4	h05F	1747989830	Lernaean Fountain	n01P	1848652112	Ancient Hydra	3593357
8	GK	X00E	1479553093	Naga Builder	0	5	h01Y	1747988825	Temple of Snakes	n00H	1848651848	Winged Serpent	3593584
8	GK	X00E	1479553093	Naga Builder	0	6	h080	1747990576	Temple of Riptide	n03U	1848652629	Winged Riptide Serpent	3593850
8	GK	X00E	1479553093	Naga Builder	0	7	h00F	1747988550	Spawning Grounds	n002	1848651826	Naga Guardian	3594072
8	GK	X00E	1479553093	Naga Builder	0	8	h032	1747989298	Royal Spawning Grounds	n00X	1848651864	Naga Royal Guard	3594339
8	GK	X00E	1479553093	Naga Builder	0	9	h01B	1747988802	Reptile Pool	n007	1848651831	Dragon Turtle	3594563
8	GK	X00E	1479553093	Naga Builder	0	10	h01Z	1747988826	Naga Spring	n00S	1848651859	Naga Siren	3594786
8	GK	X00E	1479553093	Naga Builder	0	11	h00I	1747988553	Ancient Pyramide		0		3595044
8	GK	X00E	1479553093	Naga Builder	0	12	h00M	1747988557	Oracle of Sirens		0		3595329
8	GK	X00E	1479553093	Naga Builder	0	13	h00N	1747988558	Tidal Guardian		0		3595661
8	GK	X00E	1479553093	Naga Builder	0	14	h00G	1747988551	Coral Statue		0		3595948
9	IK	X01A	1479553345	Nature Builder	0	0	h002	1747988530	Spider Egg Clutch	n00U	1848651861	Black Spider	3599407
9	IK	X01A	1479553345	Nature Builder	0	1	h00Q	1747988561	Spider Egg Nest	n01N	1848652110	Giant Spider	3599672
9	IK	X01A	1479553345	Nature Builder	0	2	h00R	1747988562	Spider Egg Hatchery	n01W	1848652119	Brood Mother	3599866
9	IK	X01A	1479553345	Nature Builder	0	3	h00Y	1747988569	Furbolg Hut	n026	1848652342	Furbolg Shaman	3600054
9	IK	X01A	1479553345	Nature Builder	0	4	h012	1747988786	Furbolg Abode	n028	1848652344	Furbolg Elder Shaman	3600282
9	IK	X01A	1479553345	Nature Builder	0	5	h013	1747988787	Ancient of Growth	e006	1697656886	Dryad	3600701
9	IK	X01A	1479553345	Nature Builder	0	6	h01H	1747988808	Ancient of Life	e009	1697656889	Keeper of the Grove	3600930
9	IK	X01A	1479553345	Nature Builder	0	7	h01J	1747988810	Ancient of Eternity	e00C	1697656899	Ancient Keeper	3601123
9	IK	X01A	1479553345	Nature Builder	0	8	h023	1747989043	Ancient of Slumber	n029	1848652345	Bear	3601345
9	IK	X01A	1479553345	Nature Builder	0	9	h024	1747989044	Ancient of Hibernation	n02B	1848652354	Ancient Bear	3601612
9	IK	X01A	1479553345	Nature Builder	0	10	h027	1747989047	Emerald Dragon Roost	n02A	1848652353	Emerald Dragon	3601806
9	IK	X01A	1479553345	Nature Builder	0	11	h028	1747989048	Monolith	e00F	1697656902	Mountain Giant	3602029
9	IK	X01A	1479553345	Nature Builder	0	12	h02C	1747989059	Ancient Guardian		0		3602318
9	IK	X01A	1479553345	Nature Builder	0	13	h02A	1747989057	Ancient of Gale		0		3602574
9	IK	X01A	1479553345	Nature Builder	0	14	n02D	1848652356	Ancient Protector		0		3602829
9	IK	X01A	1479553345	Nature Builder	0	15	h02D	1747989060	Ancient of Wonders		0		3603084
9	IK	X01A	1479553345	Nature Builder	0	16	h071	1747990321	Enigma	e00G	1697656903	Visioneer	3600475
10	KK	X089	1479555129	Night Elf Builder	0	0	h00S	1747988563	Hunter's Hall	e001	1697656881	Huntress	3610457
10	KK	X089	1479555129	Night Elf Builder	0	1	h03D	1747989316	Ranger's Hall	e003	1697656883	Ranger	3610757
10	KK	X089	1479555129	Night Elf Builder	0	2	h03E	1747989317	Amazon's Hall	e004	1697656884	Amazon	3611021
10	KK	X089	1479555129	Night Elf Builder	0	3	h088	1747990584	Moon Shrine	e007	1697656887	Druid	3611215
10	KK	X089	1479555129	Night Elf Builder	0	4	h07D	1747990340	Moon Altar	e00J	1697656906	Sage Druid	3611443
10	KK	X089	1479555129	Night Elf Builder	0	5	h07M	1747990349	House of Shadows	n01Z	1848652122	Assassin	3611631
10	KK	X089	1479555129	Night Elf Builder	0	6	h07L	1747990348	Guild of Shadows	n020	1848652336	Royal Assassin	3611859
10	KK	X089	1479555129	Night Elf Builder	0	7	h07O	1747990351	Pillaged Hut	e00B	1697656898	Avenging Spirit	3612047
10	KK	X089	1479555129	Night Elf Builder	0	8	h07N	1747990350	Scorched Mansion	e00A	1697656897	Avatar of Vengeance	3612275
10	KK	X089	1479555129	Night Elf Builder	0	9	h00B	1747988546	Fountain of Wonders	e000	1697656880	Faerie Dragon	3612462
10	KK	X089	1479555129	Night Elf Builder	0	10	h011	1747988785	Nightelf Siege Factory	e002	1697656882	Glaive Thrower	3612749
10	KK	X089	1479555129	Night Elf Builder	0	11	h08P	1747990608	Silver Glade		0		3613011
10	KK	X089	1479555129	Night Elf Builder	0	12	h07H	1747990344	Obelisk of Wilderness		0		3613260
10	KK	X089	1479555129	Night Elf Builder	0	13	h073	1747990323	Elune's Lantern		0		3613514
10	KK	X089	1479555129	Night Elf Builder	0	14	h07I	1747990345	Starfall Obelisk		0		3613804
11	QK	X017	1479553335	Northern Builder	0	0	h049	1747989561	Snowy Rocks	n017	1848652087	Frost Wolf	3623678
11	QK	X017	1479553335	Northern Builder	0	1	h04F	1747989574	Icy Rocks	n018	1848652088	Polar Bear	3623946
11	QK	X017	1479553335	Northern Builder	0	2	h03W	1747989335	Glacier	n016	1848652086	Magnataur	3624179
11	QK	X017	1479553335	Northern Builder	0	3	h03U	1747989333	Igloo	n011	1848652081	Hrimthrusa	3624410
11	QK	X017	1479553335	Northern Builder	0	4	h06L	1747990092	Modern Igloo	n02I	1848652361	Angry Hrimthrusa	3624671
11	QK	X017	1479553335	Northern Builder	0	5	h03K	1747989323	Ice Troll Hut	n015	1848652085	Ice Troll Shadow Priest	3624860
11	QK	X017	1479553335	Northern Builder	0	6	h03J	1747989322	Ice Troll Voodoo Lounge	o00A	1865429057	Ice Troll Witch Doctor	3625088
11	QK	X017	1479553335	Northern Builder	0	7	h03T	1747989332	Ice Claws	n012	1848652082	Wandigoo	3625276
11	QK	X017	1479553335	Northern Builder	0	8	h043	1747989555	Frost Claws	n013	1848652083	Ancient Wandigoo	3625504
11	QK	X017	1479553335	Northern Builder	0	9	h07W	1747990359	Snowveil Fountain		0		3625755
11	QK	X017	1479553335	Northern Builder	0	10	h048	1747989560	Frost Launcher		0		3626007
11	QK	X017	1479553335	Northern Builder	0	11	h03L	1747989324	Greater Frost Launcher		0		3626227
11	QK	X017	1479553335	Northern Builder	0	12	h03I	1747989321	Azure Nest	n010	1848652080	Azure Drake	3626440
11	QK	X017	1479553335	Northern Builder	0	13	h03S	1747989331	Crystal Palace	n014	1848652084	Ice Queen	3626668
11	QK	X017	1479553335	Northern Builder	0	14	h047	1747989559	Chilling Mushroom		0		3626923
11	QK	X017	1479553335	Northern Builder	0	15	h03Q	1747989329	Icy Tower		0		3627175
11	QK	X017	1479553335	Northern Builder	0	16	h03O	1747989327	World Freezer		0		3627467
12	UK	X019	1479553337	Orc Builder	0	0	h029	1747989049	Fighters' Hall	o002	1865429042	Grunt	3637188
12	UK	X019	1479553337	Orc Builder	0	1	h02U	1747989077	Advanced Fighters' Hall	o004	1865429044	Veteran Grunt	3637422
12	UK	X019	1479553337	Orc Builder	0	2	h031	1747989297	Superior Fighters' Hall	o005	1865429045	Axemaster	3637615
12	UK	X019	1479553337	Orc Builder	0	3	h02B	1747989058	Shamanic Tent	o003	1865429043	Shaman	3637835
12	UK	X019	1479553337	Orc Builder	0	4	h06I	1747990089	Infostealer's Place	o00F	1865429062	Infostealer	3638066
12	UK	X019	1479553337	Orc Builder	0	5	h07Q	1747990353	Blood Shaman Tent	o00G	1865429063	Blood Shaman	3638258
12	UK	X019	1479553337	Orc Builder	0	6	h02H	1747989064	Troll Hut	n00V	1848651862	Troll Berserker	3638484
12	UK	X019	1479553337	Orc Builder	0	7	h05E	1747989829	Trapper's Hut	n01O	1848652111	Troll Trapper	3638745
12	UK	X019	1479553337	Orc Builder	0	8	h06D	1747990084	Forest Trapper's Hole	n02G	1848652359	Forest Troll Trapper	3638971
12	UK	X019	1479553337	Orc Builder	0	9	h02P	1747989072	Falcon-Clan Encampment	o009	1865429049	Wyvern Rider	3639160
12	UK	X019	1479553337	Orc Builder	0	10	h02K	1747989067	Kodo Farm	o007	1865429047	Kodo	3639383
12	UK	X019	1479553337	Orc Builder	0	11	h092	1747990834	Spellbreaker Kodo Farm	o00B	1865429058	Spellbreaker Kodo Rider	3639610
12	UK	X019	1479553337	Orc Builder	0	12	h035	1747989301	Melee Kodo Farm	o008	1865429048	Melee Kodo Rider	3639830
12	UK	X019	1479553337	Orc Builder	0	13	h036	1747989302	Defensive Kodo Farm	o006	1865429046	Defensive Kodo Rider	3640054
12	UK	X019	1479553337	Orc Builder	0	14	h02I	1747989065	Orcish Siege Factory	o001	1865429041	Catapult	3640310
12	UK	X019	1479553337	Orc Builder	0	15	h02N	1747989070	Serpent Rock		0		3640574
12	UK	X019	1479553337	Orc Builder	0	16	h02R	1747989074	Ceremonial Totem		0		3640824
12	UK	X019	1479553337	Orc Builder	0	17	o000	1865429040	Anti Air Tower		0		3641151
12	UK	X019	1479553337	Orc Builder	0	18	h02O	1747989071	Legendary Totem		0		3641413
12	UK	X019	1479553337	Orc Builder	0	19	h07X	1747990360	Stasis Totem		0		3641633
12	UK	X019	1479553337	Orc Builder	0	20	h07Y	1747990361	Healing Totem		0		3641817
12	UK	X019	1479553337	Orc Builder	0	21	h07Z	1747990362	Endurance Totem		0		3642001
13	WK	X07P	1479554896	Pandaren Builder	0	0	n03D	1848652612	Bamboo Dojo	n03E	1848652613	Sagepaw Monk	3646990
13	WK	X07P	1479554896	Pandaren Builder	0	1	n03S	1848652627	Sagepaw Sanctum	n03T	1848652628	Sagepaw Soulkeeper	3647224
13	WK	X07P	1479554896	Pandaren Builder	0	2	n03F	1848652614	Brew Hut	n03G	1848652615	Ironpaw Militia	3647412
13	WK	X07P	1479554896	Pandaren Builder	0	3	n03K	1848652619	Fighting Tavern	n03J	1848652618	Ironpaw Guardian	3647640
13	WK	X07P	1479554896	Pandaren Builder	0	4	n03P	1848652624	Temple of Ten Thousand Drinks	n03O	1848652623	Drunken Brewmaster	3647833
13	WK	X07P	1479554896	Pandaren Builder	0	5	n03H	1848652616	Temple of the Wandering Spark	n03I	1848652617	Echofoot Mystic	3648021
13	WK	X07P	1479554896	Pandaren Builder	0	6	n03N	1848652622	Pandaren Siege Workshop	o00H	1865429064	Brewshock Catapult	3648308
13	WK	X07P	1479554896	Pandaren Builder	0	7	n03Q	1848652625	Cloud Hangar	h07S	1747990355	Cloud Ship	3648571
13	WK	X07P	1479554896	Pandaren Builder	0	8	n03L	1848652620	Jade Shrine	n03M	1848652621	Jade Elder	3648833
13	WK	X07P	1479554896	Pandaren Builder	0	9	h07T	1747990356	Withering Hall		0		3649097
13	WK	X07P	1479554896	Pandaren Builder	0	10	h07R	1747990354	Thunderpaw Spire		0		3649346
13	WK	X07P	1479554896	Pandaren Builder	0	11	h07P	1747990352	Poof Tower		0		3649600
13	WK	X07P	1479554896	Pandaren Builder	0	12	h07V	1747990358	Celestial Chi Tower		0		3649892
14	aL	X018	1479553336	Undead Builder	0	0	h01R	1747988818	Rotting Hay Cart	n00B	1848651842	Zombie	3659089
14	aL	X018	1479553336	Undead Builder	0	1	h04Z	1747989594	Tainted Farm	n01K	1848652107	Suffocated Zombie	3659321
14	aL	X018	1479553336	Undead Builder	0	2	h03M	1747989325	Defiled Granary	u007	1966092343	Plague Bearer	3659514
14	aL	X018	1479553336	Undead Builder	0	3	h01K	1747988811	Temple of Bone	u005	1966092341	Necromancer	3659740
14	aL	X018	1479553336	Undead Builder	0	4	h04B	1747989570	Temple of Necromancy	u009	1966092345	Mighty Necromancer	3659969
14	aL	X018	1479553336	Undead Builder	0	5	h055	1747989813	High Citadel of Necromancy	u00D	1966092356	Lich King	3660162
14	aL	X018	1479553336	Undead Builder	0	6	h01N	1747988814	Crypt	h01U	1747988821	Vampire	3660350
14	aL	X018	1479553336	Undead Builder	0	7	h054	1747989812	Graveyard	h05H	1747989832	Vampire Lord	3660578
14	aL	X018	1479553336	Undead Builder	0	8	h01L	1747988812	Haunted Mine	u001	1966092337	Banshee	3661164
14	aL	X018	1479553336	Undead Builder	0	9	h01T	1747988820	Slaughter House	n00E	1848651845	Flesh Golem	3661417
14	aL	X018	1479553336	Undead Builder	0	10	h01S	1747988819	Dragon Cemetery	u000	1966092336	Frost Wyrm	3661675
14	aL	X018	1479553336	Undead Builder	0	11	h00A	1747988545	Death Pit		0		3661938
14	aL	X018	1479553336	Undead Builder	0	12	h01P	1747988816	Skull Pile		0		3660766
14	aL	X018	1479553336	Undead Builder	0	13	h056	1747989814	Skull Shrine		0		3660985
14	aL	X018	1479553336	Undead Builder	0	14	h01O	1747988815	Turret of Souls		0		3662193
14	aL	X018	1479553336	Undead Builder	0	15	h01Q	1747988817	City of Decay		0		3662517
