unit_rawcode	unit_rawcode_integer	unit_names	unit_categories	ability_rawcode	ability_rawcode_integer	ability_names	ability_categories	target_mode	target_mode_label	order_id	order_expression_kind	expected_immediate_unit_rawcode	expected_immediate_unit_rawcode_integer	expected_immediate_unit_names	handler_function	closure_class	closure_variable	registration_function	evidence_kind	byte_offset
h03V	1747989334	Master Of Elements	units	A0E1	1093682481		abilities	0	enemy-ground-combat-sapper		protected-order-expression				UnitSpellClosure_registerUnitSpellWithTargetOrder_MasterOfElements_cast_registerUnitSpellWithTargetOrder_MasterOfElements	Uo	uOq	CI	protected-registry-call	3281355
n03E	1848652613	Sagepaw Monk	units	A0GN	1093683022	PAN: Panda Monk Heal	abilities	7	ally-any		protected-order-expression				UnitSpellClosure_registerUnitSpellWithTargetOrder_MonkHeal_cast_registerUnitSpellWithTargetOrder_MonkHeal	Aq	zZq	NI	protected-registry-call	3389798
n03T	1848652628	Sagepaw Soulkeeper	units	A0GN	1093683022	PAN: Panda Monk Heal	abilities	7	ally-any		protected-order-expression				UnitSpellClosure_registerUnitSpellWithTargetOrder_MonkHeal_cast_registerUnitSpellWithTargetOrder_MonkHeal1	Bq	AZq	NI	protected-registry-call	3390065
n00Z	1848651866	Chaos Champion	units	A03S	1093677907		abilities	0	enemy-ground-combat-sapper		protected-order-expression				UnitSpellClosure_registerUnitSpellWithTargetOrder_RaceChaosAbilities_cast_registerUnitSpellWithTargetOrder_RaceChaosAbilities	Ot	ljr	lK	protected-registry-call	3522819
n02L	1848652364	Twin Smiley	units	A0FU	1093682773	Parasite(twins)	abilities	0	enemy-ground-combat-sapper		protected-order-expression				UnitSpellClosure_registerUnitSpellWithTargetOrder_RaceChaosAbilities_cast_registerUnitSpellWithTargetOrder_RaceChaosAbilities1	Pt	mjr	lK	protected-registry-call	3523094
n027	1848652343	Corrupted Annihilator	units	A0AE	1093681477		abilities	0	enemy-ground-combat-sapper		protected-order-expression				UnitSpellClosure_registerUnitSpellWithTargetOrder_RaceCorruptedAbilities_cast_registerUnitSpellWithTargetOrder_RaceCorruptedAbilities	Ut	qlr	oK	protected-registry-call	3535997
n030	1848652592	Sandkin	units	A0G8	1093683000	DST: Sandkin abil	abilities	0	enemy-ground-combat-sapper		protected-order-expression				UnitSpellClosure_registerUnitSpellWithTargetOrder_RaceDesertAbilities_cast_registerUnitSpellWithTargetOrder_RaceDesertAbilities	iu	Hmr	rK	protected-registry-call	3546214
n035	1848652597	Monstrous Sandkin	units	A0G8	1093683000	DST: Sandkin abil	abilities	0	enemy-ground-combat-sapper		protected-order-expression				UnitSpellClosure_registerUnitSpellWithTargetOrder_RaceDesertAbilities_cast_registerUnitSpellWithTargetOrder_RaceDesertAbilities1	ju	Imr	rK	protected-registry-call	3546489
n02Y	1848652377	Ogre Lord	units	A0GB	1093683010	DST: Ogre auto	abilities	0	enemy-ground-combat-sapper		protected-order-expression				UnitSpellClosure_registerUnitSpellWithTargetOrder_RaceDesertAbilities_cast_registerUnitSpellWithTargetOrder_RaceDesertAbilities2	ku	Jmr	rK	protected-registry-call	3546764
n034	1848652596	Harpies' Matriarch	units	A0H1	1093683249	DST: Matriarch auto	abilities	0	enemy-ground-combat-sapper		protected-order-expression				UnitSpellClosure_registerUnitSpellWithTargetOrder_RaceDesertAbilities_cast_registerUnitSpellWithTargetOrder_RaceDesertAbilities3	lu	Kmr	rK	protected-registry-call	3547039
n032	1848652594	Harpy Witch	units	A0G9	1093683001	DST: Harpy auto	abilities	0	enemy-ground-combat-sapper		protected-order-expression				UnitSpellClosure_registerUnitSpellWithTargetOrder_RaceDesertAbilities_cast_registerUnitSpellWithTargetOrder_RaceDesertAbilities4	mu	Lmr	rK	protected-registry-call	3547314
h062	1747990066	Mana Generator	units	A0EK	1093682507		abilities	3	ally-structure		protected-order-expression				UnitSpellClosure_registerUnitSpellWithTargetOrder_RaceElementalAbilities_cast_registerUnitSpellWithTargetOrder_RaceElementalAbilities	ru	Jor	xK	protected-registry-call	3561816
n01Y	1848652121	Dragonhawk Rider	units	A08V	1093679190		abilities	1	enemy-flying-combat-sapper		protected-order-expression				UnitSpellClosure_registerUnitSpellWithTargetOrder_RaceElvenAbilities_cast_registerUnitSpellWithTargetOrder_RaceElvenAbilities	Qu	qqr	BK	protected-registry-call	3573196
h07B	1747990338	Sorceress	units	A0A7	1093681463		abilities	2	ally-ground		protected-order-expression				UnitSpellClosure_registerUnitSpellWithTargetOrder_RaceElvenAbilities_cast_registerUnitSpellWithTargetOrder_RaceElvenAbilities1	Ru	rqr	BK	protected-registry-call	3573463
h00W	1747988567	Wizard	units	A00X	1093677144	HEL: Wizard (Heal (dummy))	abilities	2	ally-ground		protected-order-expression				UnitSpellClosure_registerUnitSpellWithTargetOrder_RaceElvenAbilities_cast_registerUnitSpellWithTargetOrder_RaceElvenAbilities2	Su	sqr	BK	protected-registry-call	3573730
h03B	1747989314	Crusader	units	A03K	1093677899	HUM: Crusader/Paladin Heal	abilities	2	ally-ground		protected-order-expression				UnitSpellClosure_registerUnitSpellWithTargetOrder_RaceHumanAbilities_cast_registerUnitSpellWithTargetOrder_RaceHumanAbilities	hv	jrr	DK	protected-registry-call	3580414
h03C	1747989315	Paladin	units	A03K	1093677899	HUM: Crusader/Paladin Heal	abilities	2	ally-ground		protected-order-expression				UnitSpellClosure_registerUnitSpellWithTargetOrder_RaceHumanAbilities_cast_registerUnitSpellWithTargetOrder_RaceHumanAbilities1	iv	krr	DK	protected-registry-call	3580681
n005	1848651829	Warlock	units	A00K	1093677131		abilities	0	enemy-ground-combat-sapper		protected-order-expression				UnitSpellClosure_registerUnitSpellWithTargetOrder_RaceHumanAbilities_cast_registerUnitSpellWithTargetOrder_RaceHumanAbilities2	jv	lrr	DK	protected-registry-call	3580956
h074	1747990324	Holy Warrior	units	A0I0	1093683504	Prayer	abilities	2	ally-ground		protected-order-expression				UnitSpellClosure_registerUnitSpellWithTargetOrder_RaceHumanAbilities_cast_registerUnitSpellWithTargetOrder_RaceHumanAbilities3	kv	mrr	DK	protected-registry-call	3581223
z003	2049978419	Flamegunner Sergeant	units	A09D	1093679428		abilities	0	enemy-ground-combat-sapper		protected-order-expression				UnitSpellClosure_registerUnitSpellWithTargetOrder_RaceMechAbilities_cast_registerUnitSpellWithTargetOrder_RaceMechAbilities	uv	esr	FK	protected-registry-call	3589182
h06U	1747990101	Mine Layer	units	A095	1093679413		abilities	6	immediate-enemy-special-unit	0	integer	h09M	1747990861	MineDummy	UnitSpellClosure_registerUnitSpellWithTargetOrderEffect_RaceMechAbilities_cast_registerUnitSpellWithTargetOrderEffect_RaceMechAbilities	vv	fsr	FK	inlined-registration	3589370
n00S	1848651859	Naga Siren	units	A02U	1093677653	NAG: Siren (Purge (cd))	abilities	0	enemy-ground-combat-sapper		protected-order-expression				UnitSpellClosure_registerUnitSpellWithTargetOrder_RaceNagaAbilities_cast_registerUnitSpellWithTargetOrder_RaceNagaAbilities	Mv	otr	HK	protected-registry-call	3597513
n026	1848652342	Furbolg Shaman	units	A0C0	1093681968	NAT: Furbolg Shaman (rejuvenation (dummy))	abilities	2	ally-ground		protected-order-expression				UnitSpellClosure_registerUnitSpellWithTargetOrder_RaceNatureAbilities_cast_registerUnitSpellWithTargetOrder_RaceNatureAbilities	ew	gur	JK	protected-registry-call	3604971
n028	1848652344	Furbolg Elder Shaman	units	A0C1	1093681969	NAT: Furbolg Elder Shaman (rejuvenation (dummy))	abilities	2	ally-ground		protected-order-expression				UnitSpellClosure_registerUnitSpellWithTargetOrder_RaceNatureAbilities_cast_registerUnitSpellWithTargetOrder_RaceNatureAbilities1	fw	hur	JK	protected-registry-call	3605238
e006	1697656886	Dryad	units	A004	1093677108	NAT: Dryad (natures touch)	abilities	2	ally-ground		protected-order-expression				UnitSpellClosure_registerUnitSpellWithTargetOrder_RaceNatureAbilities_cast_registerUnitSpellWithTargetOrder_RaceNatureAbilities2	gw	iur	JK	protected-registry-call	3605505
e009	1697656889	Keeper of the Grove	units	A0BT	1093681748	NAT: Keeper of the Groove (natures touch)	abilities	2	ally-ground		protected-order-expression				UnitSpellClosure_registerUnitSpellWithTargetOrder_RaceNatureAbilities_cast_registerUnitSpellWithTargetOrder_RaceNatureAbilities3	hw	jur	JK	protected-registry-call	3605772
e00C	1697656899	Ancient Keeper	units	A0BX	1093681752	NAT: Ancient Keeper (treants sprout)	abilities	0	enemy-ground-combat-sapper		protected-order-expression				UnitSpellClosure_registerUnitSpellWithTargetOrder_RaceNatureAbilities_cast_registerUnitSpellWithTargetOrder_RaceNatureAbilities4	iw	kur	JK	protected-registry-call	3606047
n01W	1848652119	Brood Mother	units	A0AV	1093681494	NAT: Brood Mother (infest)	abilities	0	enemy-ground-combat-sapper		protected-order-expression				UnitSpellClosure_registerUnitSpellWithTargetOrder_RaceNatureAbilities_cast_registerUnitSpellWithTargetOrder_RaceNatureAbilities5	jw	lur	JK	protected-registry-call	3606321
e00F	1697656902	Mountain Giant	units	A0BJ	1093681738	NAT: Mountain Giant (taunt dummy)	abilities	0	enemy-ground-combat-sapper		protected-order-expression				UnitSpellClosure_registerUnitSpellWithTargetOrder_RaceNatureAbilities_cast_registerUnitSpellWithTargetOrder_RaceNatureAbilities6	lw	mur	JK	protected-registry-call	3606596
e007	1697656887	Druid	units	A07P	1093678928		abilities	0	enemy-ground-combat-sapper		protected-order-expression				UnitSpellClosure_registerUnitSpellWithTargetOrder_RaceNelfAbilities_cast_registerUnitSpellWithTargetOrder_RaceNelfAbilities	Bw	Mvr	LK	protected-registry-call	3615917
e00J	1697656906	Sage Druid	units	A07R	1093678930		abilities	0	enemy-ground-combat-sapper		protected-order-expression				UnitSpellClosure_registerUnitSpellWithTargetOrder_RaceNelfAbilities_cast_registerUnitSpellWithTargetOrder_RaceNelfAbilities1	Cw	Nvr	LK	protected-registry-call	3616192
e000	1697656880	Faerie Dragon	units	A0CG	1093681991	NEL: Faerie Dragon (heal)	abilities	2	ally-ground		protected-order-expression				UnitSpellClosure_registerUnitSpellWithTargetOrder_RaceNelfAbilities_cast_registerUnitSpellWithTargetOrder_RaceNelfAbilities2	Dw	Ovr	LK	protected-registry-call	3616459
n016	1848652086	Magnataur	units	A05E	1093678405		abilities	0	enemy-ground-combat-sapper		protected-order-expression				UnitSpellClosure_registerUnitSpellWithTargetOrder_RaceNorthernAbilities_cast_registerUnitSpellWithTargetOrder_RaceNorthernAbilities	Yw	yxr	RK	protected-registry-call	3629113
n013	1848652083	Ancient Wandigoo	units	A05C	1093678403		abilities	0	enemy-ground-combat-sapper		protected-order-expression				UnitSpellClosure_registerUnitSpellWithTargetOrder_RaceNorthernAbilities_cast_registerUnitSpellWithTargetOrder_RaceNorthernAbilities1	Zw	zxr	RK	protected-registry-call	3629387
n014	1848652084	Ice Queen	units	A044	1093678132		abilities	0	enemy-ground-combat-sapper		protected-order-expression				UnitSpellClosure_registerUnitSpellWithTargetOrder_RaceNorthernAbilities_cast_registerUnitSpellWithTargetOrder_RaceNorthernAbilities2	bx	Axr	RK	protected-registry-call	3629662
n01O	1848652111	Troll Trapper	units	A06I	1093678665		abilities	1	enemy-flying-combat-sapper		protected-order-expression				UnitSpellClosure_registerUnitSpellWithTargetOrder_RaceOrcAbilities_cast_registerUnitSpellWithTargetOrder_RaceOrcAbilities	Yx	Jzr	VK	protected-registry-call	3643256
n02G	1848652359	Forest Troll Trapper	units	A0FB	1093682754	Parasite(leg troll)	abilities	1	enemy-flying-combat-sapper		protected-order-expression				UnitSpellClosure_registerUnitSpellWithTargetOrder_RaceOrcAbilities_cast_registerUnitSpellWithTargetOrder_RaceOrcAbilities1	Zx	Kzr	VK	protected-registry-call	3643531
