race_index	builder_rawcode	builder_names	campaign_only	building_rawcode	building_names	ability_rawcode	ability_name	ability_tip	ability_ubertip	cadence_seconds	cadence_source	mechanic_kind	target_selector	target_predicate	evidence_kind	evidence_disagreements	effect_objects_json	parameters_json	source_functions	byte_offset
14	X018	Undead Builder	0	h00A	Death Pit	A033	UND: Death Pit	Sudden Death	Kills a random enemy unit instantly.|n|n|cffFFFF80Cooldown:|cffFFFF00 15 |rseconds	15	ability-mana-cost/building-mana-regen	direct-random-target-damage	random-alive-enemy	randomAliveEnemy-helper;shield-check-passes	script-direct		[]	"{""attack_flag"":true,""attack_type"":""normal"",""damage"":""50000"",""damage_type"":""death"",""ranged_flag"":false}"	BuildingSpellClosure_registerBuildingSpell_RaceUndeadAbilities_cast_registerBuildingSpell_RaceUndeadAbilities2,deathPitSpell	1497028
14	X018	Undead Builder	0	h01P	Skull Pile	A01Q	Parasite	Advanced Raise Dead	Uses a corpse to spawn a random tier 1 skeleton, with a 10% chance for a tier 2 instead.|n|n|cffFFFF80Cooldown:|cffFFFF00 12 |rseconds	12	ability-mana-cost/building-mana-regen	scripted-raise-random	randomDyingSapper	combat-sapper;life<0.405;not-undead;missing-invulnerable-ability	script-direct		"[{""ability_level1"":{""area"":"""",""buffs"":"""",""data_fields_labeled_json"":""{}"",""duration_hero"":"""",""duration_normal"":"""",""name"":""Invulnerable"",""range"":"""",""targets"":""""},""categories"":"""",""names"":"""",""rawcode"":""Avul"",""rawcode_integer"":1098282348},{""categories"":""units"",""names"":""Skeletal Hero"",""protected_unitstat"":{""attack1_cooldown"":""0.85"",""attack1_max"":""32.0"",""attack1_min"":""31.0"",""attack1_range"":""100"",""override_fields"":""armor,attack1_base_damage,attack1_cooldown,defense_type""},""rawcode"":""n00C"",""rawcode_integer"":1848651843,""unit_object"":{""abilities"":""A00D"",""attack1_full_aoe"":"" - "",""attack1_targets"":""ground,structure,debris,item,ward"",""attack1_type"":""hero"",""attack1_weapon_type"":""normal"",""name"":""Skeletal Hero""}},{""categories"":""units"",""names"":""Skeleton Warrior"",""protected_unitstat"":{""attack1_cooldown"":""1.35"",""attack1_max"":""27.0"",""attack1_min"":""26.0"",""attack1_range"":""90"",""override_fields"":""hp,armor,attack1_base_damage,attack1_cooldown,defense_type""},""rawcode"":""u002"",""rawcode_integer"":1966092338,""unit_object"":{""abilities"":""_"",""attack1_full_aoe"":"" - "",""attack1_targets"":""ground,structure,debris,item,ward"",""attack1_type"":""normal"",""attack1_weapon_type"":""normal"",""name"":""Skeleton Warrior""}},{""categories"":""units"",""names"":""Skeleton Archer"",""protected_unitstat"":{""attack1_cooldown"":""1.35"",""attack1_max"":""27.0"",""attack1_min"":""25.0"",""attack1_range"":""350"",""override_fields"":""hp,armor,attack1_base_damage,attack1_cooldown,attack1_range,defense_type""},""rawcode"":""n00D"",""rawcode_integer"":1848651844,""unit_object"":{""abilities"":""_"",""attack1_full_aoe"":"" - "",""attack1_targets"":""ground,structure,debris,air,item,ward"",""attack1_type"":""pierce"",""attack1_weapon_type"":""missile"",""name"":""Skeleton Archer""}},{""categories"":""units"",""names"":""Skeletal Mage"",""protected_unitstat"":{""attack1_cooldown"":""1.35"",""attack1_max"":""27.0"",""attack1_min"":""26.0"",""attack1_range"":""400"",""override_fields"":""hp,armor,attack1_base_damage,attack1_cooldown,attack1_range,defense_type""},""rawcode"":""u00A"",""rawcode_integer"":1966092353,""unit_object"":{""abilities"":""_"",""attack1_full_aoe"":"" - "",""attack1_targets"":""ground,structure,debris,air,item,ward"",""attack1_type"":""magic"",""attack1_weapon_type"":""missile"",""name"":""Skeletal Mage""}}]"	"{""attack_type"":null,""auxiliary_ability_id"":null,""consume_radius"":null,""consumption_mode"":""selected-only"",""corpse_phase"":""dying"",""damage"":null,""damage_type"":null,""effect_radius"":null,""requires_wc3_can_raise"":false,""summon_outcomes"":[{""probability_percent"":10,""unit_id"":1848651843},{""probability_percent"":30,""unit_id"":1966092338},{""probability_percent"":30,""unit_id"":1848651844},{""probability_percent"":30,""unit_id"":1966092353}]}"	BuildingSpellClosure_registerBuildingSpell_RaceUndeadAbilities_cast_registerBuildingSpell_RaceUndeadAbilities,ForGroupCallback_forUnitsInRect_RaceUndeadAbilities_callback_forUnitsInRect_RaceUndeadAbilities,raiseFromCorpse	1496568
12	X019	Orc Builder	0	h02N	Serpent Rock	A02Z	ORC: Serpent Rock	Poison Area	Spits poison onto an area near a random enemy unit. All units that get hit by this poison get their armor reduced by 5, their attack and movement speed reduced by 20% and take damage over time. The poison lasts 5 seconds.|n|n|cffFFFF80Cooldown:|cffFFFF00 12 |rseconds	12	ability-mana-cost/building-mana-regen	dummy-target-ability	random-alive-enemy	randomAliveEnemy-helper;linked-ability-target-mask	script-direct		"[{""ability_level1"":{""area"":""425"",""buffs"":""B00C"",""data_fields_labeled_json"":""{\""Armor Penalty\"":5,\""Attack Speed Reduction (%)\"":-0.2,\""Damage Interval\"":1,\""Movement Speed Reduction (%)\"":-0.2,\""Primary Damage\"":30,\""Secondary Damage\"":30}"",""duration_hero"":""2.5"",""duration_normal"":""5"",""name"":""ORC: Serpent Rock"",""range"":""50000"",""targets"":""air,enemies,ground,neutral,organic""},""categories"":""abilities"",""names"":""ORC: Serpent Rock"",""rawcode"":""A030"",""rawcode_integer"":1093677872}]"	"{""dummy_ability_id"":1093677872,""dummy_lifetime_seconds"":""30"",""effect_parameters_source"":""linked-ability-object-data"",""order_id"":852662}"	BuildingSpellClosure_registerBuildingSpell_RaceOrcAbilities_cast_registerBuildingSpell_RaceOrcAbilities4,serpentRockShoot	1494646
12	X019	Orc Builder	0	h02R	Ceremonial Totem	A039	ORC: Ceremonial Totem	Tribal Blessing	Gives a random friendly unit permanently +20 damage, +20% attackspeed, 3 armor and 200 hitpoints. Also gives one of the following:|n- Demolish (x1.5)|n- Critical Strike (25%, x2)|n- Evasion (30%)|n|n|cffFFFF80Cooldown:|cffFFFF00 10 |rseconds	10	ability-mana-cost/building-mana-regen	persistent-random-buff-bundle	random-battlefield-ally-with-retry	alive-combat-sapper;ally;missing-invulnerable-ability;first-pass-missing-A0F1;fallback-relaxes-A0F1	script-direct		"[{""ability_level1"":{""area"":""-"",""buffs"":"""",""data_fields_labeled_json"":""{\""Attack Speed Increase\"":0.2}"",""duration_hero"":""0"",""duration_normal"":""0"",""name"":""Item Attack Speed Bonus"",""range"":""-"",""targets"":""_""},""categories"":""abilities"",""names"":"""",""rawcode"":""A03B"",""rawcode_integer"":1093677890},{""ability_level1"":{""area"":""-"",""buffs"":"""",""data_fields_labeled_json"":""{\""Attack Bonus\"":20}"",""duration_hero"":""0"",""duration_normal"":""0"",""name"":""Item Damage Bonus"",""range"":""-"",""targets"":""_""},""categories"":""abilities"",""names"":"""",""rawcode"":""A03A"",""rawcode_integer"":1093677889},{""ability_level1"":{""area"":""-"",""buffs"":"""",""data_fields_labeled_json"":""{\""Max Life Gained\"":200}"",""duration_hero"":""0"",""duration_normal"":""0"",""name"":""Item Life Bonus"",""range"":""-"",""targets"":""_""},""categories"":""abilities"",""names"":"""",""rawcode"":""A03D"",""rawcode_integer"":1093677892},{""ability_level1"":{""area"":""-"",""buffs"":"""",""data_fields_labeled_json"":""{\""Defense Bonus\"":3}"",""duration_hero"":""0"",""duration_normal"":""0"",""name"":""Item Armor Bonus"",""range"":""-"",""targets"":""_""},""categories"":""abilities"",""names"":"""",""rawcode"":""A08L"",""rawcode_integer"":1093679180},{""ability_level1"":{""area"":""0"",""buffs"":"""",""data_fields_labeled_json"":""{\""Chance to Critical Strike\"":25,\""Chance to Evade\"":0,\""Damage Bonus\"":0,\""Damage Multiplier\"":2,\""Exclude Item Damage\"":\""-\"",\""Never Miss\"":0}"",""duration_hero"":""0"",""duration_normal"":""0"",""name"":""Critical Strike"",""range"":""-"",""targets"":""air,ground,enemy,neutral""},""categories"":""abilities"",""names"":"""",""rawcode"":""A05I"",""rawcode_integer"":1093678409},{""ability_level1"":{""area"":""0"",""buffs"":""B00Z"",""data_fields_labeled_json"":""{\""Attack Speed Increase (%)\"":0,\""Movement Speed Increase (%)\"":0}"",""duration_hero"":""0"",""duration_normal"":""0"",""name"":""Endurance Aura"",""range"":""-"",""targets"":""self""},""categories"":""abilities"",""names"":"""",""rawcode"":""A06W"",""rawcode_integer"":1093678679},{""ability_level1"":{""area"":""-"",""buffs"":"""",""data_fields_labeled_json"":""{\""Chance to Evade\"":0.3}"",""duration_hero"":""0"",""duration_normal"":""0"",""name"":""Evasion"",""range"":""-"",""targets"":""_""},""categories"":""abilities"",""names"":"""",""rawcode"":""A08M"",""rawcode_integer"":1093679181},{""ability_level1"":{""area"":""0"",""buffs"":""B010"",""data_fields_labeled_json"":""{\""Attack Speed Increase (%)\"":0,\""Movement Speed Increase (%)\"":0}"",""duration_hero"":""0"",""duration_normal"":""0"",""name"":""Endurance Aura"",""range"":""-"",""targets"":""self""},""categories"":""abilities"",""names"":"""",""rawcode"":""A06Y"",""rawcode_integer"":1093678681},{""ability_level1"":{""area"":""-"",""buffs"":"""",""data_fields_labeled_json"":""{\""Chance to Demolish\"":100,\""Damage Multiplier (Buildings)\"":1.5,\""Damage Multiplier (Heroes)\"":0,\""Damage Multiplier (Units)\"":0}"",""duration_hero"":""0"",""duration_normal"":""0"",""name"":""Demolish"",""range"":""-"",""targets"":""enemy,structure""},""categories"":""abilities"",""names"":"""",""rawcode"":""A08R"",""rawcode_integer"":1093679186},{""ability_level1"":{""area"":""0"",""buffs"":""B00Y"",""data_fields_labeled_json"":""{\""Attack Speed Increase (%)\"":0,\""Movement Speed Increase (%)\"":0}"",""duration_hero"":""0"",""duration_normal"":""0"",""name"":""Endurance Aura"",""range"":""-"",""targets"":""self""},""categories"":""abilities"",""names"":"""",""rawcode"":""A06X"",""rawcode_integer"":1093678680},{""ability_level1"":{""area"":"""",""buffs"":"""",""data_fields_labeled_json"":""{}"",""duration_hero"":"""",""duration_normal"":"""",""name"":""Invulnerable"",""range"":"""",""targets"":""""},""categories"":"""",""names"":"""",""rawcode"":""Avul"",""rawcode_integer"":1098282348},{""ability_level1"":{""area"":""100"",""buffs"":""B02A"",""data_fields_labeled_json"":""{\""Always Autocast\"":\"" - \"",\""Attack Speed Factor\"":0,\""Movement Speed Factor\"":0}"",""duration_hero"":""0"",""duration_normal"":""0"",""name"":""Slow Aura"",""range"":"" - "",""targets"":""self""},""categories"":""abilities"",""names"":"""",""rawcode"":""A0F1"",""rawcode_integer"":1093682737}]"	"{""always_ability_ids"":[1093677890,1093677889,1093677892,1093679180],""duration_seconds"":null,""effect_parameters_source"":""linked-ability-object-data"",""option_ability_ids"":[[1093678409,1093678679],[1093679181,1093678681],[1093679186,1093678680]],""option_selection"":""uniform-GetRandomInt(1,3)"",""option_weights"":[1,1,1]}"	BuildingSpellClosure_registerBuildingSpell_RaceOrcAbilities_cast_registerBuildingSpell_RaceOrcAbilities,ceremonialTotemSpell,ceremonialPick,isCeremonialTotemTarget,passesRetryTargetGate	1493212
11	X017	Northern Builder	0	h03L	Greater Frost Launcher	A04L	Parasite	Hailstone	Fires a chunk of enchanted ice at a random enemy building. Ground targets around the impact take 100 chaos damage and are frozen solid for 12s, completely stopping all actions for the duration.|n|n|cffFFFF80Cooldown:|cffFFFF00 15 |rseconds	15	ability-mana-cost/building-mana-regen	spawn-attack-dummy	random-battlefield-structure	alive;enemy;structure;normal-player;not-main-castle;not-alt-castle;missing-power-armor	script-direct		"[{""categories"":""units"",""names"":""AdvancedFreezeDummy"",""protected_unitstat"":{""attack1_cooldown"":""50"",""attack1_max"":""100.0"",""attack1_min"":""100.0"",""attack1_range"":""30000"",""override_fields"":""hp,attack1_base_damage,attack1_dice_sides,attack1_cooldown,attack1_range""},""rawcode"":""h04H"",""rawcode_integer"":1747989576,""unit_object"":{""abilities"":""A04K,Aloc,Avul"",""attack1_full_aoe"":""200"",""attack1_targets"":""structure,enemy"",""attack1_type"":""chaos"",""attack1_weapon_type"":""msplash"",""name"":""AdvancedFreezeDummy""}},{""ability_level1"":{""area"":""1000"",""buffs"":""Bfrz"",""data_fields_labeled_json"":""{}"",""duration_hero"":""5"",""duration_normal"":""12"",""name"":""Freezing Breath"",""range"":""-"",""targets"":""enemies,ground,structure""},""categories"":""abilities"",""names"":"""",""rawcode"":""A04K"",""rawcode_integer"":1093678155},{""categories"":""buffs"",""names"":""Power Armor"",""rawcode"":""B01K"",""rawcode_integer"":1110454603}]"	"{""dummy_unit_id"":1747989576,""effect_parameters_source"":""dummy-unit-protected-unitstat-and-object-data"",""excluded_buff_id"":1110454603,""excluded_unit_ids"":[1751343475,1747990093],""freeze_ability_id"":1093678155,""order_id"":851983,""timed_life_seconds"":""20""}"	BuildingSpellClosure_registerBuildingSpellWithEffect_RaceNorthernAbilities_cast_registerBuildingSpellWithEffect_RaceNorthernAbilities2,frostLauncherSpell,randomNorthernBuildingTarget,ForGroupCallback_forUnitsInRect_RaceNorthernAbilities_callback_forUnitsInRect_RaceNorthernAbilities1,issueFrostLauncherOrder	1488927
11	X017	Northern Builder	0	h03O	World Freezer	A04I	Parasite	Onset of Winter	Sends out 3 orbs that travel in a straight line and bounce off of horizontal boundries. Each one reduces attack and movement speed of enemies around it by 30% and picks a random target every 2s. Flying foes takes 125 spell damage and are frozen solid for 8s. Ground adversaries hit cannot move or attack for 15s and take 15 spell damage every second for the duration.|n|n|cffFFFF80Cooldown:|cffFFFF00 35 |rseconds	35	ability-mana-cost/building-mana-regen	moving-orb-field	three-lane-projectiles-with-periodic-random-nearby-target	orb-aura:enemy;target-selection:alive-enemy-within-700;special-flying-vs-ground-effects	script-direct		"[{""categories"":""units"",""names"":""FrostOrbDummy"",""protected_unitstat"":{""attack1_cooldown"":""2"",""attack1_max"":""9.0"",""attack1_min"":""8.0"",""attack1_range"":""600"",""override_fields"":""hp""},""rawcode"":""h08U"",""rawcode_integer"":1747990613,""unit_object"":{""abilities"":""A081,A080,Aloc,Avul"",""attack1_full_aoe"":"" - "",""attack1_targets"":""ground,structure,debris,air,item,ward"",""attack1_type"":""magic"",""attack1_weapon_type"":""missile"",""name"":""FrostOrbDummy""}},{""ability_level1"":{""area"":""750"",""buffs"":""B014"",""data_fields_labeled_json"":""{\""Attack Speed Increase (%)\"":-0.3,\""Movement Speed Increase (%)\"":-0.3}"",""duration_hero"":""0"",""duration_normal"":""0"",""name"":""freezer orb slow"",""range"":""-"",""targets"":""air,enemies,ground,vulnerable""},""categories"":""abilities"",""names"":""freezer orb slow"",""rawcode"":""A081"",""rawcode_integer"":1093679153},{""ability_level1"":{""area"":""700"",""buffs"":""B015"",""data_fields_labeled_json"":""{\""Damage Per Second\"":0,\""Initial Damage\"":30}"",""duration_hero"":""0.01"",""duration_normal"":""0.01"",""name"":""World Freezer Phoenix Fire"",""range"":"""",""targets"":""air,enemies,ground,structure""},""categories"":""abilities"",""names"":""World Freezer Phoenix Fire"",""rawcode"":""A080"",""rawcode_integer"":1093679152},{""ability_level1"":{""area"":""700"",""buffs"":""B015"",""data_fields_labeled_json"":""{\""Damage Per Second\"":0,\""Initial Damage\"":30}"",""duration_hero"":""0.01"",""duration_normal"":""0.01"",""name"":""World Freezer Phoenix Fire -na"",""range"":"""",""targets"":""air,enemies,ground""},""categories"":""abilities"",""names"":""World Freezer Phoenix Fire -na"",""rawcode"":""A084"",""rawcode_integer"":1093679156},{""ability_level1"":{""area"":""-"",""buffs"":""B015"",""data_fields_labeled_json"":""{\""Damage\"":125}"",""duration_hero"":""4"",""duration_normal"":""8"",""name"":""Storm Bolt"",""range"":""800"",""targets"":""air,debris,enemies,ground,neutral""},""categories"":""abilities"",""names"":"""",""rawcode"":""A082"",""rawcode_integer"":1093679154},{""ability_level1"":{""area"":""-"",""buffs"":""B015"",""data_fields_labeled_json"":""{\""Damage\"":0}"",""duration_hero"":""0.5"",""duration_normal"":""0.5"",""name"":""Storm Bolt"",""range"":""800"",""targets"":""air,debris,enemies,ground,neutral,structure""},""categories"":""abilities"",""names"":"""",""rawcode"":""A083"",""rawcode_integer"":1093679155},{""ability_level1"":{""area"":""-"",""buffs"":""B00M"",""data_fields_labeled_json"":""{\""Damage per Second\"":15}"",""duration_hero"":""3.75"",""duration_normal"":""15"",""name"":""Entangling Roots"",""range"":""800"",""targets"":""air,enemies,ground,neutral,nonhero,structure""},""categories"":""abilities"",""names"":"""",""rawcode"":""A04H"",""rawcode_integer"":1093678152}]"	"{""alternate_mode_damage_ability_id"":1093679156,""ambient_damage_ability_id"":1093679152,""ambient_slow_ability_id"":1093679153,""angle_offsets_degrees"":[-45,0,45],""effect_parameters_source"":""linked-ability-object-data"",""flying_target_ability_id"":1093679154,""ground_damage_ability_id"":1093678152,""ground_stun_ability_id"":1093679155,""movement_speed_world_units_per_second"":""300"",""movement_step_world_units"":12,""movement_tick_seconds"":""0.04"",""orb_count"":3,""orb_unit_id"":1747990613,""spawn_delay_seconds"":""1.5"",""target_check_after_ticks_gt"":50,""target_check_nominal_seconds"":""2.04"",""target_radius"":700,""vertical_bounds"":[-2000,2000]}"	BuildingSpellClosure_registerBuildingSpell_RaceNorthernAbilities_cast_registerBuildingSpell_RaceNorthernAbilities,CallbackSingle_doAfter_RaceNorthernAbilities_call_doAfter_RaceNorthernAbilities1,addWorldFreezerMissile,processWorldFreezerMissiles	1489204
11	X017	Northern Builder	0	h047	Chilling Mushroom	A06P	NOR: Chilling Mushroom	Freezing Blast	"Freezes an air unit stunning it for 2.5 seconds and dealing 150 |cff8080ffspell damage|r.|n
|cff00FF00Others: 100%|r|n|cffFF0000Hero: 70%|nDivine: 25%|r
|n|cffFFFF80Cooldown:|cffFFFF00 6 |rseconds"	6	ability-mana-cost/building-mana-regen	dummy-target-ability	random-battlefield-unit	alive-combat-sapper;enemy;flying;missing-invulnerable-ability;shield-check-passes	script-direct	tooltip-spell-damage=150;linked-A0AK-Damage=200	"[{""ability_level1"":{""area"":""-"",""buffs"":""B00X"",""data_fields_labeled_json"":""{\""Damage\"":200}"",""duration_hero"":""2.5"",""duration_normal"":""2.5"",""name"":""NOR: Chilling Mushroom"",""range"":""99999"",""targets"":""air,debris,enemies,neutral""},""categories"":""abilities"",""names"":""NOR: Chilling Mushroom"",""rawcode"":""A0AK"",""rawcode_integer"":1093681483},{""ability_level1"":{""area"":"""",""buffs"":"""",""data_fields_labeled_json"":""{}"",""duration_hero"":"""",""duration_normal"":"""",""name"":""Invulnerable"",""range"":"""",""targets"":""""},""categories"":"""",""names"":"""",""rawcode"":""Avul"",""rawcode_integer"":1098282348}]"	"{""dummy_ability_id"":1093681483,""dummy_lifetime_seconds"":""10"",""effect_parameters_source"":""ability-object-data"",""order_id"":852095}"	BuildingSpellClosure_registerBuildingSpellWithEffect_RaceNorthernAbilities_cast_registerBuildingSpellWithEffect_RaceNorthernAbilities,mushroomSpell,randomFlyingEnemySapper,ForGroupCallback_forUnitsInRect_RaceNorthernAbilities_callback_forUnitsInRect_RaceNorthernAbilities	1488390
11	X017	Northern Builder	0	h048	Frost Launcher	A04J	Parasite	Hailstone	Fires a chunk of enchanted ice at a random enemy building, which does 50 chaos damage and freezes it solid for 10s, completely stopping all actions for the duration.|n|n|cffFFFF80Cooldown:|cffFFFF00 12 |rseconds	12	ability-mana-cost/building-mana-regen	spawn-attack-dummy	random-battlefield-structure	alive;enemy;structure;normal-player;not-main-castle;not-alt-castle;missing-power-armor	script-direct		"[{""categories"":""units"",""names"":""FreezeDummy"",""protected_unitstat"":{""attack1_cooldown"":""50"",""attack1_max"":""50.0"",""attack1_min"":""50.0"",""attack1_range"":""30000"",""override_fields"":""hp,attack1_base_damage,attack1_dice_sides,attack1_cooldown,attack1_range""},""rawcode"":""h04G"",""rawcode_integer"":1747989575,""unit_object"":{""abilities"":""A04F,Aloc,Avul"",""attack1_full_aoe"":""25"",""attack1_targets"":""structure,enemy"",""attack1_type"":""chaos"",""attack1_weapon_type"":""msplash"",""name"":""FreezeDummy""}},{""ability_level1"":{""area"":""1000"",""buffs"":""Bfrz"",""data_fields_labeled_json"":""{}"",""duration_hero"":""5"",""duration_normal"":""10"",""name"":""Freezing Breath"",""range"":""-"",""targets"":""structure,enemy""},""categories"":""abilities"",""names"":"""",""rawcode"":""A04F"",""rawcode_integer"":1093678150},{""categories"":""buffs"",""names"":""Power Armor"",""rawcode"":""B01K"",""rawcode_integer"":1110454603}]"	"{""dummy_unit_id"":1747989575,""effect_parameters_source"":""dummy-unit-protected-unitstat-and-object-data"",""excluded_buff_id"":1110454603,""excluded_unit_ids"":[1751343475,1747990093],""freeze_ability_id"":1093678150,""order_id"":851983,""timed_life_seconds"":""20""}"	BuildingSpellClosure_registerBuildingSpellWithEffect_RaceNorthernAbilities_cast_registerBuildingSpellWithEffect_RaceNorthernAbilities1,frostLauncherSpell,randomNorthernBuildingTarget,ForGroupCallback_forUnitsInRect_RaceNorthernAbilities_callback_forUnitsInRect_RaceNorthernAbilities1,issueFrostLauncherOrder	1488650
14	X018	Undead Builder	0	h056	Skull Shrine	A05U	Parasite	Raise Dead	Uses a corpse to raise a tier 2-3 skeleton.|n|n|cffFFFF80Cooldown:|cffFFFF00 12 |rseconds	12	ability-mana-cost/building-mana-regen	scripted-raise-random	randomDyingSapper	combat-sapper;life<0.405;not-undead;missing-invulnerable-ability	script-direct		"[{""ability_level1"":{""area"":"""",""buffs"":"""",""data_fields_labeled_json"":""{}"",""duration_hero"":"""",""duration_normal"":"""",""name"":""Invulnerable"",""range"":"""",""targets"":""""},""categories"":"""",""names"":"""",""rawcode"":""Avul"",""rawcode_integer"":1098282348},{""categories"":""units"",""names"":""Skeletal General"",""protected_unitstat"":{""attack1_cooldown"":""0.7"",""attack1_max"":""51.0"",""attack1_min"":""50.0"",""attack1_range"":""100"",""override_fields"":""hp,armor,attack1_base_damage,attack1_cooldown,defense_type""},""rawcode"":""n01M"",""rawcode_integer"":1848652109,""unit_object"":{""abilities"":""A019,A066"",""attack1_full_aoe"":"" - "",""attack1_targets"":""ground,structure,debris,item,ward"",""attack1_type"":""chaos"",""attack1_weapon_type"":""normal"",""name"":""Skeletal General""}},{""categories"":""units"",""names"":""Greater Skeleton Warrior"",""protected_unitstat"":{""attack1_cooldown"":""1.25"",""attack1_max"":""46.0"",""attack1_min"":""45.0"",""attack1_range"":""90"",""override_fields"":""hp,armor,attack1_base_damage,attack1_cooldown,defense_type""},""rawcode"":""u00B"",""rawcode_integer"":1966092354,""unit_object"":{""abilities"":""A065,A01A"",""attack1_full_aoe"":"" - "",""attack1_targets"":""ground,structure,debris,item,ward"",""attack1_type"":""normal"",""attack1_weapon_type"":""normal"",""name"":""Greater Skeleton Warrior""}},{""categories"":""units"",""names"":""Greater Skeleton Archer"",""protected_unitstat"":{""attack1_cooldown"":""1.2"",""attack1_max"":""52.0"",""attack1_min"":""50.0"",""attack1_range"":""350"",""override_fields"":""hp,armor,attack1_base_damage,attack1_cooldown,attack1_range,defense_type""},""rawcode"":""n01L"",""rawcode_integer"":1848652108,""unit_object"":{""abilities"":""A0CV,A03P,A00D"",""attack1_full_aoe"":"" - "",""attack1_targets"":""ground,structure,debris,air,item,ward"",""attack1_type"":""pierce"",""attack1_weapon_type"":""missile"",""name"":""Greater Skeleton Archer""}},{""categories"":""units"",""names"":""Greater Skeletal Mage"",""protected_unitstat"":{""attack1_cooldown"":""1.2"",""attack1_max"":""51.0"",""attack1_min"":""50.0"",""attack1_range"":""400"",""override_fields"":""hp,armor,attack1_base_damage,attack1_cooldown,attack1_range,defense_type""},""rawcode"":""u003"",""rawcode_integer"":1966092339,""unit_object"":{""abilities"":""A0CV"",""attack1_full_aoe"":""450"",""attack1_targets"":""ground,structure,debris,air,item,ward"",""attack1_type"":""magic"",""attack1_weapon_type"":""mbounce"",""name"":""Greater Skeletal Mage""}}]"	"{""attack_type"":null,""auxiliary_ability_id"":null,""consume_radius"":null,""consumption_mode"":""selected-only"",""corpse_phase"":""dying"",""damage"":null,""damage_type"":null,""effect_radius"":null,""requires_wc3_can_raise"":false,""summon_outcomes"":[{""probability_percent"":10,""unit_id"":1848652109},{""probability_percent"":30,""unit_id"":1966092354},{""probability_percent"":30,""unit_id"":1848652108},{""probability_percent"":30,""unit_id"":1966092339}]}"	BuildingSpellClosure_registerBuildingSpell_RaceUndeadAbilities_cast_registerBuildingSpell_RaceUndeadAbilities1,ForGroupCallback_forUnitsInRect_RaceUndeadAbilities_callback_forUnitsInRect_RaceUndeadAbilities,raiseFromCorpse	1496873
13	X07P	Pandaren Builder	0	h07R	Thunderpaw Spire	A0GW	Thunderpaw Spire Ability	Call of Thunder	|cffFFFF80Ability: |cffFFFF00Call of Thunder|r|nAfter this spell has been cast, the next time an allied melee unit damages an enemy with an attack (not spell), the damage instance is amplified by up to 200% by a lightning strike. Deals at least 75 and up to 300 damage. Half damage to air units.|n|n|cffFFFF80Cooldown:|cffFFFF00 15 |rseconds	15	ability-mana-cost/building-mana-regen	armed-next-melee-attack-splash	next-qualifying-allied-melee-attack	team-charge>0;attack-damage-event;source-damage>10;source-not-invulnerable;weapon0-range>1-and<128.1;weapon1-range<128.1	script-direct		"[{""ability_level1"":{""area"":""-"",""buffs"":"""",""data_fields_labeled_json"":""{\""Art Duration\"":0.98,\""Base Order ID\"":\""channel\"",\""Disable Other Abilities\"":1,\""Follow Through Time\"":180,\""Options\"":0,\""Target Type\"":0}"",""duration_hero"":""0"",""duration_normal"":""0"",""name"":""Channel"",""range"":""500"",""targets"":""_""},""categories"":""abilities"",""names"":"""",""rawcode"":""A07M"",""rawcode_integer"":1093678925}]"	"{""attack_type"":""normal"",""charges_consumed_per_proc"":1,""charges_granted_per_cast"":1,""damage_multiplier"":2,""damage_type"":""universal"",""effect_radius"":300,""flying_recipient_multiplier"":""0.5"",""maximum_damage"":300,""minimum_damage"":75,""special_source_ability_id"":1093678925,""special_source_multiplier"":""0.35""}"	BuildingSpellClosure_registerBuildingSpell_ThunderpawSpire_cast_registerBuildingSpell_ThunderpawSpire,DamageListener_addListener_doAfter_ThunderpawSpire_onEvent_addListener_doAfter_ThunderpawSpire,ForGroupCallback_forUnitsInRange_addListener_doAfter_ThunderpawSpire_callback_forUnitsInRange_addListener_doAfter_ThunderpawSpire	1640890
6	X00C	Human Builder	0	h07U	Vessel of Purity	A0HN	Parasite	Purify	|cffffac00Utility|r|n|n|cff80ff00Purification|r • Does |cffffff00150|r spell damage and reveals all enemies for |cffffff007|rs in an area around a random corpse, consuming all corpses within |cffffff00220|r range of it. • Cooldown: |cffffff0015|rs.	15	ability-mana-cost/building-mana-regen	consume-area-and-damage	findRandomVesselCorpse	dead;combat-sapper;vulnerable;not-undead	script-direct		"[{""ability_level1"":{""area"":""400"",""buffs"":"""",""data_fields_labeled_json"":""{\""Detection Type\"":3}"",""duration_hero"":""7"",""duration_normal"":""7"",""name"":""Far Sight"",""range"":""99999"",""targets"":""_""},""categories"":""abilities"",""names"":"""",""rawcode"":""A9FS"",""rawcode_integer"":1094272595}]"	"{""attack_type"":""normal"",""auxiliary_ability_id"":1094272595,""consume_radius"":220,""consumption_mode"":""all-qualifying-within-radius"",""corpse_phase"":""dead"",""damage"":150,""damage_type"":""universal"",""effect_radius"":300,""requires_wc3_can_raise"":false,""summon_outcomes"":[]}"	BuildingSpellClosure_registerBuildingSpell_VesselOfPurity_cast_registerBuildingSpell_VesselOfPurity,isVesselCorpse,vesselOfPuritySpell	1663648
11	X017	Northern Builder	0	h07W	Snowveil Fountain	A0HO	Parasite	Snowfall	"Calls down a veil of snow upon a random enemy, freezing the ground beneath them.
Allied units standing on snow take |cffffcc0020%|r less damage.

The snow can be consumed by |cffffcc00Wrath of Winter|r to unleash icy explosions.

|n|cffFFFF80Cooldown:|cffFFFF00 15 |rseconds"	15	ability-mana-cost/building-mana-regen	team-snowfield	random-unit-from-generated-SX-filter	SX-filter-unresolved;damage-reduction-applies-when-target-team-owns-snow-tile	script-direct-with-unresolved-target-filter		"[{""ability_level1"":{""area"":""384"",""buffs"":"""",""data_fields_labeled_json"":""{\""Art Duration\"":0,\""Base Order ID\"":\""blink\"",\""Disable Other Abilities\"":0,\""Follow Through Time\"":0,\""Options\"":3,\""Target Type\"":2}"",""duration_hero"":""0"",""duration_normal"":""0"",""name"":""Explode Snow"",""range"":""99999"",""targets"":""air,ground,terrain""},""categories"":""abilities"",""names"":""Explode Snow"",""rawcode"":""AM0{"",""rawcode_integer"":1095577723}]"	"{""automatic_target_filter_status"":""unresolved-generated-filter-SX"",""incoming_damage_multiplier"":""0.8"",""incoming_damage_reduction_percent"":20,""manual_explosion_Pcb_cooldown_seconds"":""2"",""manual_explosion_ability_id"":1095577723,""manual_explosion_damage"":""350"",""manual_explosion_damage_type"":""universal"",""manual_explosion_normal_cooldown_seconds"":""20"",""manual_explosion_radius"":""384"",""placement_shape"":""center-plus-four-cardinal-neighbors"",""placement_tile_count"":5,""tile_spacing_world_units"":128}"	BuildingSpellClosure_registerBuildingSpell_SnowveilFountain_cast_registerBuildingSpell_SnowveilFountain,createSnowveilSnow,vec2_setSnow,DamageListener_addListener_SnowveilFountain_onEvent_addListener_SnowveilFountain,damageUnitsOnSnowInArea,explodeSnowInArea,FL	1555585
12	X019	Orc Builder	0	h07X	Stasis Totem	A032	Parasite	Global Stasis	Stuns all enemy units for 4.5 seconds.|n|n|cffFFFF80Cooldown:|cffFFFF00 40 |rseconds	40	ability-mana-cost/building-mana-regen	global-point-ability	map-wide-via-object-ability	linked-ability-target-mask	script-direct		"[{""ability_level1"":{""area"":""-"",""buffs"":""Bsta"",""data_fields_labeled_json"":""{\""Activation Delay\"":0.001,\""Detection Radius\"":99999,\""Detonation Delay\"":0.001,\""Detonation Radius\"":99999,\""Stun Duration\"":4}"",""duration_hero"":""2.5"",""duration_normal"":""150"",""name"":""Stasis Trap"",""range"":""99999"",""targets"":""air,ground,enemies""},""categories"":""abilities"",""names"":"""",""rawcode"":""Ast9"",""rawcode_integer"":1098085433}]"	"{""carrier_or_dummy_lifetime_seconds"":""1"",""effect_ability_id"":1098085433,""effect_parameters_source"":""linked-ability-object-data""}"	BuildingSpellClosure_registerBuildingSpell_RaceOrcAbilities_cast_registerBuildingSpell_RaceOrcAbilities1	1493449
12	X019	Orc Builder	0	h07Y	Healing Totem	A0HT	Global Healing	Global Healing	Healls all friendly units by 30 hp/s for 8 seconds.|n|n|cffFFFF80Cooldown:|cffFFFF00 40 |rseconds	40	ability-mana-cost/building-mana-regen	global-aura-carrier	map-wide-via-object-ability	linked-ability-target-mask	script-direct		"[{""ability_level1"":{""area"":""99999"",""buffs"":""Boar"",""data_fields_labeled_json"":""{\""Amount of Hit Points Regenerated\"":20,\""Percentage\"":0}"",""duration_hero"":""0"",""duration_normal"":""0"",""name"":""Healing Ward Aura"",""range"":""-"",""targets"":""ground,air,organic,vuln,invu,friend,neutral""},""categories"":""abilities"",""names"":"""",""rawcode"":""AstB"",""rawcode_integer"":1098085442}]"	"{""carrier_or_dummy_lifetime_seconds"":""8"",""effect_ability_id"":1098085442,""effect_parameters_source"":""linked-ability-object-data""}"	BuildingSpellClosure_registerBuildingSpell_RaceOrcAbilities_cast_registerBuildingSpell_RaceOrcAbilities2	1493900
12	X019	Orc Builder	0	h07Z	Endurance Totem	A0HS	Global Endurance	Global Endurance	Increases AS and MS of all friendly units by 33% for 6 seconds.|n|n|cffFFFF80Cooldown:|cffFFFF00 40 |rseconds	40	ability-mana-cost/building-mana-regen	global-aura-carrier	map-wide-via-object-ability	linked-ability-target-mask	script-direct		"[{""ability_level1"":{""area"":""99999"",""buffs"":""BOae"",""data_fields_labeled_json"":""{\""Attack Speed Increase (%)\"":0.33,\""Movement Speed Increase (%)\"":0.33}"",""duration_hero"":""0"",""duration_normal"":""0"",""name"":""Endurance Aura"",""range"":""-"",""targets"":""air,ground,friend,self""},""categories"":""abilities"",""names"":"""",""rawcode"":""AstC"",""rawcode_integer"":1098085443}]"	"{""carrier_or_dummy_lifetime_seconds"":""6"",""effect_ability_id"":1098085443,""effect_parameters_source"":""linked-ability-object-data""}"	BuildingSpellClosure_registerBuildingSpell_RaceOrcAbilities_cast_registerBuildingSpell_RaceOrcAbilities3	1494273
