slot	item_rawcode	item_rawcode_integer	item_name	script_item_value	gold_cost	lumber_cost	class	uses	stack_max	stock_max	stock_initial	stock_start	stock_regen	cooldown_group	usable	perishable	powerup	ability_rawcodes	ability_objects_json	description	tip	ubertip	source_function	byte_offset
0	I008	1227894840	Double Damage	600	600	0	Charged	1	5	1	1	300	120	A03F	1	1	1	A03F	"[{""levels"":[{""area"":""0"",""buffs"":""B00H"",""cooldown"":""0"",""data_fields_labeled"":{""Damage Increase (%)"":0,""Defense Increase"":0,""Life Regeneration Rate"":0,""Mana Regen"":0,""Max Units"":0,""Prefer Friendlies"":0,""Prefer Hostiles"":0},""duration_hero"":""0.01"",""duration_normal"":""0.01"",""level"":1,""mana_cost"":""0"",""name"":""Double Damage"",""range"":""-"",""static_cooldown"":""0"",""static_mana_cost"":""0"",""targets"":""air,notself""}],""rawcode"":""A03F""}]"	Increases the damage of all allied units by 100% for 30 seconds.	Buy Double Damage	Increases the damage of all allied units by 100% for 30 seconds.	castleItemIdForSlot	3675691
1	I007	1227894839	Quad Damage	1400	1400	0	Charged	1	5	1	1	600	120	A03E	1	1	1	A03E	"[{""levels"":[{""area"":""0"",""buffs"":""B00I"",""cooldown"":""0"",""data_fields_labeled"":{""Damage Increase (%)"":0,""Defense Increase"":0,""Life Regeneration Rate"":0,""Mana Regen"":0,""Max Units"":0,""Prefer Friendlies"":0,""Prefer Hostiles"":0},""duration_hero"":""0.01"",""duration_normal"":""0.01"",""level"":1,""mana_cost"":""0"",""name"":""Quad Damage"",""range"":""-"",""static_cooldown"":""0"",""static_mana_cost"":""0"",""targets"":""air,notself""}],""rawcode"":""A03E""}]"	Increases the damage of all allied units by 300% for 30 seconds.	Buy Quad Damage	Increases the damage of all allied units by 300% for 30 seconds.	castleItemIdForSlot	3675728
2	I006	1227894838	Orb of Lightning		550	0	Permanent	-	0	1	1	0	150	AOcl	1	0	0	A02H	"[{""levels"":[{""area"":""1"",""buffs"":"""",""cooldown"":""60.0"",""data_fields_labeled"":{""Damage Reduction per Target"":0.1,""Damage per Target"":1,""Number of Targets Hit"":1},""duration_hero"":""0"",""duration_normal"":""0"",""level"":1,""mana_cost"":""0"",""name"":""Chain Lightning"",""range"":""2500"",""static_cooldown"":""99"",""static_mana_cost"":""0"",""targets"":""air,enemies,ground,neutral""}],""rawcode"":""A02H""}]"	"Allows your worker to fire a chainlightning at target enemy unit once every minute. The chainlightning hits [4, 6, 8, 10, 12] targets, dealing 1000 damage to the first target. The number of targets scales with the round timer [0, 5, 10, 15, 20] minutes.

|cff00FF00Others: 100%|r|n|cffFF0000Hero: 70%|nDivine: 25%|r"	Buy Orb of Lightning	"Allows your worker to fire a chainlightning at target enemy unit once every minute. The chainlightning hits [4, 6, 8, 10, 12] targets, dealing 1000 damage to the first target. The number of targets scales with the round timer [0, 5, 10, 15, 20] minutes.

|cff00FF00Others: 100%|r|n|cffFF0000Hero: 70%|nDivine: 25%|r"	castleItemIdForSlot	3675765
3	I003	1227894835	Drum'n'Bass Bass Drums	650	650	0	Permanent	-	0	1	1	30	3600	AOae	0	0	0	A02F	"[{""levels"":[{""area"":""15000"",""buffs"":""B008"",""cooldown"":""0"",""data_fields_labeled"":{""Attack Damage Increase"":0.33,""Flat Bonus"":0,""Melee Bonus"":1,""Ranged Bonus"":1},""duration_hero"":""0"",""duration_normal"":""0"",""level"":1,""mana_cost"":""0"",""name"":""Damage Add"",""range"":""-"",""static_cooldown"":""0"",""static_mana_cost"":""0"",""targets"":""air,ground,friend,self,vuln,invu""}],""rawcode"":""A02F""}]"	Gives all allied units +33% damage.	Buy Drum'n'Bass Bass Drums	Gives all allied units +33% damage. |cffFF0000Does not stack, dont buy twice!|r	castleItemIdForSlot	3675802
4	I004	1227894836	Cheese	1750	1750	0	Permanent	1	5	2	1	30	210	AIlu	1	1	1		[]	Allowing you to build one more legendary structure.	Buy Cheese	Allowing you to build one more legendary structure.	castleItemIdForSlot	3675839
5	I005	1227894837	Scroll of Stone	150	150	0	Charged	1	5	2	1	30	180	A02G	1	1	0	A08Y	"[{""levels"":[{""area"":""1000"",""buffs"":"""",""cooldown"":""0"",""data_fields_labeled"":{""Art Duration"":0,""Base Order ID"":""cyclone"",""Disable Other Abilities"":0,""Follow Through Time"":0,""Options"":3,""Target Type"":2},""duration_hero"":""0"",""duration_normal"":""0"",""level"":1,""mana_cost"":""0"",""name"":""Scroll of Stone Trigger"",""range"":""25000"",""static_cooldown"":""0"",""static_mana_cost"":""0"",""targets"":""_""}],""rawcode"":""A08Y""}]"	When used, the scroll heals 400 hitpoints, 200 mana and gives 8 bonus armor for 30 seconds to all allied units in a huge area.	Buy Scroll of Stone	When used, the scroll heals 400 hitpoints, 200 mana and gives 8 bonus armor for 30 seconds to all allied units in a huge area.	castleItemIdForSlot	3675876
6	I00A	1227894849	Drum'n'Bass Bassline Generator	600	600	0	Permanent	-	0	1	1	30	3600	AOac	0	0	0	A03T	"[{""levels"":[{""area"":""25000"",""buffs"":""B00L"",""cooldown"":""0"",""data_fields_labeled"":{""Attack Speed Increase (%)"":0.3,""Movement Speed Increase (%)"":0.15},""duration_hero"":""0"",""duration_normal"":""0"",""level"":1,""mana_cost"":""-"",""name"":""Endurance Aura"",""range"":""-"",""static_cooldown"":""0"",""static_mana_cost"":""-"",""targets"":""air,ground,friend,self,vuln,invu""}],""rawcode"":""A03T""}]"	Increases the movementspeed of all friendly units by 15% and their attackspeed by 30%.	Buy Drum'n'Bass Bassline Generator	Increases the movementspeed of all friendly units by 15% and their attackspeed by 30%. |cffFF0000Does not stack, dont buy twice!|r	castleItemIdForSlot	3675913
7	I001	1227894833	Blast Staff	150	150	300	Permanent	-	0	1	1	30	300	AIs6	0	0	0	A02D	"[{""levels"":[{""area"":""750"",""buffs"":""B01O"",""cooldown"":""1"",""data_fields_labeled"":{""Damage Per Second"":0,""Initial Damage"":60},""duration_hero"":""0.01"",""duration_normal"":""0.01"",""level"":1,""mana_cost"":""0"",""name"":""Blast"",""range"":"""",""static_cooldown"":""1"",""static_mana_cost"":""0"",""targets"":""ground,air,enemy""}],""rawcode"":""A02D""}]"	"Launches one magic projectile per second at a random nearby enemy.
Projectiles deal 60 |cff8080ffspell damage|r.

|cff00FF00Others: 100%|r|n|cffFF0000Hero: 70%|nDivine: 25%|r"	Buy Blast Staff	"Launches one magic projectile per second at a random nearby enemy.
Projectiles deal 60 |cff8080ffspell damage|r.

|cff00FF00Others: 100%|r|n|cffFF0000Hero: 70%|nDivine: 25%|r"	castleItemIdForSlot	3675950
8	I009	1227894841	Rune of Repair	400	400	0	Permanent	-	0	1	1	30	180	AIs6	0	0	0	A008	"[{""levels"":[{""area"":""700"",""buffs"":"""",""cooldown"":""0"",""data_fields_labeled"":{""Amount of Hit Points Regenerated"":2.5,""Percentage"":0},""duration_hero"":""0"",""duration_normal"":""0"",""level"":1,""mana_cost"":""0"",""name"":""Life Regeneration Aura"",""range"":""-"",""static_cooldown"":""0"",""static_mana_cost"":""0"",""targets"":""air,friend,ground,invulnerable,nonsapper,self,structure,vulnerable""}],""rawcode"":""A008""}]"	Repairs buildings near the worker. Stacks with other Runes and Coral Statues.	Buy Rune of Repair	Repairs buildings near the worker. Stacks with other Runes and Coral Statues.	castleItemIdForSlot	3675987
9	I00F	1227894854	Scroll of Speed		100	0	Charged	1	5	1	1	30	160	AIsa	1	1	0	A0HJ	"[{""levels"":[{""area"":""1000"",""buffs"":"""",""cooldown"":""0"",""data_fields_labeled"":{""Art Duration"":0,""Base Order ID"":""cyclone"",""Disable Other Abilities"":0,""Follow Through Time"":0,""Options"":3,""Target Type"":2},""duration_hero"":""0"",""duration_normal"":""0"",""level"":1,""mana_cost"":""0"",""name"":""Scroll of Speed Trigger"",""range"":""25000"",""static_cooldown"":""0"",""static_mana_cost"":""0"",""targets"":""_""}],""rawcode"":""A0HJ""}]"	When used, the scroll increases movespeed by up to 2x for 15 seconds of all allied units in a huge area.	Buy Scroll of Speed	When used, the scroll increases movespeed by up to 2x for 15 seconds of all allied units in a huge area.	castleItemIdForSlot	3676024
