perk_id	perk_name	protected_registry_slot	mechanic_kind	trigger	related_objects_json	parameters_json	source_functions	evidence_kind	byte_offset
perk_01	Arcane Overcharge	0	caster-mana-overcharge-with-special-building-penalty	owned-unit-indexing-plus-owned-construction-finish	[]	"{""cleanup_reversal_present"":false,""special_building_income_factors"":[0.12,0.09],""special_building_mana_regen_delta"":-0.3,""special_building_penalty_trigger"":""owned-construction-finish"",""unit_mana_regen_delta"":0.5,""unit_scope"":""non-structure units with positive max mana"",""unit_spawn_mana"":""set-current-mana-to-max""}"	createArcaneOverchargePerk,PerkIndexHandler_perkOnIndex_setCleanup_PerkArcaneOvercharge_call_perkOnIndex_setCleanup_PerkArcaneOvercharge,applyArcaneOverchargeTo,EventListener_perkListen_setCleanup_PerkArcaneOvercharge_onEvent_perkListen_setCleanup_PerkArcaneOvercharge,applyArcaneOverchargeSpecialPenalty	exact-proven-perk-registration-plus-readable-runtime-handlers	1373996
perk_02	Cloudchaser	1	portable-cloud-item-with-siege-base-damage-penalty	perk-activation-round-start-and-owned-unit-indexing	"[{""categories"":""items"",""names"":""Portable Cloud Machine"",""rawcode"":""IcfS"",""rawcode_integer"":1231251027},{""categories"":""abilities"",""names"":"""",""rawcode"":""AcfS"",""rawcode_integer"":1097033299}]"	"{""affected_weapon_indices"":[0,1],""builder_item_charges"":4,""builder_item_id"":1231251027,""cleanup_disables_future_application_without_reversing_existing_units"":true,""item_effect_ability_id"":1097033299,""portable_cloud_effect_ability"":{""area"":225.0,""base_rawcode"":""AIfg"",""buffs"":""Bclf"",""cooldown"":60.0,""mana_cost"":0.0,""name"":""Cloud of Fog"",""object_data"":{""Attack Speed Modifier"":0,""Attacks Prevented"":2,""Chance To Miss (%)"":0,""Movement Speed Modifier"":0},""range"":99999.0,""rawcode"":""AcfS"",""targets"":""vuln,invu,structure"",""tip"":""Portable Cloud Machine"",""ubertip"":""Disables tower attacks in the target area for 12 seconds.""},""portable_cloud_item"":{""abilities"":""AcfS"",""description"":""Global range. Disables tower attacks in the target area for 12 seconds."",""droppable"":""0"",""name"":""Portable Cloud Machine"",""perishable"":""1"",""rawcode"":""IcfS"",""stack_max"":4.0,""tip"":""Portable Cloud Machine"",""ubertip"":""Disables tower attacks in the target area for 12 seconds."",""usable"":""1"",""uses"":4.0},""round_start_refills_or_reissues_item"":true,""rounding"":""real_toInt(value*factor+0.5)"",""siege_detection"":""spawn-building CFBuilding_isSiege_field"",""siege_unit_base_damage_factor"":0.8}"	createStormchaserPerk,giveCloudStaffToBuilder,Action_watch_PerkStormchaser_run_watch_PerkStormchaser,PerkIndexHandler_perkOnIndex_setCleanup_PerkStormchaser_call_perkOnIndex_setCleanup_PerkStormchaser,applyStormchaserSiegePenalty,PerkCleanupFunc_setCleanup_PerkStormchaser_call_setCleanup_PerkStormchaser	exact-proven-perk-registration-plus-readable-runtime-handlers	1403377
perk_03	Feathered Friend	2	persistent-builder-bird-with-food-slot-decay-and-time-scaling-damage	perk-activation-round-start-plus-0.6-second-periodic-controller	"[{""categories"":""units"",""names"":""Feathered Friend"",""rawcode"":""x002"",""rawcode_integer"":2016423986},{""categories"":""items"",""names"":""Bird Food"",""rawcode"":""IM01"",""rawcode_integer"":1229795377},{""categories"":"""",""names"":"""",""rawcode"":""Aloc"",""rawcode_integer"":1097625443},{""categories"":"""",""names"":"""",""rawcode"":""Avul"",""rawcode_integer"":1098282348}]"	"{""bird_base_damage_formula"":""25 + floor(elapsed-round-seconds/300)*12"",""bird_base_damage_gain"":12,""bird_base_damage_initial"":25,""bird_damage_step_seconds"":300,""bird_damage_weapon_index"":0,""bird_food_item"":{""abilities"":"""",""description"":""This inventory slot is occupied by feed for your feathered friend."",""droppable"":""0"",""name"":""Bird Food"",""perishable"":""0"",""rawcode"":""IM01"",""stack_max"":1.0,""tip"":""Bird Food"",""ubertip"":""Occupies an inventory slot. Bird Food is consumed over time: 10, 7.5, 5, 2.5, 2, then 1 minute between removals."",""usable"":""0"",""uses"":1.0},""bird_food_item_id"":1229795377,""bird_invulnerable_ability_id"":1098282348,""bird_locust_removed_on_spawn"":true,""bird_unit"":{""abilities"":""Aloc"",""armor"":0.0,""armor_type"":""small"",""attack1_cooldown"":1.0,""attack1_dps"":34.0,""attack1_max"":40.0,""attack1_min"":28.0,""attack1_range"":550.0,""attack1_targets"":""ground,debris,air,item"",""attack1_type"":""chaos"",""hp"":65.0,""move_speed"":400.0,""name"":""Feathered Friend"",""rawcode"":""x002""},""bird_unit_id"":2016423986,""builder_anchor_forward_distance"":120.0,""controller_period_seconds"":0.6,""follow_reissue_distance"":260.0,""food_consumption_times_from_round_start_seconds"":[600,1050,1350,1500,1620,1680],""food_intervals_seconds"":[600,450,300,150,120,60],""inventory_slots_filled"":6,""round_start_recreates_bird_and_resets_food_schedule"":true,""target_filter"":""alive enemy combat sapper and not invulnerable; nearest to builder"",""target_search_radius_from_builder"":750.0,""teleport_to_anchor_distance"":800.0}"	createFeatheredFriendPerk,resetFeatheredFriendRoundStateFor,spawnFeatheredFriendBird,applyFeatheredFriendDamageScaling,ForGroupCallback_forUnitsInRange_PerkFeatheredFriend_callback_forUnitsInRange_PerkFeatheredFriend,updateFeatheredFriendBirdFoodPenalty,controlFeatheredFriendBird,CallbackPeriodic_perkPeriodic_PerkFeatheredFriend_call_perkPeriodic_PerkFeatheredFriend,Action_watch_PerkFeatheredFriend_run_watch_PerkFeatheredFriend	exact-proven-perk-registration-plus-readable-runtime-handlers	1391488
perk_04	Towerless	3	disable-y-tier-and-grant-one-tiny-watch-tower-item	perk-activation-and-round-start	"[{""categories"":""items"",""names"":""Towerless Token"",""rawcode"":""IM02"",""rawcode_integer"":1229795378},{""categories"":""units"",""names"":""Tiny Watch Tower"",""rawcode"":""h081"",""rawcode_integer"":1747990577},{""categories"":""abilities"",""names"":"""",""rawcode"":""AM04"",""rawcode_integer"":1095577652},{""categories"":""abilities"",""names"":""Multi Shot"",""rawcode"":""AM05"",""rawcode_integer"":1095577653}]"	"{""builder_item_granted_if_missing"":true,""builder_item_id"":1229795378,""disable_method"":""SetPlayerTechMaxAllowed(building-id,0)"",""disabled_building_scope"":""all CFBuilding entries in BuildingTier_index (Y-tier)"",""display_attack_range"":900,""display_average_dps"":45,""initializer_related_multishot_ability"":{""area"":900.0,""base_rawcode"":""Aroc"",""buffs"":"""",""cooldown"":0.0,""mana_cost"":0.0,""name"":""Multi Shot"",""object_data"":{""Damage Per Target"":0,""Maximum Number of Targets"":1,""Maximum Total Damage"":99999},""range"":null,""rawcode"":""AM05"",""targets"":""air,enemies,ground"",""tip"":""Multi Shot"",""ubertip"":""Shoots at 3 targets simultaneously.""},""initializer_related_multishot_ability_id"":1095577653,""initializer_related_multishot_runtime_attachment_proven"":false,""round_start_reenforces_tech_caps_and_reissues_missing_item"":true,""tiny_tower_build_ability"":{""area"":null,""base_rawcode"":""AIbt"",""buffs"":"""",""cooldown"":0.0,""mana_cost"":0.0,""name"":""Build Tiny Scout Tower"",""object_data"":{},""range"":100.0,""rawcode"":""AM04"",""targets"":""_"",""tip"":""Build Tiny Guard Tower"",""ubertip"":""Constructs a tiny guard tower at the target location.\n|cffFFFF80Attack Type:|cffFFFF00 Pierce|n|cffFFFF80Range:|cffFFFF00 900|n|cffFFFF80Average DPS:|cffFFFF00 45|r""},""tiny_tower_build_ability_id"":1095577652,""tiny_tower_unit"":{""abilities"":""A09A"",""armor"":3.0,""armor_type"":""fort"",""attack1_cooldown"":0.5,""attack1_dps"":53.0,""attack1_max"":30.0,""attack1_min"":23.0,""attack1_range"":900.0,""attack1_targets"":""air,enemies,ground"",""attack1_type"":""pierce"",""hp"":750.0,""move_speed"":null,""name"":""Tiny Watch Tower"",""rawcode"":""h081""},""tiny_tower_unit_id"":1747990577,""towerless_item"":{""abilities"":""AM04"",""description"":""Builds your one tiny guard tower.\n|cffFFFF80Attack Type:|cffFFFF00 Pierce|n|cffFFFF80Range:|cffFFFF00 900|n|cffFFFF80Average DPS:|cffFFFF00 45|r"",""droppable"":""0"",""name"":""Towerless Token"",""perishable"":""1"",""rawcode"":""IM02"",""stack_max"":1.0,""tip"":""Towerless Token"",""ubertip"":""Builds your one tiny guard tower."",""usable"":""1"",""uses"":1.0}}"	createFortifiedOutpostPerk,LLItrClosure_forEach_PerkFortifiedOutpost_run_forEach_PerkFortifiedOutpost,enforceFortifiedOutpostTechAvailability,giveTinyOutpostItemToBuilder,Action_watch_PerkFortifiedOutpost_run_watch_PerkFortifiedOutpost	exact-proven-perk-registration-plus-readable-runtime-handlers	1393336
perk_05	Glass Cannon	4	glass-cannon-max-hp-and-primary-base-damage-scaling	owned-unit-indexing	[]	"{""cleanup_reversal_present"":false,""current_life_after_application"":""new-max-hp"",""max_hp_factor"":0.85,""max_hp_rounding"":""real_toInt(old-max-hp*0.85+0.5)"",""primary_weapon_base_damage_factor"":1.25,""primary_weapon_rounding"":""real_toInt(old-base-damage*1.25+0.5)"",""secondary_weapon_modified"":false,""unit_scope"":""non-structure units""}"	createGlassCannonPerk,PerkIndexHandler_perkOnIndex_setCleanup_PerkGlassCannon_call_perkOnIndex_setCleanup_PerkGlassCannon,applyGlassCannonTo	exact-proven-perk-registration-plus-readable-runtime-handlers	1395057
perk_06	Transcendent Blades	5	flat-armor-class-attack-bonus-with-base-damage-penalty	owned-unit-indexing-plus-positive-attack-damage-event	[]	"{""base_damage_delta_on_non_structure_index"":-15,""base_damage_floor"":0,""base_damage_weapon_indices"":[0,1],""bonus_target_defense_types"":[""none"",""hero"",""divine""],""damage_event_type"":0,""damage_listener_requires_positive_damage"":true,""damage_source_requires_non_structure"":true,""damage_source_requires_perk_owner"":true,""damage_target_requires_enemy"":true,""flat_triggering_damage_bonus"":45,""modifies_current_damage_instance_additively"":true}"	createTranscendentBladesPerk,PerkIndexHandler_perkOnIndex_PerkTranscendentBlades_call_perkOnIndex_PerkTranscendentBlades,applyTranscendentBladesTo,isTranscendentBladesArmor,DamageListener_perkListenDamage_PerkTranscendentBlades_onEvent_perkListenDamage_PerkTranscendentBlades	exact-proven-perk-registration-plus-readable-runtime-handlers	1405554
perk_07	Ground Control	6	attack-damage-target-type-tradeoff	positive-attack-damage-event-from-perk-owner-to-enemy	[]	"{""attack_damage_event_type"":0,""base_damage_factor"":1.0,""factors_multiply_when_target_matches_both"":true,""flying_damage_factor"":1.18,""modifies_current_damage_instance"":true,""source_requires_perk_owner"":true,""source_structure_is_not_excluded_by_script"":true,""structure_damage_factor"":0.85,""target_requires_enemy"":true}"	createGroundControlPerk,DamageListener_perkListenDamage_setCleanup_PerkGroundControl_onEvent_perkListenDamage_setCleanup_PerkGroundControl	exact-proven-perk-registration-plus-readable-runtime-handlers	1396070
perk_08	Caged Aegis	7	caged-spell-resistance-and-base-damage-penalty	owned-unit-indexing-plus-positive-non-attack-damage-event	[]	"{""base_damage_delta_on_qualifying_index"":-50,""base_damage_floor"":0,""base_damage_weapon_indices"":[0,1],""damage_listener_cage_test"":""vec2_isCagedAt(target-position,perk-owner)"",""damage_listener_excludes_attack_damage_event_type"":0,""damage_listener_requires_positive_damage"":true,""indexed_unit_qualifies_if"":""(has-cage-data-at-position and currently-caged-by-perk-owner) or spawn-building-is-cage"",""modifies_current_damage_instance"":true,""spell_damage_factor_while_currently_caged"":0.75,""spell_damage_reduction_percent"":25}"	createCagedAegisPerk,PerkIndexHandler_perkOnIndex_setCleanup_PerkCagedAegis_call_perkOnIndex_setCleanup_PerkCagedAegis,applyCagedDamagePenalty,isCagedUnitForPerk,DamageListener_perkListenDamage_setCleanup_PerkCagedAegis_onEvent_perkListenDamage_setCleanup_PerkCagedAegis,getCagedAegisSpellDamageFactor	exact-proven-perk-registration-plus-readable-runtime-handlers	1386176
perk_09	Combat Stance	8	toggleable-health-band-attack-damage-stance	positive-attack-damage-event-plus-builder-toggle-spell	"[{""categories"":""abilities"",""names"":""Combat Stance: Execute"",""rawcode"":""AM06"",""rawcode_integer"":1095577654},{""categories"":""abilities"",""names"":""Combat Stance: Open Fire"",""rawcode"":""AM07"",""rawcode_integer"":1095577655}]"	"{""attack_damage_event_type"":0,""cleanup_removes_both_toggle_abilities"":true,""execute_mode_ability_id"":1095577654,""high_hp_threshold_exclusive"":0.7,""initial_mode"":""execute"",""low_hp_threshold_exclusive"":0.35,""modes"":{""execute"":{""middle_band_factor"":1.0,""target_hp_ratio_above_0_70_factor"":0.85,""target_hp_ratio_below_0_35_factor"":1.25},""open-fire"":{""middle_band_factor"":1.0,""target_hp_ratio_above_0_70_factor"":1.18,""target_hp_ratio_below_0_35_factor"":0.85}},""modifies_current_damage_instance"":true,""open_fire_mode_ability_id"":1095577655,""round_start_resets_to_execute"":true,""source_requires_perk_owner"":true,""target_requires_enemy"":true,""toggle_abilities"":[{""area"":null,""base_rawcode"":""ANcl"",""buffs"":"""",""cooldown"":10.0,""mana_cost"":0.0,""name"":""Combat Stance: Execute"",""object_data"":{""Art Duration"":0,""Base Order ID"":""acidbomb"",""Disable Other Abilities"":0,""Follow Through Time"":0,""Options"":1,""Target Type"":0},""range"":500.0,""rawcode"":""AM06"",""targets"":""_"",""tip"":""Combat Stance: Execute (switch to Open Fire)"",""ubertip"":""Currently in Execute stance. Activate to switch to Open Fire.\n\nExecute (+25% attack damage below 35% HP, -15% above 70%).\nOpen Fire (+18% attack damage above 70% HP, -15% below 35%).""},{""area"":null,""base_rawcode"":""ANcl"",""buffs"":"""",""cooldown"":10.0,""mana_cost"":0.0,""name"":""Combat Stance: Open Fire"",""object_data"":{""Art Duration"":0,""Base Order ID"":""charm"",""Disable Other Abilities"":0,""Follow Through Time"":0,""Options"":1,""Target Type"":0},""range"":500.0,""rawcode"":""AM07"",""targets"":""_"",""tip"":""Combat Stance: Open Fire (switch to Execute)"",""ubertip"":""Currently in Open Fire stance. Activate to switch to Execute.\n\nOpen Fire (+18% attack damage above 70% HP, -15% below 35%).\nExecute (+25% attack damage below 35% HP, -15% above 70%).""}],""toggle_cooldown_seconds"":10.0}"	createExecutionOrderPerk,registerExecutionOrderPlayer,Action_watch_PerkExecutionOrder_run_watch_PerkExecutionOrder,executionOrderDamageFactor,toggleExecutionOrderMode,EventListener_perkListen_setCleanup_PerkExecutionOrder_onEvent_perkListen_setCleanup_PerkExecutionOrder,DamageListener_perkListenDamage_setCleanup_PerkExecutionOrder_onEvent_perkListenDamage_setCleanup_PerkExecutionOrder,PerkCleanupFunc_setCleanup_PerkExecutionOrder_call_setCleanup_PerkExecutionOrder	exact-proven-perk-registration-plus-readable-runtime-handlers	1388562
perk_10	Breaching Doctrine	9	attack-damage-target-type-tradeoff	positive-attack-damage-event-from-perk-owner-to-enemy	[]	"{""attack_damage_event_type"":0,""base_damage_factor"":1.0,""factors_multiply_when_target_matches_both"":true,""flying_damage_factor"":0.75,""modifies_current_damage_instance"":true,""source_requires_perk_owner"":true,""source_structure_is_not_excluded_by_script"":true,""structure_damage_factor"":1.2,""target_requires_enemy"":true}"	createBreachingDoctrinePerk,DamageListener_perkListenDamage_PerkBreachingDoctrine_onEvent_perkListenDamage_PerkBreachingDoctrine	exact-proven-perk-registration-plus-readable-runtime-handlers	1375420
perk_11	Bulwark March	10	bulwark-hp-for-mobility-and-attack-speed-tradeoff	perk-activation-current-units-plus-owned-unit-indexing	[]	"{""affected_weapon_indices"":[0,1],""attack_cooldown_formula"":""old-cooldown/0.93"",""attack_speed_factor"":0.93,""cleanup_reversal_present"":false,""current_life_factor"":1.12,""max_hp_factor"":1.12,""max_hp_rounding"":""real_toInt(old-max-hp*1.12+0.5)"",""move_speed_factor"":0.93,""unit_scope"":""combat sappers""}"	createBulwarkMarchPerk,applyBulwarkMarchToCurrentUnits,PerkIndexHandler_perkOnIndex_setCleanup_PerkBulwarkMarch_call_perkOnIndex_setCleanup_PerkBulwarkMarch,applyBulwarkMarchTo	exact-proven-perk-registration-plus-readable-runtime-handlers	1385038
perk_12	Forward Line	11	castle-boundary-armor-stance	perk-activation-unit-indexing-and-castle-enter-leave-events	"[{""categories"":""abilities"",""names"":"""",""rawcode"":""AM08"",""rawcode_integer"":1095577656},{""categories"":""abilities"",""names"":"""",""rawcode"":""AM09"",""rawcode_integer"":1095577657}]"	"{""armor_abilities"":[{""area"":null,""base_rawcode"":""AId4"",""buffs"":"""",""cooldown"":0.0,""mana_cost"":0.0,""name"":""Item Armor Bonus"",""object_data"":{""Defense Bonus"":3},""range"":null,""rawcode"":""AM08"",""targets"":""_"",""tip"":""Forward Line"",""ubertip"":""Provides armor while fighting outside your castle.""},{""area"":null,""base_rawcode"":""AId4"",""buffs"":"""",""cooldown"":0.0,""mana_cost"":0.0,""name"":""Item Armor Bonus"",""object_data"":{""Defense Bonus"":-2},""range"":null,""rawcode"":""AM09"",""targets"":""_"",""tip"":""Forward Line"",""ubertip"":""Reduced armor while fighting inside your castle.""}],""castle_event_hooks"":""enter and leave for both castle rectangles"",""cleanup_removes_both_armor_abilities_and_tracking"":true,""inside_armor_ability_id"":1095577657,""inside_own_castle_armor_bonus"":-2,""inside_test"":""isInsideOwnCastleRect(unit-owner,unit)"",""mutually_exclusive_armor_abilities"":true,""outside_armor_ability_id"":1095577656,""outside_own_castle_armor_bonus"":3,""unit_scope"":""combat sappers""}"	createLastWallProtocolPerk,registerCurrentLastWallUnits,PerkIndexHandler_perkOnIndex_setCleanup_PerkLastWallProtocol_call_perkOnIndex_setCleanup_PerkLastWallProtocol,refreshLastWallArmor,installLastWallCastleHooksOnce,PerkCleanupFunc_setCleanup_PerkLastWallProtocol_call_setCleanup_PerkLastWallProtocol	exact-proven-perk-registration-plus-readable-runtime-handlers	1397656
perk_13	Longline Formation	12	ranged-ground-range-and-attack-speed-tradeoff	perk-activation-current-units-plus-owned-unit-indexing	[]	"{""acquisition_range_on_update"":""weapon0 + 140"",""acquisition_range_otherwise"":""unchanged"",""acquisition_range_update_condition"":""current-acquisition < weapon0 + 90"",""advertised_attack_range_delta"":90,""attack_cooldown_formula"":""old-cooldown/0.88"",""attack_cooldown_weapon_indices"":[0,1],""attack_speed_factor"":0.88,""cleanup_reversal_present"":false,""primary_weapon_range_is_not_directly_written"":true,""script_range_quirk_preserved"":true,""script_range_reference_weapon_index"":0,""script_range_write_formula"":""weapon1 + 90"",""script_range_write_weapon_index"":1,""unit_scope"":""combat sapper and ground and ranged attacker""}"	createLonglineFormationPerk,isRangedGroundCombatUnit,setUnitAttackRangeFixed,applyLonglineFormationTo,applyLonglineFormationToCurrentUnits,PerkIndexHandler_perkOnIndex_setCleanup_PerkLonglineFormation_call_perkOnIndex_setCleanup_PerkLonglineFormation	exact-proven-perk-registration-plus-readable-runtime-handlers	1399488
perk_14	Production Enchantment	13	production-building-enchantment-with-global-trained-unit-penalty	perk-activation-unit-indexing-builder-target-spell-and-target-death	"[{""categories"":""abilities"",""names"":""Production Enchantment"",""rawcode"":""AM0a"",""rawcode_integer"":1095577697},{""categories"":""abilities"",""names"":"""",""rawcode"":""AM0b"",""rawcode_integer"":1095577698},{""categories"":""abilities"",""names"":"""",""rawcode"":""AM0c"",""rawcode_integer"":1095577699}]"	"{""all_owned_trained_combat_sapper_base_damage_factor"":0.95,""all_owned_trained_combat_sapper_max_hp_factor"":0.95,""base_damage_weapon_indices"":[0,1],""builder_target_ability_id"":1095577697,""cleanup_disables_perk_removes_builder_ability_and_spawn_markers"":true,""each_scaling_step_rounds_independently"":true,""enchanted_spawn_marker_ability_id"":1095577699,""enchantment_abilities"":[{""area"":null,""base_rawcode"":""ANcl"",""buffs"":"""",""cooldown"":90.0,""mana_cost"":0.0,""name"":""Production Enchantment"",""object_data"":{""Art Duration"":0,""Base Order ID"":""cripple"",""Disable Other Abilities"":0,""Follow Through Time"":0,""Options"":1,""Target Type"":1},""range"":99999.0,""rawcode"":""AM0a"",""targets"":""friend,structure"",""tip"":""Production Enchantment"",""ubertip"":""Mark one allied production building. Units trained there gain +14% damage and +14% max HP.""},{""area"":null,""base_rawcode"":""AId4"",""buffs"":"""",""cooldown"":0.0,""mana_cost"":0.0,""name"":""Item Armor Bonus"",""object_data"":{""Defense Bonus"":0},""range"":null,""rawcode"":""AM0b"",""targets"":""_"",""tip"":""Production Enchantment"",""ubertip"":""This production building is enchanted. Units trained here receive the Production Enchantment bonus.""},{""area"":0.0,""base_rawcode"":""ACct"",""buffs"":"""",""cooldown"":0.0,""mana_cost"":0.0,""name"":""Critical Strike"",""object_data"":{""Chance to Critical Strike"":0,""Chance to Evade"":0,""Damage Bonus"":0,""Damage Multiplier"":1,""Exclude Item Damage"":""-"",""Never Miss"":0},""range"":null,""rawcode"":""AM0c"",""targets"":""air,ground,enemy,neutral"",""tip"":""Production Enchantment"",""ubertip"":""Trained from an enchanted production building.""}],""max_hp_current_life_when_decreasing"":""min(old-life,new-max)"",""max_hp_current_life_when_increasing"":""old-life + (new-max-old-max)"",""round_start_clears_selected_target_but_keeps_perk_active"":true,""scale_rounding"":""real_toInt(value*factor+0.5)"",""selected_bonus_deferred_via_nested_zero_timers"":2,""selected_bonus_scans_all_active_players_and_stops_at_first_matching_target"":true,""selected_bonus_stacks_multiple_active_targets"":false,""selected_building_marker_ability_id"":1095577698,""selected_building_spawn_base_damage_factor"":1.15,""selected_building_spawn_max_hp_factor"":1.15,""selected_building_spawn_model_scale_factor"":1.1,""selected_building_spawn_nominal_net_base_damage_factor_after_global_penalty"":1.0925,""selected_building_spawn_nominal_net_hp_factor_after_global_penalty"":1.0925,""selected_building_spawn_scaling_order"":[""global-0.95"",""selected-1.15""],""target_requirement"":""allied production building""}"	createBuildingEnchantmentPerk,scaleUnitBaseDamage,scaleUnitMaxHp,scaleUnitModelSize,applyProductionSpawnModifiers,applyProductionEnchantBonusFromAnyActiveTarget,setProductionEnchantedBuilding,registerProductionEnchantmentPlayer,code__onUnitIndex_PerkBuildingEnchantment,CallbackSingle_nullTimer_onUnitIndex_PerkBuildingEnchantment_call_nullTimer_onUnitIndex_PerkBuildingEnchantment,CallbackSingle_nullTimer_nullTimer_onUnitIndex_PerkBuildingEnchantment_call_nullTimer_nullTimer_onUnitIndex_PerkBuildingEnchantment,PerkIndexHandler_perkOnIndex_setCleanup_PerkBuildingEnchantment_call_perkOnIndex_setCleanup_PerkBuildingEnchantment,EventListener_perkListen_setCleanup_PerkBuildingEnchantment_onEvent_perkListen_setCleanup_PerkBuildingEnchantment,Action_watch_PerkBuildingEnchantment_run_watch_PerkBuildingEnchantment,PerkCleanupFunc_setCleanup_PerkBuildingEnchantment_call_setCleanup_PerkBuildingEnchantment	exact-proven-perk-registration-plus-readable-runtime-handlers	1376159
perk_15	Rampant Growth	14	flat-hp-regeneration-with-base-damage-penalty	perk-activation-current-units-plus-owned-unit-indexing	[]	"{""base_damage_factor"":0.9,""base_damage_rounding"":""real_toInt(old-base-damage*0.90+0.5)"",""base_damage_weapon_indices"":[0,1],""cleanup_reversal_present"":false,""hp_regeneration_delta_per_second"":7.0,""unit_scope"":""combat sappers""}"	createRampantGrowthPerk,applyRampantGrowthTo,applyRampantGrowthToCurrentUnits,PerkIndexHandler_perkOnIndex_setCleanup_PerkRampantGrowth_call_perkOnIndex_setCleanup_PerkRampantGrowth	exact-proven-perk-registration-plus-readable-runtime-handlers	1401491
perk_16	Mana Shielding	15	mana-shield-damage-absorption	positive-damage-event-targeting-owned-eligible-unit	[]	"{""absorb_formula"":""min(current_mana*3,damage_amount)"",""applies_to_attack_and_non_attack_damage"":true,""damage_per_mana"":3.0,""eligible_excludes_invulnerable"":true,""eligible_excludes_peon"":true,""eligible_requires_combat_sapper"":true,""eligible_requires_positive_max_mana"":true,""enemy_relationship_not_required"":true,""mana_spent_formula"":""absorbed_damage/3"",""modifies_current_damage_instance"":true,""remaining_damage_formula"":""damage_amount-absorbed_damage"",""requires_positive_current_mana"":true}"	createManaLeakPerk,isManaShieldEligible,applyManaShield,DamageListener_perkListenDamage_PerkManaLeak_onEvent_perkListenDamage_PerkManaLeak	exact-proven-perk-registration-plus-readable-runtime-handlers	1400540
perk_17	Spell Enchantment	16	spell-building-mana-regeneration-enchantment	perk-activation-construction-finish-builder-target-spell-and-target-death	"[{""categories"":""abilities"",""names"":""Spell Enchantment"",""rawcode"":""AM0d"",""rawcode_integer"":1095577700},{""categories"":""abilities"",""names"":"""",""rawcode"":""AM0e"",""rawcode_integer"":1095577701}]"	"{""builder_target_ability_id"":1095577700,""cleanup_resets_selected_delta_and_removes_builder_ability"":true,""construction_finish_refreshes_owned_spell_buildings"":true,""enchantment_abilities"":[{""area"":null,""base_rawcode"":""ANcl"",""buffs"":"""",""cooldown"":90.0,""mana_cost"":0.0,""name"":""Spell Enchantment"",""object_data"":{""Art Duration"":0,""Base Order ID"":""faeriefire"",""Disable Other Abilities"":0,""Follow Through Time"":0,""Options"":1,""Target Type"":1},""range"":99999.0,""rawcode"":""AM0d"",""targets"":""friend,structure"",""tip"":""Spell Enchantment"",""ubertip"":""Mark one allied spell building for +0.20 mana regen. Other spell buildings have -0.05 mana regen.""},{""area"":0.0,""base_rawcode"":""ACct"",""buffs"":"""",""cooldown"":0.0,""mana_cost"":0.0,""name"":""Critical Strike"",""object_data"":{""Chance to Critical Strike"":0,""Chance to Evade"":0,""Damage Bonus"":0,""Damage Multiplier"":1,""Exclude Item Damage"":""-"",""Never Miss"":0},""range"":null,""rawcode"":""AM0e"",""targets"":""air,ground,enemy,neutral"",""tip"":""Spell Enchantment"",""ubertip"":""This spell building is enchanted for +0.20 mana regen.""}],""mana_regen_delta_tracking_is_idempotent"":true,""other_owned_spell_building_mana_regen_delta"":-0.05,""round_start_clears_selected_target_but_keeps_perk_active"":true,""selected_allied_building_may_be_owned_by_another_player"":true,""selected_building_marker_ability_id"":1095577701,""selected_spell_building_mana_regen_delta"":0.2,""target_death_clears_selection"":true,""target_requirement"":""allied spell building"",""unit_deindex_clears_stored_delta_for_reused_index"":true}"	createSpellBuildingEnchantmentPerk,desiredSpellBuildingManaDelta,setSpellBuildingManaDelta,refreshSpellBuildingEnchantments,setSpellEnchantedBuilding,registerSpellEnchantmentPlayer,code__onUnitDeindex_PerkBuildingEnchantment,EventListener_perkListen_setCleanup_PerkBuildingEnchantment_onEvent_perkListen_setCleanup_PerkBuildingEnchantment2,EventListener_perkListen_setCleanup_PerkBuildingEnchantment_onEvent_perkListen_setCleanup_PerkBuildingEnchantment3,Action_watch_PerkBuildingEnchantment_run_watch_PerkBuildingEnchantment1,PerkCleanupFunc_setCleanup_PerkBuildingEnchantment_call_setCleanup_PerkBuildingEnchantment1	exact-proven-perk-registration-plus-readable-runtime-handlers	1377298
perk_18	Spell's Edge	17	bidirectional-spell-damage-amplification	positive-non-attack-damage-event	[]	"{""attack_damage_event_type_excluded"":0,""enemy_relationship_not_required"":true,""modifies_current_damage_instance"":true,""owned_source_and_owned_target_factor"":1.3225,""per_owned_source_factor"":1.15,""per_owned_target_factor"":1.15,""source_and_target_factors_multiply"":true}"	createSpellsEdgePerk,isSpellsEdgeSpellDamage,DamageListener_perkListenDamage_PerkSpellsEdge_onEvent_perkListenDamage_PerkSpellsEdge	exact-proven-perk-registration-plus-readable-runtime-handlers	1402783
perk_19	Containment Focus	18	cage-conditional-spell-damage-tradeoff	positive-non-attack-damage-event-from-perk-owner-to-enemy	[]	"{""attack_damage_event_type_excluded"":0,""cage_test"":""vec2_isCagedAt(target-position,target-owner)"",""cage_test_owner"":""damage-target-owner"",""caged_target_damage_factor"":1.2,""modifies_current_damage_instance"":true,""source_requires_perk_owner"":true,""target_requires_enemy"":true,""uncaged_target_damage_factor"":0.9}"	createContainmentFocusPerk,getContainmentFocusSpellDamageFactor,isContainmentFocusSpellDamage,isTargetCagedForContainmentFocus,DamageListener_perkListenDamage_PerkContainmentFocus_onEvent_perkListenDamage_PerkContainmentFocus	exact-proven-perk-registration-plus-readable-runtime-handlers	1387954
