race_index	race_function	builder_rawcode	builder_names	campaign_only	building_order	building_rawcode	building_names	building_kind	unit_rawcode	unit_names	gold_cost	lumber_cost	food_used	is_legendary	gives_lumber	spawn_time	attack_index	defense_index	is_air_unit	is_melee	is_mechanical	is_caster	in_xo_runtime_catalog	upgrade_from	upgrade_to	static_object_gold_cost	static_object_lumber_cost	static_object_build_time	pathing_texture	footprint_width_cells	footprint_height_cells	footprint_width_world_units	footprint_height_world_units	footprint_hex_rows
6	CK	X00C	Human Builder	0	0	h000	Barracks	production	hfoo	Footman	100	0	0	0	1	20	0	2	0	1	0	0	1		h039	100	0	2	PathTextures\4x4SimpleSolid.tga	4	4	128	128	5555/5555/5555/5555
6	CK	X00C	Human Builder	0	12	h001	Artillery	non-production			200	380	0	0	0	0	2	-1	0	0	0	0	0			200	380	2	PathTextures\4x4SimpleSolid.tga	4	4	128	128	5555/5555/5555/5555
9	IK	X01A	Nature Builder	0	0	h002	Spider Egg Clutch	production	n00U	Black Spider	160	0	0	0	1	23	1	7	0	1	0	0	1		h00Q	160	0	2	PathTextures\4x4SimpleSolid.tga	4	4	128	128	5555/5555/5555/5555
6	CK	X00C	Human Builder	0	2	h003	Sniper Nest	production	hrif	Sniper	140	0	0	0	1	22	1	1	0	0	0	0	1		h05D,h0A1	140	0	2	PathTextures\4x4SimpleSolid.tga	4	4	128	128	5555/5555/5555/5555
6	CK	X00C	Human Builder	0	8	h004	Weapon Lab	production	hmtm	Mortar	210	0	0	0	1	25	2	0	0	0	0	0	1			210	0	2	PathTextures\4x4SimpleSolid.tga	4	4	128	128	5555/5555/5555/5555
5	AK	X00P	Elf Builder	0	10	h005	Obelisk of Light	non-production			235	400	0	0	0	0	-1	-1	0	0	0	0	0			235	400	2	PathTextures\4x4SimpleSolid.tga	4	4	128	128	5555/5555/5555/5555
6	CK	X00C	Human Builder	0	14	h006	Watch Tower	non-production			150	300	0	0	0	0	1	-1	0	0	0	0	0			150	300	20	PathTextures\4x4SimpleSolid.tga	4	4	128	128	5555/5555/5555/5555
0	kK	X00O	Chaos Builder	0	9	h007	Demon Gate	production	n000	Infernal	500	0	0	0	1	40	5	2	0	1	0	0	1			500	0	2	PathTextures\4x4SimpleSolid.tga	4	4	128	128	5555/5555/5555/5555
0	kK	X00O	Chaos Builder	0	8	h009	Dragon Nest	production	n001	Red Dragon	350	0	0	0	1	32	5	2	1	0	0	0	1			350	0	2	PathTextures\4x4SimpleSolid.tga	4	4	128	128	5555/5555/5555/5555
14	aL	X018	Undead Builder	0	13	h00A	Death Pit	non-production			315	625	0	0	0	0	-1	-1	0	0	0	0	0			315	625	2	PathTextures\4x4SimpleSolid.tga	4	4	128	128	5555/5555/5555/5555
10	KK	X089	Night Elf Builder	0	9	h00B	Fountain of Wonders	production	e000	Faerie Dragon	260	0	0	0	1	28	3	0	1	0	0	1	1			260	0	2	PathTextures\4x4SimpleSolid.tga	4	4	128	128	5555/5555/5555/5555
8	GK	X00E	Naga Builder	0	7	h00F	Spawning Grounds	production	n002	Naga Guardian	250	0	0	0	1	27	1	2	0	1	0	1	1		h032	250	0	2	PathTextures\4x4SimpleSolid.tga	4	4	128	128	5555/5555/5555/5555
8	GK	X00E	Naga Builder	0	14	h00G	Coral Statue	non-production			250	480	0	0	0	0	-1	-1	0	0	0	0	0			250	480	2	PathTextures\4x4SimpleSolid.tga	4	4	128	128	5555/5555/5555/5555
8	GK	X00E	Naga Builder	0	11	h00I	Ancient Pyramide	non-production			360	600	0	0	0	0	-1	-1	0	0	0	0	0			360	600	2	PathTextures\4x4SimpleSolid.tga	4	4	128	128	5555/5555/5555/5555
8	GK	X00E	Naga Builder	0	3	h00J	Swamp Well	production	n004	Suumpmolk	160	0	0	0	1	23	0	1	0	0	0	0	1		h05F	160	0	2	PathTextures\4x4SimpleSolid.tga	4	4	128	128	5555/5555/5555/5555
6	CK	X00C	Human Builder	0	10	h00K	Hjordhejmen	production	n005	Warlock	300	0	0	0	1	30	5	7	0	0	0	1	1			300	0	2	PathTextures\4x4SimpleSolid.tga	4	4	128	128	5555/5555/5555/5555
8	GK	X00E	Naga Builder	0	12	h00M	Oracle of Sirens	non-production			310	625	0	0	0	0	-1	-1	0	0	0	0	0			310	625	2	PathTextures\4x4SimpleSolid.tga	4	4	128	128	5555/5555/5555/5555
8	GK	X00E	Naga Builder	0	13	h00N	Tidal Guardian	non-production			750	1500	1	1	0	0	5	-1	0	0	0	0	0			750	1500	2	PathTextures\4x4SimpleSolid.tga	4	4	128	128	5555/5555/5555/5555
9	IK	X01A	Nature Builder	0	1	h00Q	Spider Egg Nest	production	n01N	Giant Spider	180	0	0	0	1	32	1	7	0	1	0	0	1	h002	h00R	180	0	2	PathTextures\4x4SimpleSolid.tga	4	4	128	128	5555/5555/5555/5555
9	IK	X01A	Nature Builder	0	2	h00R	Spider Egg Hatchery	production	n01W	Brood Mother	190	0	0	0	1	41	1	7	0	1	0	1	1	h00Q		190	0	2	PathTextures\4x4SimpleSolid.tga	4	4	128	128	5555/5555/5555/5555
10	KK	X089	Night Elf Builder	0	0	h00S	Hunter's Hall	production	e001	Huntress	150	0	0	0	1	22	1	0	0	0	0	0	1		h03D	150	0	2	PathTextures\4x4SimpleSolid.tga	4	4	128	128	5555/5555/5555/5555
5	AK	X00P	Elf Builder	0	2	h00T	Hall of Honor	production	n006	Blademaster	220	0	0	0	1	26	0	2	0	1	0	0	1		h03F	220	0	2	PathTextures\4x4SimpleSolid.tga	4	4	128	128	5555/5555/5555/5555
5	AK	X00P	Elf Builder	0	6	h00V	Bloodelf War Academy	production	h00U	Bloodthirster	275	0	0	0	1	28	3	1	0	0	0	1	1			275	0	2	PathTextures\4x4SimpleSolid.tga	4	4	128	128	5555/5555/5555/5555
5	AK	X00P	Elf Builder	0	5	h00X	Tower of Supreme Magic	production	h00W	Wizard	400	360	1	1	0	52	5	7	0	0	0	1	1	h09X		400	360	2	PathTextures\4x4SimpleSolid.tga	4	4	128	128	5555/5555/5555/5555
9	IK	X01A	Nature Builder	0	3	h00Y	Furbolg Hut	production	n026	Furbolg Shaman	200	0	0	0	1	25	3	0	0	0	0	1	1		h012,h071	200	0	2	PathTextures\4x4SimpleSolid.tga	4	4	128	128	5555/5555/5555/5555
5	AK	X00P	Elf Builder	0	9	h00Z	City of Magic	non-production			240	440	0	0	0	0	-1	-1	0	0	0	0	0			240	440	2	PathTextures\4x4SimpleSolid.tga	4	4	128	128	5555/5555/5555/5555
6	CK	X00C	Human Builder	0	11	h010	Gjallarhorn	non-production			250	800	0	0	0	0	-1	-1	0	0	0	0	0			250	800	2	PathTextures\4x4SimpleSolid.tga	4	4	128	128	5555/5555/5555/5555
10	KK	X089	Night Elf Builder	0	10	h011	Nightelf Siege Factory	production	e002	Glaive Thrower	285	0	0	0	1	29	2	2	0	0	1	0	1			285	0	2	PathTextures\4x4SimpleSolid.tga	4	4	128	128	5555/5555/5555/5555
9	IK	X01A	Nature Builder	0	4	h012	Furbolg Abode	production	n028	Furbolg Elder Shaman	200	0	0	0	1	35	3	0	0	0	0	1	1	h00Y		200	0	2	PathTextures\4x4SimpleSolid.tga	4	4	128	128	5555/5555/5555/5555
9	IK	X01A	Nature Builder	0	6	h013	Ancient of Growth	production	e006	Dryad	220	0	0	0	1	26	1	1	0	0	0	1	1		h01H	220	0	2	PathTextures\4x4SimpleSolid.tga	4	4	128	128	5555/5555/5555/5555
5	AK	X00P	Elf Builder	0	11	h014	Arcane Tower	non-production			250	300	0	0	0	0	3	-1	0	0	0	0	0			250	300	20	PathTextures\4x4SimpleSolid.tga	4	4	128	128	5555/5555/5555/5555
6	CK	X00C	Human Builder	0	9	h015	Gryphon Rock	production	h016	Gryphon Rider	250	0	0	0	1	27	3	1	1	0	0	0	1			250	0	2	PathTextures\4x4SimpleSolid.tga	4	4	128	128	5555/5555/5555/5555
8	GK	X00E	Naga Builder	0	9	h01B	Reptile Pool	production	n007	Dragon Turtle	280	0	0	0	1	29	2	2	0	0	0	0	1			280	0	2	PathTextures\4x4SimpleSolid.tga	4	4	128	128	5555/5555/5555/5555
0	kK	X00O	Chaos Builder	0	6	h01C	Altar of Greed	production	n008	Succubus	230	0	0	0	1	26	3	0	0	0	0	1	1			230	0	2	PathTextures\4x4SimpleSolid.tga	4	4	128	128	5555/5555/5555/5555
0	kK	X00O	Chaos Builder	0	3	h01D	Chaos Citadel	production	n009	Chaos Warrior	160	0	0	0	1	23	0	1	0	1	0	0	1		h03G	160	0	2	PathTextures\4x4SimpleSolid.tga	4	4	128	128	5555/5555/5555/5555
0	kK	X00O	Chaos Builder	0	5	h01E	Shrine of Destruction	non-production			850	1800	1	1	0	0	-1	-1	0	0	0	0	0			850	1800	2	PathTextures\4x4SimpleSolid.tga	4	4	128	128	5555/5555/5555/5555
0	kK	X00O	Chaos Builder	0	10	h01F	Volcano	non-production			340	660	0	0	0	0	-1	-1	0	0	0	0	0			340	660	2	PathTextures\4x4SimpleSolid.tga	4	4	128	128	5555/5555/5555/5555
9	IK	X01A	Nature Builder	0	7	h01H	Ancient of Life	production	e009	Keeper of the Grove	220	0	0	0	1	37	1	1	0	0	0	1	1	h013	h01J	220	0	2	PathTextures\4x4SimpleSolid.tga	4	4	128	128	5555/5555/5555/5555
0	kK	X00O	Chaos Builder	0	0	h01I	Lesser Demon Cage	production	n00A	Satyr	120	0	0	0	1	21	0	0	0	0	0	0	1		h026	120	0	2	PathTextures\4x4SimpleSolid.tga	4	4	128	128	5555/5555/5555/5555
9	IK	X01A	Nature Builder	0	8	h01J	Ancient of Eternity	production	e00C	Ancient Keeper	400	400	1	1	0	57	5	1	0	0	0	1	1	h01H		400	400	2	PathTextures\4x4SimpleSolid.tga	4	4	128	128	5555/5555/5555/5555
14	aL	X018	Undead Builder	0	3	h01K	Temple of Bone	production	u005	Necromancer	210	0	0	0	1	25	3	7	0	0	0	1	1		h04B	210	0	2	PathTextures\4x4SimpleSolid.tga	4	4	128	128	5555/5555/5555/5555
14	aL	X018	Undead Builder	0	10	h01L	Haunted Mine	production	u001	Banshee	290	0	0	0	1	29	3	6	0	0	0	1	1			290	0	2	PathTextures\4x4SimpleSolid.tga	4	4	128	128	5555/5555/5555/5555
0	kK	X00O	Chaos Builder	0	12	h01M	Eraser (Level 1)	non-production			350	1000	1	1	0	0	-1	-1	0	0	0	0	0		h01W	350	1000	2	PathTextures\4x4SimpleSolid.tga	4	4	128	128	5555/5555/5555/5555
14	aL	X018	Undead Builder	0	6	h01N	Crypt	production	h01U	Vampire	230	0	0	0	1	26	1	5	0	1	0	0	1		h054	230	0	2	PathTextures\4x4SimpleSolid.tga	4	4	128	128	5555/5555/5555/5555
14	aL	X018	Undead Builder	0	14	h01O	Turret of Souls	non-production			200	300	0	0	0	0	5	-1	0	0	0	0	0			200	300	20	PathTextures\4x4SimpleSolid.tga	4	4	128	128	5555/5555/5555/5555
14	aL	X018	Undead Builder	0	8	h01P	Skull Pile	non-production			160	0	0	0	1	0	-1	-1	0	0	0	0	0		h056	160	0	2	PathTextures\4x4SimpleSolid.tga	4	4	128	128	5555/5555/5555/5555
14	aL	X018	Undead Builder	0	15	h01Q	City of Decay	non-production			650	1800	1	1	0	0	-1	-1	0	0	0	0	0			650	1800	2	PathTextures\4x4SimpleSolid.tga	4	4	128	128	5555/5555/5555/5555
14	aL	X018	Undead Builder	0	0	h01R	Rotting Hay Cart	production	n00B	Zombie	120	0	0	0	1	21	5	1	0	1	0	0	1		h04Z	120	0	2	PathTextures\4x4SimpleSolid.tga	4	4	128	128	5555/5555/5555/5555
14	aL	X018	Undead Builder	0	12	h01S	Dragon Cemetery	production	u000	Frost Wyrm	500	0	0	0	1	40	0	0	1	0	0	0	1			500	0	2	PathTextures\4x4SimpleSolid.tga	4	4	128	128	5555/5555/5555/5555
14	aL	X018	Undead Builder	0	11	h01T	Slaughter House	production	n00E	Flesh Golem	370	0	0	0	1	33	2	1	0	1	0	0	1			370	0	2	PathTextures\4x4SimpleSolid.tga	4	4	128	128	5555/5555/5555/5555
0	kK	X00O	Chaos Builder	0	13	h01W	Eraser (Level 2)	non-production			175	350	1	1	0	0	-1	-1	0	0	0	0	0	h01M	h01X	175	350	2	PathTextures\4x4SimpleSolid.tga	4	4	128	128	5555/5555/5555/5555
0	kK	X00O	Chaos Builder	0	14	h01X	Eraser (Level 3)	non-production			175	350	1	1	0	0	-1	-1	0	0	0	0	0	h01W		175	350	2	PathTextures\4x4SimpleSolid.tga	4	4	128	128	5555/5555/5555/5555
8	GK	X00E	Naga Builder	0	5	h01Y	Temple of Snakes	production	n00H	Winged Serpent	230	0	0	0	1	26	3	0	1	0	0	0	1		h080	230	0	2	PathTextures\4x4SimpleSolid.tga	4	4	128	128	5555/5555/5555/5555
8	GK	X00E	Naga Builder	0	10	h01Z	Naga Spring	production	n00S	Naga Siren	350	0	0	0	1	32	5	7	0	0	0	1	1			350	0	2	PathTextures\4x4SimpleSolid.tga	4	4	128	128	5555/5555/5555/5555
8	GK	X00E	Naga Builder	0	0	h020	Murloc Camp	production	n00I	Murloc Warrior	170	0	0	0	1	23	0	7	0	1	0	0	1		h021	170	0	2	PathTextures\4x4SimpleSolid.tga	4	4	128	128	5555/5555/5555/5555
8	GK	X00E	Naga Builder	0	1	h021	Murloc Village	production	n00J	Murloc Champion	170	0	0	0	1	32	0	7	0	1	0	0	1	h020	h022	170	0	2	PathTextures\4x4SimpleSolid.tga	4	4	128	128	5555/5555/5555/5555
8	GK	X00E	Naga Builder	0	2	h022	Murloc Fortress	production	n00K	Murloc Assassin	170	0	0	0	1	40	0	7	0	1	0	0	1	h021		170	0	2	PathTextures\4x4SimpleSolid.tga	4	4	128	128	5555/5555/5555/5555
9	IK	X01A	Nature Builder	0	9	h023	Ancient of Slumber	production	n029	Bear	260	0	0	0	1	28	0	7	0	1	0	0	1		h024	260	0	2	PathTextures\4x4SimpleSolid.tga	4	4	128	128	5555/5555/5555/5555
9	IK	X01A	Nature Builder	0	10	h024	Ancient of Hibernation	production	n02B	Ancient Bear	230	0	0	0	1	39	0	7	0	1	0	0	1	h023		230	0	2	PathTextures\4x4SimpleSolid.tga	4	4	128	128	5555/5555/5555/5555
0	kK	X00O	Chaos Builder	0	7	h025	Fountain of Blood	production	n00L	Blood Fiend	270	0	0	0	1	28	5	4	0	1	0	0	1			270	0	2	PathTextures\4x4SimpleSolid.tga	4	4	128	128	5555/5555/5555/5555
0	kK	X00O	Chaos Builder	0	1	h026	Greater Demon Cage	production	z000	Quill Demon	230	0	0	0	1	32	0	0	0	0	0	0	1	h01I	h06O	230	0	2	PathTextures\4x4SimpleSolid.tga	4	4	128	128	5555/5555/5555/5555
9	IK	X01A	Nature Builder	0	11	h027	Emerald Dragon Roost	production	n02A	Emerald Dragon	310	0	0	0	1	30	5	2	1	0	0	0	1			310	0	2	PathTextures\4x4SimpleSolid.tga	4	4	128	128	5555/5555/5555/5555
9	IK	X01A	Nature Builder	0	12	h028	Monolith	production	e00F	Mountain Giant	440	0	0	0	1	37	0	3	0	1	0	0	1			440	0	2	PathTextures\4x4SimpleSolid.tga	4	4	128	128	5555/5555/5555/5555
12	UK	X019	Orc Builder	0	0	h029	Fighters' Hall	production	o002	Grunt	110	0	0	0	1	20	0	2	0	1	0	0	1		h02U	110	0	2	PathTextures\4x4SimpleSolid.tga	4	4	128	128	5555/5555/5555/5555
9	IK	X01A	Nature Builder	0	14	h02A	Ancient of Gale	non-production			350	650	0	0	0	0	-1	-1	0	0	0	0	0			350	650	2	PathTextures\4x4SimpleSolid.tga	4	4	128	128	5555/5555/5555/5555
12	UK	X019	Orc Builder	0	3	h02B	Shamanic Tent	production	o003	Shaman	170	0	0	0	1	23	3	7	0	0	0	1	1		h06I,h07Q	170	0	2	PathTextures\4x4SimpleSolid.tga	4	4	128	128	5555/5555/5555/5555
9	IK	X01A	Nature Builder	0	13	h02C	Ancient Guardian	non-production			250	500	0	0	0	0	-1	-1	0	0	0	0	0			250	500	2	PathTextures\4x4SimpleSolid.tga	4	4	128	128	5555/5555/5555/5555
9	IK	X01A	Nature Builder	0	16	h02D	Ancient of Wonders	non-production			650	1800	1	1	0	0	-1	-1	0	0	0	0	0			650	1800	2	PathTextures\4x4SimpleSolid.tga	4	4	128	128	5555/5555/5555/5555
12	UK	X019	Orc Builder	0	6	h02H	Troll Hut	production	n00V	Troll Berserker	200	0	0	0	1	25	0	1	0	0	0	0	1		h05E	200	0	2	PathTextures\4x4SimpleSolid.tga	4	4	128	128	5555/5555/5555/5555
12	UK	X019	Orc Builder	0	14	h02I	Orcish Siege Factory	production	o001	Catapult	380	0	0	0	1	34	2	1	0	0	1	0	1			380	0	2	PathTextures\4x4SimpleSolid.tga	4	4	128	128	5555/5555/5555/5555
12	UK	X019	Orc Builder	0	10	h02K	Kodo Farm	production	o007	Kodo	260	0	0	0	1	28	1	0	0	1	0	0	1		h035,h036,h092	260	0	2	PathTextures\4x4SimpleSolid.tga	4	4	128	128	5555/5555/5555/5555
12	UK	X019	Orc Builder	0	15	h02N	Serpent Rock	non-production			270	640	0	0	0	0	-1	-1	0	0	0	0	0			270	640	2	PathTextures\4x4SimpleSolid.tga	4	4	128	128	5555/5555/5555/5555
12	UK	X019	Orc Builder	0	18	h02O	Legendary Totem	non-production			475	1350	1	1	0	0	-1	-1	0	0	0	0	0		h07X,h07Y,h07Z	475	1350	2	PathTextures\4x4SimpleSolid.tga	4	4	128	128	5555/5555/5555/5555
12	UK	X019	Orc Builder	0	9	h02P	Falcon-Clan Encampment	production	o009	Wyvern Rider	220	0	0	0	1	26	1	7	1	0	0	0	1			220	0	2	PathTextures\4x4SimpleSolid.tga	4	4	128	128	5555/5555/5555/5555
12	UK	X019	Orc Builder	0	16	h02R	Ceremonial Totem	non-production			250	540	0	0	0	0	-1	-1	0	0	0	0	0			250	540	2	PathTextures\4x4SimpleSolid.tga	4	4	128	128	5555/5555/5555/5555
12	UK	X019	Orc Builder	0	1	h02U	Advanced Fighters' Hall	production	o004	Veteran Grunt	100	0	0	0	1	25	0	2	0	1	0	0	1	h029	h031	100	0	2	PathTextures\4x4SimpleSolid.tga	4	4	128	128	5555/5555/5555/5555
12	UK	X019	Orc Builder	0	2	h031	Superior Fighters' Hall	production	o005	Axemaster	240	0	0	0	1	37	0	2	0	1	0	0	1	h02U		240	0	2	PathTextures\4x4SimpleSolid.tga	4	4	128	128	5555/5555/5555/5555
8	GK	X00E	Naga Builder	0	8	h032	Royal Spawning Grounds	production	n00X	Naga Royal Guard	200	0	0	0	1	37	1	2	0	1	0	1	1	h00F		200	0	2	PathTextures\4x4SimpleSolid.tga	4	4	128	128	5555/5555/5555/5555
12	UK	X019	Orc Builder	0	12	h035	Melee Kodo Farm	production	o008	Melee Kodo Rider	100	0	0	0	1	33	1	0	0	0	0	0	1	h02K		100	0	2	PathTextures\4x4SimpleSolid.tga	4	4	128	128	5555/5555/5555/5555
12	UK	X019	Orc Builder	0	13	h036	Defensive Kodo Farm	production	o006	Defensive Kodo Rider	100	0	0	0	1	33	1	0	0	0	0	0	1	h02K		100	0	2	PathTextures\4x4SimpleSolid.tga	4	4	128	128	5555/5555/5555/5555
6	CK	X00C	Human Builder	0	5	h037	Chapel	production	h03B	Crusader	265	0	0	0	1	28	4	2	0	1	0	1	1		h038	265	0	2	PathTextures\4x4SimpleSolid.tga	4	4	128	128	5555/5555/5555/5555
6	CK	X00C	Human Builder	0	6	h038	Church	production	h03C	Paladin	260	0	0	0	1	41	4	2	0	1	0	1	1	h037	h072	260	0	2	PathTextures\4x4SimpleSolid.tga	4	4	128	128	5555/5555/5555/5555
6	CK	X00C	Human Builder	0	1	h039	Stronghold	production	h03A	Defender	175	0	0	0	1	28	0	2	0	1	0	0	1	h000		175	0	2	PathTextures\4x4SimpleSolid.tga	4	4	128	128	5555/5555/5555/5555
10	KK	X089	Night Elf Builder	0	1	h03D	Ranger's Hall	production	e003	Ranger	200	0	0	0	1	32	1	0	0	0	0	0	1	h00S	h03E	200	0	2	PathTextures\4x4SimpleSolid.tga	4	4	128	128	5555/5555/5555/5555
10	KK	X089	Night Elf Builder	0	2	h03E	Amazon's Hall	production	e004	Amazon	400	375	1	1	0	52	1	0	0	0	0	0	1	h03D		400	375	2	PathTextures\4x4SimpleSolid.tga	4	4	128	128	5555/5555/5555/5555
5	AK	X00P	Elf Builder	0	3	h03F	Hall of the Eldest	production	n00Y	Elder Blademaster	230	0	0	0	1	37	0	2	0	1	0	0	1	h00T		230	0	2	PathTextures\4x4SimpleSolid.tga	4	4	128	128	5555/5555/5555/5555
0	kK	X00O	Chaos Builder	0	4	h03G	Greater Chaos Citadel	production	n00Z	Chaos Champion	190	0	0	0	1	32	0	1	0	1	0	0	1	h01D		190	0	2	PathTextures\4x4SimpleSolid.tga	4	4	128	128	5555/5555/5555/5555
11	QK	X017	Northern Builder	0	12	h03I	Azure Nest	production	n010	Azure Drake	280	0	0	0	1	29	5	2	1	0	0	0	1			280	0	2	PathTextures\4x4SimpleSolid.tga	4	4	128	128	5555/5555/5555/5555
11	QK	X017	Northern Builder	0	6	h03J	Ice Troll Voodoo Lounge	production	o00A	Ice Troll Witch Doctor	150	0	0	0	1	31	3	0	0	0	0	1	1	h03K		150	0	2	PathTextures\4x4SimpleSolid.tga	4	4	128	128	5555/5555/5555/5555
11	QK	X017	Northern Builder	0	5	h03K	Ice Troll Hut	production	n015	Ice Troll Shadow Priest	175	0	0	0	1	23	3	0	0	0	0	1	1		h03J	175	0	2	PathTextures\4x4SimpleSolid.tga	4	4	128	128	5555/5555/5555/5555
11	QK	X017	Northern Builder	0	11	h03L	Greater Frost Launcher	non-production			290	575	0	0	0	0	-1	-1	0	0	0	0	0	h048		290	575	2	PathTextures\4x4SimpleSolid.tga	4	4	128	128	5555/5555/5555/5555
14	aL	X018	Undead Builder	0	2	h03M	Defiled Granary	production	u007	Plague Bearer	205	0	0	0	1	36	5	1	0	1	0	0	1	h04Z		205	0	2	PathTextures\4x4SimpleSolid.tga	4	4	128	128	5555/5555/5555/5555
11	QK	X017	Northern Builder	0	16	h03O	World Freezer	non-production			600	1350	1	1	0	0	-1	-1	0	0	0	0	0			600	1350	2	PathTextures\4x4SimpleSolid.tga	4	4	128	128	5555/5555/5555/5555
11	QK	X017	Northern Builder	0	15	h03Q	Icy Tower	non-production			230	300	0	0	0	0	0	-1	0	0	0	0	0			230	300	20	PathTextures\4x4SimpleSolid.tga	4	4	128	128	5555/5555/5555/5555
11	QK	X017	Northern Builder	0	13	h03S	Crystal Palace	production	n014	Ice Queen	400	0	0	0	1	35	5	7	0	0	0	1	1			400	0	2	PathTextures\4x4SimpleSolid.tga	4	4	128	128	5555/5555/5555/5555
11	QK	X017	Northern Builder	0	7	h03T	Ice Claws	production	n012	Wandigoo	275	0	0	0	1	28	1	1	0	1	0	0	1		h043	275	0	2	PathTextures\4x4SimpleSolid.tga	4	4	128	128	5555/5555/5555/5555
11	QK	X017	Northern Builder	0	3	h03U	Igloo	production	n011	Hrimthrusa	160	0	0	0	1	23	1	2	0	0	0	0	1		h06L	160	0	2	PathTextures\4x4SimpleSolid.tga	4	4	128	128	5555/5555/5555/5555
11	QK	X017	Northern Builder	0	2	h03W	Glacier	production	n016	Magnataur	250	0	0	0	1	39	0	7	0	1	0	1	1	h04F		250	0	2	PathTextures\4x4SimpleSolid.tga	4	4	128	128	5555/5555/5555/5555
4	wK	X051	Elemental Builder	0	3	h03X	Water Spring	production	h02W	Lesser Elemental Of Water	140	0	0	0	1	22	0	1	0	0	0	0	1		h03Y	140	0	2	PathTextures\4x4SimpleSolid.tga	4	4	128	128	5555/5555/5555/5555
4	wK	X051	Elemental Builder	0	4	h03Y	Golden Fountain	production	h02X	Elemental Of Water	180	0	0	0	1	31	0	1	0	0	0	0	1	h03X	h03Z	180	0	2	PathTextures\4x4SimpleSolid.tga	4	4	128	128	5555/5555/5555/5555
4	wK	X051	Elemental Builder	0	5	h03Z	Spellbound Fountain	production	h02Y	Greater Elemental Of Water	185	0	0	0	1	40	0	1	0	0	0	0	1	h03Y		185	0	2	PathTextures\4x4SimpleSolid.tga	4	4	128	128	5555/5555/5555/5555
4	wK	X051	Elemental Builder	0	11	h040	Rock Pile	production	h034	Elemental Of Earth	250	0	0	0	1	27	2	5	0	1	0	0	1		h041	250	0	2	PathTextures\4x4SimpleSolid.tga	4	4	128	128	5555/5555/5555/5555
4	wK	X051	Elemental Builder	0	12	h041	Greater Fissure	production	h03N	Greater Elemental Of Earth	240	0	0	0	1	40	2	5	0	1	0	0	1	h040		240	0	2	PathTextures\4x4SimpleSolid.tga	4	4	128	128	5555/5555/5555/5555
4	wK	X051	Elemental Builder	0	9	h042	Pillar of Globe-Lightning	production	h03P	Elemental Of Lightning	230	0	0	0	1	26	3	0	0	0	0	0	1		h044	230	0	2	PathTextures\4x4SimpleSolid.tga	4	4	128	128	5555/5555/5555/5555
11	QK	X017	Northern Builder	0	8	h043	Frost Claws	production	n013	Ancient Wandigoo	225	0	0	0	1	40	1	1	0	1	0	1	1	h03T		225	0	2	PathTextures\4x4SimpleSolid.tga	4	4	128	128	5555/5555/5555/5555
4	wK	X051	Elemental Builder	0	10	h044	Pillar of St. Elmo's Fire	production	h03R	Greater Elemental Of Lightning	210	0	0	0	1	37	3	0	0	0	0	0	1	h042		210	0	2	PathTextures\4x4SimpleSolid.tga	4	4	128	128	5555/5555/5555/5555
4	wK	X051	Elemental Builder	0	6	h045	Altar of Fire	production	h02Z	Elemental Of Fire	200	0	0	0	1	25	5	2	0	0	0	0	1		h046	200	0	2	PathTextures\4x4SimpleSolid.tga	4	4	128	128	5555/5555/5555/5555
4	wK	X051	Elemental Builder	0	7	h046	Altar of Blaze	production	u00F	Greater Elemental Of Fire	220	0	0	0	1	36	0	2	0	1	0	0	1	h045	h04E	220	0	2	PathTextures\4x4SimpleSolid.tga	4	4	128	128	5555/5555/5555/5555
11	QK	X017	Northern Builder	0	14	h047	Chilling Mushroom	non-production			190	350	0	0	0	0	-1	-1	0	0	0	0	0			190	350	2	PathTextures\4x4SimpleSolid.tga	4	4	128	128	5555/5555/5555/5555
11	QK	X017	Northern Builder	0	10	h048	Frost Launcher	non-production			210	475	0	0	0	0	-1	-1	0	0	0	0	0		h03L	210	475	2	PathTextures\4x4SimpleSolid.tga	4	4	128	128	5555/5555/5555/5555
11	QK	X017	Northern Builder	0	0	h049	Snowy Rocks	production	n017	Frost Wolf	115	0	0	0	1	20	0	7	0	1	0	0	1		h04F	115	0	2	PathTextures\4x4SimpleSolid.tga	4	4	128	128	5555/5555/5555/5555
4	wK	X051	Elemental Builder	0	0	h04A	Trapped Gale	production	o00C	Lesser Elemental Of Wind	130	0	0	0	1	21	1	1	1	0	0	0	1		h04C	130	0	2	PathTextures\4x4SimpleSolid.tga	4	4	128	128	5555/5555/5555/5555
14	aL	X018	Undead Builder	0	4	h04B	Temple of Necromancy	production	u009	Mighty Necromancer	170	0	0	0	1	34	3	7	0	0	0	1	1	h01K	h055	170	0	2	PathTextures\4x4SimpleSolid.tga	4	4	128	128	5555/5555/5555/5555
4	wK	X051	Elemental Builder	0	1	h04C	Monument of Wind Stream	production	o00D	Elemental Of Wind	180	0	0	0	1	30	1	1	1	0	0	0	1	h04A	h04D	180	0	2	PathTextures\4x4SimpleSolid.tga	4	4	128	128	5555/5555/5555/5555
4	wK	X051	Elemental Builder	0	2	h04D	Zephyros Memorial	production	o00E	Greater Elemental Of Wind	200	0	0	0	1	40	1	1	1	0	0	1	1	h04C		200	0	2	PathTextures\4x4SimpleSolid.tga	4	4	128	128	5555/5555/5555/5555
4	wK	X051	Elemental Builder	0	8	h04E	Tower of Elder Knowledge	production	h03V	Master Of Elements	300	400	1	1	0	54	3	7	0	0	0	0	1	h046		300	400	2	PathTextures\4x4SimpleSolid.tga	4	4	128	128	5555/5555/5555/5555
11	QK	X017	Northern Builder	0	1	h04F	Icy Rocks	production	n018	Polar Bear	125	0	0	0	1	27	0	7	0	1	0	0	1	h049	h03W	125	0	2	PathTextures\4x4SimpleSolid.tga	4	4	128	128	5555/5555/5555/5555
1	nK	X006	Corrupted Builder	0	11	h04K	Well of Pain	non-production			270	450	0	0	0	0	-1	-1	0	0	0	0	0			270	450	2	PathTextures\4x4SimpleSolid.tga	4	4	128	128	5555/5555/5555/5555
1	nK	X006	Corrupted Builder	0	3	h04L	Void Portal	production	n019	Void Walker	190	0	0	0	1	24	3	0	0	0	0	0	1		h04N	190	0	2	PathTextures\4x4SimpleSolid.tga	4	4	128	128	5555/5555/5555/5555
1	nK	X006	Corrupted Builder	0	6	h04M	Shadow Ancient	production	n01B	Shadow Drake	165	0	0	0	1	35	3	1	1	0	0	1	1	h04O		165	0	2	PathTextures\4x4SimpleSolid.tga	4	4	128	128	5555/5555/5555/5555
1	nK	X006	Corrupted Builder	0	4	h04N	Portal of the Abyss	production	n01A	Void Keeper	190	0	0	0	1	34	3	0	0	0	0	0	1	h04L		190	0	2	PathTextures\4x4SimpleSolid.tga	4	4	128	128	5555/5555/5555/5555
1	nK	X006	Corrupted Builder	0	5	h04O	Nether Ancient	production	n01D	Nether Drake	235	0	0	0	1	26	3	1	1	0	0	1	1		h04M	235	0	2	PathTextures\4x4SimpleSolid.tga	4	4	128	128	5555/5555/5555/5555
1	nK	X006	Corrupted Builder	0	8	h04P	Hell's Portal	production	n01E	Infernal Tank	150	0	0	0	1	37	2	2	0	0	1	0	1	h04Q		150	0	2	PathTextures\4x4SimpleSolid.tga	4	4	128	128	5555/5555/5555/5555
1	nK	X006	Corrupted Builder	0	7	h04Q	Hell's Gate	production	n01F		300	0	0	0	1	30	2	2	0	0	1	0	1		h04P	300	0	2	PathTextures\4x4SimpleSolid.tga	4	4	128	128	5555/5555/5555/5555
1	nK	X006	Corrupted Builder	0	12	h04R	Forgotten One	non-production			260	450	0	0	0	0	-1	-1	0	0	0	0	0			260	450	2	PathTextures\4x4SimpleSolid.tga	4	4	128	128	5555/5555/5555/5555
1	nK	X006	Corrupted Builder	0	9	h04S	Felhound Shrine	production	n01G	Felhound	240	0	0	0	1	27	1	1	0	1	0	0	1			240	0	2	PathTextures\4x4SimpleSolid.tga	4	4	128	128	5555/5555/5555/5555
1	nK	X006	Corrupted Builder	0	14	h04T	Eye of Corruption	non-production			500	1350	1	1	0	0	-1	-1	0	0	0	0	0			500	1350	2	PathTextures\4x4SimpleSolid.tga	4	4	128	128	5555/5555/5555/5555
1	nK	X006	Corrupted Builder	0	10	h04U	Demonic Statue	production	h04I	Incubus	520	0	0	0	1	41	5	1	0	0	0	0	1			520	0	2	PathTextures\4x4SimpleSolid.tga	4	4	128	128	5555/5555/5555/5555
1	nK	X006	Corrupted Builder	0	0	h04V	Ancient of Battle	production	n01I	Corrupted Ent	125	0	0	0	1	21	0	2	0	1	0	0	1		h04W	125	0	2	PathTextures\4x4SimpleSolid.tga	4	4	128	128	5555/5555/5555/5555
1	nK	X006	Corrupted Builder	0	1	h04W	Corrupted Ancient of War	production	n01H	Corrupted Treant	125	0	0	0	1	27	0	2	0	1	0	0	1	h04V	h09Y	125	0	2	PathTextures\4x4SimpleSolid.tga	4	4	128	128	5555/5555/5555/5555
14	aL	X018	Undead Builder	0	1	h04Z	Tainted Farm	production	n01K	Suffocated Zombie	100	0	0	0	1	26	5	1	0	1	0	0	1	h01R	h03M	100	0	2	PathTextures\4x4SimpleSolid.tga	4	4	128	128	5555/5555/5555/5555
14	aL	X018	Undead Builder	0	7	h054	Graveyard	production	h05H	Vampire Lord	265	0	0	0	1	40	1	5	0	1	0	0	1	h01N		265	0	2	PathTextures\4x4SimpleSolid.tga	4	4	128	128	5555/5555/5555/5555
14	aL	X018	Undead Builder	0	5	h055	High Citadel of Necromancy	production	u00D	Lich King	370	375	1	1	0	52	3	7	0	0	0	1	1	h04B		370	375	2	PathTextures\4x4SimpleSolid.tga	4	4	128	128	5555/5555/5555/5555
14	aL	X018	Undead Builder	0	9	h056	Skull Shrine	non-production			140	380	0	0	0	0	-1	-1	0	0	0	0	0	h01P		140	380	2	PathTextures\4x4SimpleSolid.tga	4	4	128	128	5555/5555/5555/5555
5	AK	X00P	Elf Builder	0	12	h059	Golden Shrine of Justice	non-production			650	1800	1	1	0	0	-1	-1	0	0	0	0	0			650	1800	2	PathTextures\4x4SimpleSolid.tga	4	4	128	128	5555/5555/5555/5555
6	CK	X00C	Human Builder	0	4	h05D	Gunner's Hall	production	h0A2	Heavy Gunner	180	0	0	0	1	31	1	1	0	0	0	0	1	h003		180	0	2	PathTextures\4x4SimpleSolid.tga	4	4	128	128	5555/5555/5555/5555
12	UK	X019	Orc Builder	0	7	h05E	Trapper's Hut	production	n01O	Troll Trapper	80	0	0	0	1	29	0	1	0	0	0	0	1	h02H	h06D	80	0	2	PathTextures\4x4SimpleSolid.tga	4	4	128	128	5555/5555/5555/5555
8	GK	X00E	Naga Builder	0	4	h05F	Lernaean Fountain	production	n01P	Ancient Hydra	675	1000	1	1	0	58	5	1	0	0	0	0	1	h00J		675	1000	2	PathTextures\4x4SimpleSolid.tga	4	4	128	128	5555/5555/5555/5555
6	CK	X00C	Human Builder	0	17	h05G	Heroic Shrine	non-production			550	1500	1	1	0	0	-1	-1	0	0	0	0	0			550	1500	2	PathTextures\4x4SimpleSolid.tga	4	4	128	128	5555/5555/5555/5555
0	kK	X00O	Chaos Builder	0	11	h05I	Magic Ruin	non-production			200	330	0	0	0	0	-1	-1	0	0	0	0	0			200	330	2	PathTextures\4x4SimpleSolid.tga	4	4	128	128	5555/5555/5555/5555
7	EK	X06P	Mechanical Builder	0	0	h05J	Aircraft Factory	production	h06Q	Roterothopter	160	0	0	0	1	23	1	0	1	0	1	0	1		h09L	160	0	2	PathTextures\4x4SimpleSolid.tga	4	4	128	128	5555/5555/5555/5555
7	EK	X06P	Mechanical Builder	0	18	h05L	Energy Tower	non-production			240	300	0	0	0	0	5	-1	0	0	0	0	0			240	300	20	PathTextures\4x4SimpleSolid.tga	4	4	128	128	5555/5555/5555/5555
7	EK	X06P	Mechanical Builder	0	7	h05M	Demolition Lab	production	n01V	Lunatic Goblin	200	0	0	0	1	25	5	7	0	1	0	1	1		h077	200	0	2	PathTextures\4x4SimpleSolid.tga	4	4	128	128	5555/5555/5555/5555
7	EK	X06P	Mechanical Builder	0	16	h05R	Red Shield Generator	non-production			140	130	0	0	0	0	-1	-1	0	0	0	0	0	h06J		140	130	2	PathTextures\4x4SimpleSolid.tga	4	4	128	128	5555/5555/5555/5555
7	EK	X06P	Mechanical Builder	0	9	h05T	Gun Smith	production	z002	Flamegunner	220	0	0	0	1	26	5	0	0	0	0	0	1		h09P	220	0	2	PathTextures\4x4SimpleSolid.tga	4	4	128	128	5555/5555/5555/5555
7	EK	X06P	Mechanical Builder	0	13	h05U	Lumber Mill	production	n01T	Goblin Shredder	375	0	0	0	1	33	1	1	0	1	1	0	1		h06Z	375	0	2	PathTextures\4x4SimpleSolid.tga	4	4	128	128	5555/5555/5555/5555
7	EK	X06P	Mechanical Builder	0	11	h05V	Golem Factory	production	n01X	Iron Golem	270	0	0	0	1	28	4	5	0	1	1	0	1		h097	270	0	2	PathTextures\4x4SimpleSolid.tga	4	4	128	128	5555/5555/5555/5555
7	EK	X06P	Mechanical Builder	0	2	h05X	Tank Factory	production	h06T	Light Tank	180	0	0	0	1	24	0	2	0	0	1	0	1		h09B,h09I,h09J	180	0	2	PathTextures\4x4SimpleSolid.tga	4	4	128	128	5555/5555/5555/5555
4	wK	X051	Elemental Builder	0	15	h05Z	Books of Conjuration	non-production			340	650	0	0	0	0	-1	-1	0	0	0	0	0		h06E,h06F	340	650	2	PathTextures\4x4SimpleSolid.tga	4	4	128	128	5555/5555/5555/5555
4	wK	X051	Elemental Builder	0	14	h060	Obelisk of Elements	non-production			245	550	0	0	0	0	-1	-1	0	0	0	0	0			245	550	2	PathTextures\4x4SimpleSolid.tga	4	4	128	128	5555/5555/5555/5555
4	wK	X051	Elemental Builder	0	18	h061	Elemental Guard Tower	non-production			220	300	0	0	0	0	5	-1	0	0	0	0	0			220	300	20	PathTextures\4x4SimpleSolid.tga	4	4	128	128	5555/5555/5555/5555
4	wK	X051	Elemental Builder	0	13	h062	Mana Generator	non-production			200	250	0	0	0	0	-1	-1	0	0	0	0	0			200	250	2	PathTextures\4x4SimpleSolid.tga	4	4	128	128	5555/5555/5555/5555
4	wK	X051	Elemental Builder	0	20	h063	Linker	non-production			700	1900	1	1	0	0	-1	-1	0	0	0	0	0			700	1900	2	PathTextures\4x4SimpleSolid.tga	4	4	128	128	5555/5555/5555/5555
7	EK	X06P	Mechanical Builder	0	17	h069	Spare Part Heap	production	n01U	Gobbo Machinist	200	300	0	0	0	30	0	7	1	0	1	0	1			200	300	2	PathTextures\4x4SimpleSolid.tga	4	4	128	128	5555/5555/5555/5555
12	UK	X019	Orc Builder	0	8	h06D	Forest Trapper's Hole	production	n02G	Forest Troll Trapper	450	390	1	1	0	52	0	1	0	0	0	0	1	h05E		450	390	2	PathTextures\4x4SimpleSolid.tga	4	4	128	128	5555/5555/5555/5555
4	wK	X051	Elemental Builder	0	17	h06E	Meteor Shower	non-production			0	0	0	0	1	0	-1	-1	0	0	0	0	0	h05Z		0	0	2	PathTextures\4x4SimpleSolid.tga	4	4	128	128	5555/5555/5555/5555
4	wK	X051	Elemental Builder	0	16	h06F	Elemental Rain	non-production			0	0	0	0	1	0	-1	-1	0	0	0	0	0	h05Z		0	0	2	PathTextures\4x4SimpleSolid.tga	4	4	128	128	5555/5555/5555/5555
12	UK	X019	Orc Builder	0	4	h06I	Infostealer's Place	production	o00F	Infostealer	170	0	0	0	1	32	3	0	0	0	0	1	1	h02B		170	0	2	PathTextures\4x4SimpleSolid.tga	4	4	128	128	5555/5555/5555/5555
7	EK	X06P	Mechanical Builder	0	15	h06J	Blue Shield Generator	non-production			160	240	0	0	0	0	-1	-1	0	0	0	0	0		h05R	160	240	2	PathTextures\4x4SimpleSolid.tga	4	4	128	128	5555/5555/5555/5555
11	QK	X017	Northern Builder	0	4	h06L	Modern Igloo	production	n02I	Angry Hrimthrusa	550	460	1	1	0	52	1	2	0	0	0	0	1	h03U		550	460	2	PathTextures\4x4SimpleSolid.tga	4	4	128	128	5555/5555/5555/5555
0	kK	X00O	Chaos Builder	0	2	h06O	Serenity	production	e00E	Twins	550	1300	1	1	0	60	6	6	1	0	0	1	1	h026		550	1300	2	PathTextures\4x4SimpleSolid.tga	4	4	128	128	5555/5555/5555/5555
5	AK	X00P	Elf Builder	0	7	h06Y	Dragonhawk Portal	production	n01Y	Dragonhawk Rider	310	0	0	0	1	30	1	2	1	0	0	1	1			310	0	2	PathTextures\4x4SimpleSolid.tga	4	4	128	128	5555/5555/5555/5555
7	EK	X06P	Mechanical Builder	0	14	h06Z	Protection Center	production	n02J	Goliath	425	400	1	1	0	55	4	7	0	0	1	0	1	h05U		425	400	2	PathTextures\4x4SimpleSolid.tga	4	4	128	128	5555/5555/5555/5555
5	AK	X00P	Elf Builder	0	8	h070	Highelf Siege Factory	production	e005	Ballista	350	0	0	0	1	32	2	1	0	0	1	0	1			350	0	2	PathTextures\4x4SimpleSolid.tga	4	4	128	128	5555/5555/5555/5555
9	IK	X01A	Nature Builder	0	5	h071	Enigma	production	e00G	Visioneer	300	0	0	0	1	40	5	7	0	0	0	1	1	h00Y		300	0	2	PathTextures\4x4SimpleSolid.tga	4	4	128	128	5555/5555/5555/5555
6	CK	X00C	Human Builder	0	7	h072	Holy Altar	production	h074	Holy Warrior	200	500	1	1	0	51	4	2	0	1	0	1	1	h038		200	500	2	PathTextures\4x4SimpleSolid.tga	4	4	128	128	5555/5555/5555/5555
10	KK	X089	Night Elf Builder	0	13	h073	Elune's Lantern	non-production			210	300	0	0	0	0	3	-1	0	0	0	0	0			210	300	20	PathTextures\4x4SimpleSolid.tga	4	4	128	128	5555/5555/5555/5555
4	wK	X051	Elemental Builder	0	19	h076	Discharge Tower	non-production			240	300	0	0	0	0	6	-1	0	0	0	0	0			240	300	20	PathTextures\4x4SimpleSolid.tga	4	4	128	128	5555/5555/5555/5555
7	EK	X06P	Mechanical Builder	0	8	h077	Rocket Lab	production	n02M	Goblin Rocketeer	140	0	0	0	1	32	2	7	0	0	0	0	1	h05M		140	0	2	PathTextures\4x4SimpleSolid.tga	4	4	128	128	5555/5555/5555/5555
3	qK	X078	Desert Builder	0	13	h079	Beacon of the Oasis	non-production			190	430	0	0	0	0	-1	-1	0	0	0	0	0			190	430	2	PathTextures\4x4SimpleSolid.tga	4	4	128	128	5555/5555/5555/5555
3	qK	X078	Desert Builder	0	12	h07A	Sacred Peyote	non-production			205	410	0	0	0	0	-1	-1	0	0	0	0	0			205	410	2	PathTextures\4x4SimpleSolid.tga	4	4	128	128	5555/5555/5555/5555
10	KK	X089	Night Elf Builder	0	4	h07D	Moon Altar	production	e00J	Sage Druid	210	0	0	0	1	35	5	7	0	0	0	1	1	h088		210	0	2	PathTextures\4x4SimpleSolid.tga	4	4	128	128	5555/5555/5555/5555
3	qK	X078	Desert Builder	0	14	h07E	Ballista Tower	non-production			230	300	0	0	0	0	1	-1	0	0	0	0	0			230	300	20	PathTextures\4x4SimpleSolid.tga	4	4	128	128	5555/5555/5555/5555
10	KK	X089	Night Elf Builder	0	12	h07H	Obelisk of Wilderness	non-production			220	300	0	0	0	0	-1	-1	0	0	0	0	0			220	300	2	PathTextures\4x4SimpleSolid.tga	4	4	128	128	5555/5555/5555/5555
10	KK	X089	Night Elf Builder	0	14	h07I	Starfall Obelisk	non-production			650	1350	1	1	0	0	-1	-1	0	0	0	0	0			650	1350	2	PathTextures\4x4SimpleSolid.tga	4	4	128	128	5555/5555/5555/5555
10	KK	X089	Night Elf Builder	0	6	h07L	Guild of Shadows	production	n020	Royal Assassin	175	0	0	0	1	33	1	1	0	1	0	1	1	h07M		175	0	2	PathTextures\4x4SimpleSolid.tga	4	4	128	128	5555/5555/5555/5555
10	KK	X089	Night Elf Builder	0	5	h07M	House of Shadows	production	n01Z	Assassin	200	0	0	0	1	25	1	1	0	1	0	1	1		h07L	200	0	2	PathTextures\4x4SimpleSolid.tga	4	4	128	128	5555/5555/5555/5555
10	KK	X089	Night Elf Builder	0	8	h07N	Scorched Mansion	production	e00A	Avatar of Vengeance	240	0	0	0	1	38	3	0	0	1	0	0	1	h07O		240	0	2	PathTextures\4x4SimpleSolid.tga	4	4	128	128	5555/5555/5555/5555
10	KK	X089	Night Elf Builder	0	7	h07O	Pillaged Hut	production	e00B	Avenging Spirit	230	0	0	0	1	26	3	0	0	1	0	0	1		h07N	230	0	2	PathTextures\4x4SimpleSolid.tga	4	4	128	128	5555/5555/5555/5555
13	WK	X07P	Pandaren Builder	0	11	h07P	Poof Tower	non-production			230	300	0	0	0	0	-1	-1	0	0	0	0	0			230	300	20	PathTextures\4x4SimpleSolid.tga	4	4	128	128	5555/5555/5555/5555
12	UK	X019	Orc Builder	0	5	h07Q	Blood Shaman Tent	production	o00G	Blood Shaman	190	0	0	0	1	33	3	7	0	0	0	1	1	h02B		190	0	2	PathTextures\4x4SimpleSolid.tga	4	4	128	128	5555/5555/5555/5555
13	WK	X07P	Pandaren Builder	0	10	h07R	Thunderpaw Spire	non-production			260	550	0	0	0	0	-1	-1	0	0	0	0	0			260	550	2	PathTextures\4x4SimpleSolid.tga	4	4	128	128	5555/5555/5555/5555
13	WK	X07P	Pandaren Builder	0	9	h07T	Withering Hall	non-production			210	400	0	0	0	0	-1	-1	0	0	0	0	0			210	400	2	PathTextures\4x4SimpleSolid.tga	4	4	128	128	5555/5555/5555/5555
6	CK	X00C	Human Builder	0	13	h07U	Vessel of Purity	non-production			200	500	0	0	0	0	-1	-1	0	0	0	0	0			200	500	2	PathTextures\4x4SimpleSolid.tga	4	4	128	128	5555/5555/5555/5555
13	WK	X07P	Pandaren Builder	0	12	h07V	Celestial Chi Tower	non-production			475	1250	1	1	0	0	5	-1	0	0	0	0	0			475	1250	2	PathTextures\4x4SimpleSolid.tga	4	4	128	128	5555/5555/5555/5555
11	QK	X017	Northern Builder	0	9	h07W	Snowveil Fountain	non-production			210	475	0	0	0	0	-1	-1	0	0	0	0	0			210	475	2	PathTextures\4x4SimpleSolid.tga	4	4	128	128	5555/5555/5555/5555
12	UK	X019	Orc Builder	0	19	h07X	Stasis Totem	non-production			0	0	1	1	1	0	-1	-1	0	0	0	0	0	h02O		0	0	1	PathTextures\4x4SimpleSolid.tga	4	4	128	128	5555/5555/5555/5555
12	UK	X019	Orc Builder	0	20	h07Y	Healing Totem	non-production			0	0	1	1	1	0	-1	-1	0	0	0	0	0	h02O		0	0	1	PathTextures\4x4SimpleSolid.tga	4	4	128	128	5555/5555/5555/5555
12	UK	X019	Orc Builder	0	21	h07Z	Endurance Totem	non-production			0	0	1	1	1	0	-1	-1	0	0	0	0	0	h02O		0	0	1	PathTextures\4x4SimpleSolid.tga	4	4	128	128	5555/5555/5555/5555
8	GK	X00E	Naga Builder	0	6	h080	Temple of Riptide	production	n03U	Winged Riptide Serpent	210	0	0	0	1	37	3	0	1	0	0	0	1	h01Y		210	0	2	PathTextures\4x4SimpleSolid.tga	4	4	128	128	5555/5555/5555/5555
6	CK	X00C	Human Builder	0	15	h081	Tiny Watch Tower	non-production			0	300	0	0	0	0	1	-1	0	0	0	0	0		h082	0	300	10	PathTextures\4x4SimpleSolid.tga	4	4	128	128	5555/5555/5555/5555
6	CK	X00C	Human Builder	0	16	h082	Tiny Multishot Tower	non-production			100	600	0	0	0	0	1	-1	0	0	0	0	0	h081		100	600	10	PathTextures\4x4SimpleSolid.tga	4	4	128	128	5555/5555/5555/5555
10	KK	X089	Night Elf Builder	0	3	h088	Moon Shrine	production	e007	Druid	190	0	0	0	1	24	5	7	0	0	0	1	1		h07D	190	0	2	PathTextures\4x4SimpleSolid.tga	4	4	128	128	5555/5555/5555/5555
10	KK	X089	Night Elf Builder	0	11	h08P	Silver Glade	non-production			225	600	0	0	0	0	-1	-1	0	0	0	0	0			225	600	2	PathTextures\4x4SimpleSolid.tga	4	4	128	128	5555/5555/5555/5555
5	AK	X00P	Elf Builder	0	0	h08X	Archery Range	production	n022	Archer	180	0	0	0	1	24	1	7	0	0	0	0	1		h08Y	180	0	2	PathTextures\4x4SimpleSolid.tga	4	4	128	128	5555/5555/5555/5555
5	AK	X00P	Elf Builder	0	1	h08Y	Archery Tower	production	n023	Master Archer	200	0	0	0	1	34	1	7	0	0	0	0	1	h08X		200	0	2	PathTextures\4x4SimpleSolid.tga	4	4	128	128	5555/5555/5555/5555
12	UK	X019	Orc Builder	0	11	h092	Spellbreaker Kodo Farm	production	o00B	Spellbreaker Kodo Rider	100	0	0	0	1	33	1	0	0	0	0	0	1	h02K		100	0	2	PathTextures\4x4SimpleSolid.tga	4	4	128	128	5555/5555/5555/5555
7	EK	X06P	Mechanical Builder	0	12	h097	Precious Golem Factory	production	n024	Adamant Golem	500	385	1	1	0	53	4	6	0	1	1	0	1	h05V		500	385	2	PathTextures\4x4SimpleSolid.tga	4	4	128	128	5555/5555/5555/5555
7	EK	X06P	Mechanical Builder	0	5	h09B	Heavy Tank Factory	production	h06S	Heavy Tank	200	0	0	0	1	34	0	2	0	0	1	0	1	h05X	h09H	200	0	2	PathTextures\4x4SimpleSolid.tga	4	4	128	128	5555/5555/5555/5555
7	EK	X06P	Mechanical Builder	0	6	h09H	Rocket Tank Factory	production	h098	Rocket Tank	100	0	0	0	1	39	0	2	0	0	1	0	1	h09B		100	0	2	PathTextures\4x4SimpleSolid.tga	4	4	128	128	5555/5555/5555/5555
7	EK	X06P	Mechanical Builder	0	4	h09I	Assault Tank Factory	production	h099	Assault Tank	200	0	0	0	1	34	5	2	0	0	1	0	1	h05X		200	0	2	PathTextures\4x4SimpleSolid.tga	4	4	128	128	5555/5555/5555/5555
7	EK	X06P	Mechanical Builder	0	3	h09J	Mine Layer Factory	production	h06U	Mine Layer	150	0	0	0	1	31	0	2	0	1	1	1	1	h05X		150	0	2	PathTextures\4x4SimpleSolid.tga	4	4	128	128	5555/5555/5555/5555
7	EK	X06P	Mechanical Builder	0	1	h09L	Bomber Factory	production	h06R	Gyrocopter	180	0	0	0	1	32	1	0	1	0	1	0	1	h05J		180	0	2	PathTextures\4x4SimpleSolid.tga	4	4	128	128	5555/5555/5555/5555
7	EK	X06P	Mechanical Builder	0	10	h09P	Arsenal	production	z003	Flamegunner Sergeant	140	0	0	0	1	33	5	0	0	0	0	0	1	h05T		140	0	2	PathTextures\4x4SimpleSolid.tga	4	4	128	128	5555/5555/5555/5555
7	EK	X06P	Mechanical Builder	0	19	h09T	Power Plant	non-production			340	650	0	0	0	0	-1	-1	0	0	0	0	0			340	650	2	PathTextures\4x4SimpleSolid.tga	4	4	128	128	5555/5555/5555/5555
5	AK	X00P	Elf Builder	0	4	h09X	School of Wizardry	production	h07B	Sorceress	360	0	0	0	1	33	3	7	0	0	0	1	1		h00X	360	0	2	PathTextures\4x4SimpleSolid.tga	4	4	128	128	5555/5555/5555/5555
1	nK	X006	Corrupted Builder	0	2	h09Y	Corrupted Ancient of Annihilation	production	n027	Corrupted Annihilator	500	375	1	1	0	52	0	2	0	1	0	1	1	h04W		500	375	2	PathTextures\4x4SimpleSolid.tga	4	4	128	128	5555/5555/5555/5555
6	CK	X00C	Human Builder	0	3	h0A1	Marksmen's Encampment	production	h05C	Marksman	180	0	0	0	1	31	1	1	0	0	0	0	1	h003		180	0	2	PathTextures\4x4SimpleSolid.tga	4	4	128	128	5555/5555/5555/5555
2	pK	X0Z0	Critter Builder	1	0	h0Z1	Mudcrab Burrow	production	n0Z1	Mudcrab	100	0	0	0	1	20	0	1	0	1	0	0	0		h0Z2	100	0	2	PathTextures\4x4SimpleSolid.tga	4	4	128	128	5555/5555/5555/5555
2	pK	X0Z0	Critter Builder	1	1	h0Z2	Rockcrab Burrow	production	n0Z2	Rock Crab	175	0	0	0	1	26	0	2	0	1	0	0	0	h0Z1		175	0	2	PathTextures\4x4SimpleSolid.tga	4	4	128	128	5555/5555/5555/5555
2	pK	X0Z0	Critter Builder	1	2	h0Z3	Spinecrab Tidepool	production	n0Z3	Spiny Crab	150	0	0	0	1	22	1	0	0	0	0	0	0			150	0	2	PathTextures\4x4SimpleSolid.tga	4	4	128	128	5555/5555/5555/5555
2	pK	X0Z0	Critter Builder	1	3	h0Z4	Hermit Mound	production	n0Z4	Hermit Crab	220	0	0	0	1	30	0	2	0	1	0	0	0			220	0	2	PathTextures\4x4SimpleSolid.tga	4	4	128	128	5555/5555/5555/5555
2	pK	X0Z0	Critter Builder	1	4	h0Z5	Tidal Cairn	non-production			180	0	0	0	1	0	-1	-1	0	0	0	0	0			180	0	2	PathTextures\4x4SimpleSolid.tga	4	4	128	128	5555/5555/5555/5555
2	pK	X0Z0	Critter Builder	1	5	h0Z6	Coral Spire	non-production			150	0	0	0	1	0	-1	-1	0	0	0	0	0			150	0	2	PathTextures\4x4SimpleSolid.tga	4	4	128	128	5555/5555/5555/5555
2	pK	X0Z0	Critter Builder	1	6	h0Z7	Reef Guardian	production	n0Z7	Giant Reef Crab	550	1500	1	1	0	60	2	2	0	1	0	0	0			550	1500	2	PathTextures\4x4SimpleSolid.tga	4	4	128	128	5555/5555/5555/5555
1	nK	X006	Corrupted Builder	0	13	n01J	Corrupted Protector	non-production			200	300	0	0	0	0	5	-1	0	0	0	0	0			200	300	20	PathTextures\4x4SimpleSolid.tga	4	4	128	128	5555/5555/5555/5555
9	IK	X01A	Nature Builder	0	15	n02D	Ancient Protector	non-production			210	300	0	0	0	0	2	-1	0	0	0	0	0			210	300	20	PathTextures\4x4SimpleSolid.tga	4	4	128	128	5555/5555/5555/5555
3	qK	X078	Desert Builder	0	3	n02N	Fire Gnoll Hut	production	n02T	Fire Gnoll	180	0	0	0	1	32	0	0	0	0	0	1	1	n02P		180	0	2	PathTextures\4x4SimpleSolid.tga	4	4	128	128	5555/5555/5555/5555
3	qK	X078	Desert Builder	0	10	n02O	Den of the Ogre Lord	production	n02Y	Ogre Lord	200	0	0	0	1	38	2	2	0	1	0	0	1	n033		200	0	2	PathTextures\4x4SimpleSolid.tga	4	4	128	128	5555/5555/5555/5555
3	qK	X078	Desert Builder	0	2	n02P	Gnoll Tent	production	n02S	Gnoll	165	0	0	0	1	23	0	0	0	0	0	0	1		n02N	165	0	2	PathTextures\4x4SimpleSolid.tga	4	4	128	128	5555/5555/5555/5555
3	qK	X078	Desert Builder	0	4	n02Q	Harpy Nest	production	n02W	Harpy	210	0	0	0	1	25	1	7	1	0	0	0	1		n03B	210	0	2	PathTextures\4x4SimpleSolid.tga	4	4	128	128	5555/5555/5555/5555
3	qK	X078	Desert Builder	0	8	n02R	Monstrous Sandkin Burrow	production	n035	Monstrous Sandkin	230	0	0	0	1	38	3	1	0	0	0	1	1	n039		230	0	2	PathTextures\4x4SimpleSolid.tga	4	4	128	128	5555/5555/5555/5555
3	qK	X078	Desert Builder	0	6	n031	Nest of Harpy Matriarch	production	n034	Harpies' Matriarch	415	580	1	1	0	56	4	7	1	0	0	0	1	n03B		415	580	2	PathTextures\4x4SimpleSolid.tga	4	4	128	128	5555/5555/5555/5555
3	qK	X078	Desert Builder	0	9	n033	Ogre Den	production	n02X	Ogre	260	0	0	0	1	27	2	2	0	1	0	0	1		n02O	260	0	2	PathTextures\4x4SimpleSolid.tga	4	4	128	128	5555/5555/5555/5555
3	qK	X078	Desert Builder	0	0	n036	Quillboar Yard	production	n02V	Quillboar	130	0	0	0	1	21	1	7	0	1	0	0	1		n037	130	0	2	PathTextures\4x4SimpleSolid.tga	4	4	128	128	5555/5555/5555/5555
3	qK	X078	Desert Builder	0	1	n037	Razormane Abode	production	n02U	Razormane	190	0	0	0	1	31	1	7	0	1	0	1	1	n036		190	0	2	PathTextures\4x4SimpleSolid.tga	4	4	128	128	5555/5555/5555/5555
3	qK	X078	Desert Builder	0	11	n038	Salamander Hatchery	production	n02Z	Salamander	450	0	0	0	1	37	5	2	0	0	0	0	1			450	0	2	PathTextures\4x4SimpleSolid.tga	4	4	128	128	5555/5555/5555/5555
3	qK	X078	Desert Builder	0	7	n039	Sandkin Burrow	production	n030	Sandkin	230	0	0	0	1	26	3	1	0	0	0	1	1		n02R	230	0	2	PathTextures\4x4SimpleSolid.tga	4	4	128	128	5555/5555/5555/5555
3	qK	X078	Desert Builder	0	15	n03A	Temple of Storm	non-production			600	1500	1	1	0	0	-1	-1	0	0	0	0	0			600	1500	2	PathTextures\4x4SimpleSolid.tga	4	4	128	128	5555/5555/5555/5555
3	qK	X078	Desert Builder	0	5	n03B	Nest of Harpy Witch	production	n032	Harpy Witch	200	0	0	0	1	35	1	7	1	0	0	1	1	n02Q	n031	200	0	2	PathTextures\4x4SimpleSolid.tga	4	4	128	128	5555/5555/5555/5555
13	WK	X07P	Pandaren Builder	0	0	n03D	Bamboo Dojo	production	n03E	Sagepaw Monk	145	0	0	0	1	22	3	7	0	0	0	1	1		n03S	145	0	2	PathTextures\4x4SimpleSolid.tga	4	4	128	128	5555/5555/5555/5555
13	WK	X07P	Pandaren Builder	0	2	n03F	Brew Hut	production	n03G	Ironpaw Militia	190	0	0	0	1	23	0	1	0	1	0	0	1		n03K	190	0	2	PathTextures\4x4SimpleSolid.tga	4	4	128	128	5555/5555/5555/5555
13	WK	X07P	Pandaren Builder	0	5	n03H	Temple of the Wandering Spark	production	n03I	Echofoot Mystic	240	0	0	0	1	27	3	0	0	0	0	0	1			240	0	2	PathTextures\4x4SimpleSolid.tga	4	4	128	128	5555/5555/5555/5555
13	WK	X07P	Pandaren Builder	0	3	n03K	Fighting Tavern	production	n03J	Ironpaw Guardian	180	0	0	0	1	33	0	1	0	1	0	0	1	n03F	n03P	180	0	2	PathTextures\4x4SimpleSolid.tga	4	4	128	128	5555/5555/5555/5555
13	WK	X07P	Pandaren Builder	0	8	n03L	Jade Shrine	production	n03M	Jade Elder	420	0	0	0	1	36	0	2	0	0	0	0	1			420	0	2	PathTextures\4x4SimpleSolid.tga	4	4	128	128	5555/5555/5555/5555
13	WK	X07P	Pandaren Builder	0	6	n03N	Pandaren Siege Workshop	production	o00H	Brewshock Catapult	360	0	0	0	1	34	2	1	0	0	1	1	1			360	0	2	PathTextures\4x4SimpleSolid.tga	4	4	128	128	5555/5555/5555/5555
13	WK	X07P	Pandaren Builder	0	4	n03P	Temple of Ten Thousand Drinks	production	n03O	Drunken Brewmaster	400	520	1	1	0	52	4	5	0	1	0	0	1	n03K		400	520	2	PathTextures\4x4SimpleSolid.tga	4	4	128	128	5555/5555/5555/5555
13	WK	X07P	Pandaren Builder	0	7	n03Q	Cloud Hangar	production	h07S	Cloud Ship	380	0	0	0	1	34	3	1	1	0	1	0	1			380	0	2	PathTextures\4x4SimpleSolid.tga	4	4	128	128	5555/5555/5555/5555
13	WK	X07P	Pandaren Builder	0	1	n03S	Sagepaw Sanctum	production	n03T	Sagepaw Soulkeeper	170	0	0	0	1	31	3	7	0	0	0	1	1	n03D		170	0	2	PathTextures\4x4SimpleSolid.tga	4	4	128	128	5555/5555/5555/5555
12	UK	X019	Orc Builder	0	17	o000	Anti Air Tower	non-production			175	300	0	0	0	0	0	-1	0	0	0	0	0			175	300	20	PathTextures\4x4SimpleSolid.tga	4	4	128	128	5555/5555/5555/5555
