building_rawcode	building_names	unit_rawcode	unit_names	explicit_runtime_functions	marker_runtime_hooks	special_mechanic_kinds	has_scripted_unit_spell	coverage_status	coverage_note
h013	Ancient of Growth	e006	Dryad	handleSourceDamageEffects		attack-proc-dispel-positive-buffs	1	special-mechanic+unit-spell	runtime branch has dedicated special normalization and scripted unit-spell coverage
h01H	Ancient of Life	e009	Keeper of the Grove	handleSourceDamageEffects		attack-proc-dispel-positive-buffs	1	special-mechanic+unit-spell	runtime branch has dedicated special normalization and scripted unit-spell coverage
h07N	Scorched Mansion	e00A	Avatar of Vengeance	fJ		death-retaliation-damage-to-killer,kill-heal-percent-max-hp	0	special-mechanic	runtime branch has dedicated importer-ready special normalization
h07O	Pillaged Hut	e00B	Avenging Spirit	fJ		kill-heal-percent-max-hp	0	special-mechanic	runtime branch has dedicated importer-ready special normalization
h01J	Ancient of Eternity	e00C	Ancient Keeper	handleSourceDamageEffects		attack-proc-dispel-positive-buffs	1	special-mechanic+unit-spell	runtime branch has dedicated special normalization and scripted unit-spell coverage
h028	Monolith	e00F	Mountain Giant	checkForWrongOrder,onUnitEnteredMap		auto-spawn-tree-and-grab-war-club	1	special-mechanic+unit-spell	runtime branch has dedicated special normalization and scripted unit-spell coverage
h01N	Crypt	h01U	Vampire	fJ		organic-kill-eternal-servitude	0	special-mechanic	runtime branch has dedicated importer-ready special normalization
h03Z	Spellbound Fountain	h02Y	Greater Elemental Of Water	handleSourceDamageEffects		attack-proc-native-mirror-image	0	special-mechanic	runtime branch has dedicated importer-ready special normalization
h045	Altar of Fire	h02Z	Elemental Of Fire	EventListener_add_FireElemental_onEvent_add_FireElemental			0	parent-special-endpoint	Fire Elemental is the h02Z replacement endpoint already proven by Greater Fire Elemental's u00F split row
h040	Rock Pile	h034	Elemental Of Earth		ability-marker:A0DW	source-damage-health-scaled-aftershock	0	special-mechanic	runtime branch has dedicated importer-ready special normalization
h039	Stronghold	h03A	Defender	EventListener_add_doAfter_FixDefend_onEvent_add_doAfter_FixDefend,mJ,onSummonedUnit		automatic-defend-state-maintenance	0	special-mechanic	runtime branch has dedicated importer-ready special normalization
h038	Church	h03C	Paladin	onSummonedUnit		summon-event-mana-reset	1	special-mechanic+unit-spell	runtime branch has dedicated special normalization and scripted unit-spell coverage
h041	Greater Fissure	h03N	Greater Elemental Of Earth		ability-marker:A0DW	source-damage-health-scaled-aftershock	0	special-mechanic	runtime branch has dedicated importer-ready special normalization
h042	Pillar of Globe-Lightning	h03P	Elemental Of Lightning		ability-marker:A0DX	target-damage-melee-thunderbolt-retaliation	0	special-mechanic	runtime branch has dedicated importer-ready special normalization
h044	Pillar of St. Elmo's Fire	h03R	Greater Elemental Of Lightning		ability-marker:A0DX	target-damage-melee-thunderbolt-retaliation	0	special-mechanic	runtime branch has dedicated importer-ready special normalization
h054	Graveyard	h05H	Vampire Lord	applyVampireArmorReduction,fJ		organic-kill-eternal-servitude,source-damage-stacking-blood-corrosion	0	special-mechanic	runtime branch has dedicated importer-ready special normalization
h09J	Mine Layer Factory	h06U	Mine Layer	onUnitTrained		train-event-random-initial-mana	1	special-mechanic+unit-spell	runtime branch has dedicated special normalization and scripted unit-spell coverage
h02H	Troll Hut	n00V	Troll Berserker	fJ		kill-triggered-native-berserk	0	special-mechanic	runtime branch has dedicated importer-ready special normalization
h04M	Shadow Ancient	n01B	Shadow Drake	onUnitEnteredMap			0	verified-visual-only	Shadow Drake's onUnitEnteredMap rawcode branch is strictly asserted in lua_index.py to only set vertex color 82,0,135,102
h05E	Trapper's Hut	n01O	Troll Trapper	fJ		kill-triggered-native-berserk	1	special-mechanic+unit-spell	runtime branch has dedicated special normalization and scripted unit-spell coverage
h023	Ancient of Slumber	n029	Bear	handleTargetDamageEffects		damage-triggered-feral-rage-and-hibernation	0	special-mechanic	runtime branch has dedicated importer-ready special normalization
h027	Emerald Dragon Roost	n02A	Emerald Dragon	handleSourceDamageEffects		attack-stacking-corrosion	0	special-mechanic	runtime branch has dedicated importer-ready special normalization
h024	Ancient of Hibernation	n02B	Ancient Bear	handleSourceDamageEffects,handleTargetDamageEffects		damage-triggered-feral-rage-and-hibernation	0	special-mechanic	runtime branch has dedicated importer-ready special normalization
h06D	Forest Trapper's Hole	n02G	Forest Troll Trapper	DamageListener_addListener_TrollBlood_onEvent_addListener_TrollBlood,fJ		kill-triggered-native-berserk	1	special-mechanic+unit-spell	runtime branch has dedicated special normalization and scripted unit-spell coverage
h077	Rocket Lab	n02M	Goblin Rocketeer	fJ,onUnitTrained		train-event-set-exploded-flag	0	special-mechanic	runtime branch has dedicated importer-ready special normalization
n02P	Gnoll Tent	n02S	Gnoll	DamageListener_addListener_doAfter_ThunderpawSpire_onEvent_addListener_doAfter_ThunderpawSpire,checkForWrongOrder		retarget-flying-damage-source	0	special-mechanic	runtime branch has dedicated importer-ready special normalization
n02N	Fire Gnoll Hut	n02T	Fire Gnoll	DamageListener_addListener_doAfter_ThunderpawSpire_onEvent_addListener_doAfter_ThunderpawSpire,checkForWrongOrder		retarget-flying-damage-source	0	special-mechanic	runtime branch has dedicated importer-ready special normalization
n037	Razormane Abode	n02U	Razormane	handleFanOfKnives		damage-triggered-auto-fan-of-knives	0	special-mechanic	runtime branch has dedicated importer-ready special normalization
n03H	Temple of the Wandering Spark	n03I	Echofoot Mystic	DamageListener_addListener_doAfter_ThunderpawSpire_onEvent_addListener_doAfter_ThunderpawSpire		damage-triggered-echo-step-and-remnant	0	special-mechanic	runtime branch has dedicated importer-ready special normalization
h04D	Zephyros Memorial	o00E	Greater Elemental Of Wind	handleTargetDamageEffects		damage-to-mana-kaboom-charge	0	special-mechanic	runtime branch has dedicated importer-ready special normalization
h055	High Citadel of Necromancy	u00D	Lich King	handleSourceDamageEffects		source-damage-mastery-over-death	0	special-mechanic	runtime branch has dedicated importer-ready special normalization
h046	Altar of Blaze	u00F	Greater Elemental Of Fire	EventListener_add_FireElemental_onEvent_add_FireElemental		native-lava-spawn-split-with-child-conversion	0	special-mechanic	runtime branch has dedicated importer-ready special normalization
