building_rawcode	building_names	unit_rawcode	unit_names	attack_index	activation	default_enabled	enabled_by_ability	enabled_by_ability_name	conditional_max_attacks	disabled_by_ability	attack_type	weapon_type	targets	base_damage	base_damage_source	dice_number	dice_number_source	dice_sides	dice_sides_source	cooldown	cooldown_source	range	range_source	min_damage	max_damage	avg_damage	dps	xo_effective_dps	xo_dps_relation	xo_effective_range	xo_range_relation
h000	Barracks	hfoo	Footman	1	default	1					normal	normal	debris,ground,item,structure,ward	24	protected-runtime	1	static-resolved	2	static-resolved	1.35	static-resolved	90	static-resolved	25.0	26.0	25.5	18.88888888888889	18.88	xo-match	90	xo-match
h000	Barracks	hfoo	Footman	2	unavailable	0					normal	_	_	-	static-resolved	-	static-resolved	-	static-resolved	-	static-resolved	-	static-resolved					18.88	xo-missing	90	xo-missing
h002	Spider Egg Clutch	n00U	Black Spider	1	default	1					pierce	normal	ground,structure,debris,item,ward	27	protected-runtime	1	static-resolved	6	protected-runtime	1	protected-runtime	100	static-resolved	28.0	33.0	30.5	30.5	30.5	xo-match	100	xo-match
h002	Spider Egg Clutch	n00U	Black Spider	2	unavailable	0					normal	_	_	-	static-resolved	-	static-resolved	-	static-resolved	-	static-resolved	-	static-resolved					30.5	xo-missing	100	xo-missing
h003	Sniper Nest	hrif	Sniper	1	default	1					pierce	instant	air,debris,ground,item,structure,ward	31	protected-runtime	1	protected-runtime	5	protected-runtime	1.5	static-resolved	500	protected-runtime	32.0	36.0	34.0	22.666666666666668	22.66	xo-match	500	xo-match
h003	Sniper Nest	hrif	Sniper	2	unavailable	0					normal	_	_	-	static-resolved	-	static-resolved	-	static-resolved	-	static-resolved	-	static-resolved					22.66	xo-missing	500	xo-missing
h004	Weapon Lab	hmtm	Mortar	1	default	1					siege	artillery	debris,ground,item,structure,tree,wall,ward	67	protected-runtime	1	static-resolved	13	static-resolved	3.5	static-resolved	1000	protected-runtime	68.0	80.0	74.0	21.142857142857142	21.14	xo-match	1000	xo-match
h004	Weapon Lab	hmtm	Mortar	2	unavailable	0					siege	missile	structure	51	static-resolved	1	static-resolved	13	static-resolved	3.5	static-resolved	1000	static-resolved	52.0	64.0	58.0	16.571428571428573	21.14	xo-differs	1000	xo-match
h007	Demon Gate	n000	Infernal	1	default	1					chaos	normal	air,debris,ground,item,structure,tree,ward	109	protected-runtime	1	static-resolved	26	protected-runtime	1.35	static-resolved	100	static-resolved	110.0	135.0	122.5	90.74074074074073	90.74	xo-match	100	xo-match
h007	Demon Gate	n000	Infernal	2	unavailable	0					normal	_	_	-	static-resolved	-	static-resolved	-	static-resolved	-	static-resolved	-	static-resolved					90.74	xo-missing	100	xo-missing
h009	Dragon Nest	n001	Red Dragon	1	default	1					chaos	msplash	air,debris,ground,item,structure,ward	49	protected-runtime	1	protected-runtime	41	protected-runtime	1.4	protected-runtime	400	protected-runtime	50.0	90.0	70.0	50.0	50	xo-match	400	xo-match
h009	Dragon Nest	n001	Red Dragon	2	unavailable	0					chaos	missile	air	67	static-resolved	3	static-resolved	9	static-resolved	1.5	static-resolved	300	static-resolved	70.0	94.0	82.0	54.666666666666664	50	xo-differs	400	xo-differs
h00B	Fountain of Wonders	e000	Faerie Dragon	1	default	1					magic	missile	ground,structure,debris,air,item,ward	49	protected-runtime	1	static-resolved	1	protected-runtime	1.75	static-resolved	350	protected-runtime	50.0	50.0	50.0	28.571428571428573	28.57	xo-match	350	xo-match
h00B	Fountain of Wonders	e000	Faerie Dragon	2	unavailable	0					normal	_	_	-	static-resolved	-	static-resolved	-	static-resolved	-	static-resolved	-	static-resolved					28.57	xo-missing	350	xo-missing
h00F	Spawning Grounds	n002	Naga Guardian	1	default	1					pierce	normal	ground,structure,debris,item,ward	69	protected-runtime	1	protected-runtime	6	protected-runtime	1.4	protected-runtime	128	static-resolved	70.0	75.0	72.5	51.78571428571429	51.78	xo-match	128	xo-match
h00F	Spawning Grounds	n002	Naga Guardian	2	unavailable	0					normal	_	_	-	static-resolved	-	static-resolved	-	static-resolved	-	static-resolved	-	static-resolved					51.78	xo-missing	128	xo-missing
h00J	Swamp Well	n004	Suumpmolk	1	default	1					normal	missile	air,debris,ground,item,structure,ward	37	protected-runtime	1	protected-runtime	1	protected-runtime	1.4	protected-runtime	325	protected-runtime	38.0	38.0	38.0	27.142857142857146	27.14	xo-match	325	xo-match
h00J	Swamp Well	n004	Suumpmolk	2	unavailable	0					normal	_	_	-	static-resolved	-	static-resolved	-	static-resolved	-	static-resolved	-	static-resolved					27.14	xo-missing	325	xo-missing
h00K	Hjordhejmen	n005	Warlock	1	default	1					chaos	missile	ground,structure,debris,air,item,ward	29	protected-runtime	1	static-resolved	4	static-resolved	1.8	static-resolved	160	protected-runtime	30.0	33.0	31.5	17.5	17.5	xo-match	160	xo-match
h00K	Hjordhejmen	n005	Warlock	2	unavailable	0					normal	_	_	-	static-resolved	-	static-resolved	-	static-resolved	-	static-resolved	-	static-resolved					17.5	xo-missing	160	xo-missing
h00Q	Spider Egg Nest	n01N	Giant Spider	1	default	1					pierce	normal	ground,structure,debris,item,ward	64	protected-runtime	1	static-resolved	11	protected-runtime	1.3	protected-runtime	100	static-resolved	65.0	75.0	70.0	53.84615384615385	53.84	xo-match	100	xo-match
h00Q	Spider Egg Nest	n01N	Giant Spider	2	unavailable	0					normal	_	_	-	static-resolved	-	static-resolved	-	static-resolved	-	static-resolved	-	static-resolved					53.84	xo-missing	100	xo-missing
h00R	Spider Egg Hatchery	n01W	Brood Mother	1	default	1					pierce	normal	ground,structure,debris,item,ward	89	protected-runtime	1	static-resolved	21	protected-runtime	1.5	protected-runtime	100	static-resolved	90.0	110.0	100.0	66.66666666666667	66.66	xo-match	100	xo-match
h00R	Spider Egg Hatchery	n01W	Brood Mother	2	unavailable	0					normal	_	_	-	static-resolved	-	static-resolved	-	static-resolved	-	static-resolved	-	static-resolved					66.66	xo-missing	100	xo-missing
h00S	Hunter's Hall	e001	Huntress	1	default	1					pierce	missile	ground,structure,debris,air,item,ward	39	protected-runtime	1	static-resolved	4	protected-runtime	1.5	static-resolved	400	protected-runtime	40.0	43.0	41.5	27.666666666666668	27.66	xo-match	400	xo-match
h00S	Hunter's Hall	e001	Huntress	2	unavailable	0					normal	_	_	-	static-resolved	-	static-resolved	-	static-resolved	-	static-resolved	-	static-resolved					27.66	xo-missing	400	xo-missing
h00T	Hall of Honor	n006	Blademaster	1	default	1					normal	normal	ground,structure,debris,item,ward	19	protected-runtime	1	protected-runtime	16	protected-runtime	0.7	protected-runtime	100	protected-runtime	20.0	35.0	27.5	39.285714285714285	39.28	xo-match	100	xo-match
h00T	Hall of Honor	n006	Blademaster	2	unavailable	0					normal	_	_	-	static-resolved	-	static-resolved	-	static-resolved	-	static-resolved	-	static-resolved					39.28	xo-missing	100	xo-missing
h00V	Bloodelf War Academy	h00U	Bloodthirster	1	default	1					magic	mbounce	air,debris,ground,item,structure,ward	54	protected-runtime	1	static-resolved	6	protected-runtime	1.5	protected-runtime	390	protected-runtime	55.0	60.0	57.5	38.333333333333336	38.33	xo-match	390	xo-match
h00V	Bloodelf War Academy	h00U	Bloodthirster	2	unavailable	0					normal	_	_	-	static-resolved	-	static-resolved	-	static-resolved	-	static-resolved	-	static-resolved					38.33	xo-missing	390	xo-missing
h00X	Tower of Supreme Magic	h00W	Wizard	1	default	1					chaos	missile	ground,structure,debris,air,item,ward	89	protected-runtime	1	static-resolved	21	protected-runtime	1.8	protected-runtime	650	protected-runtime	90.0	110.0	100.0	55.55555555555556	55.55	xo-match	650	xo-match
h00X	Tower of Supreme Magic	h00W	Wizard	2	unavailable	0					normal	_	_	-	static-resolved	-	static-resolved	-	static-resolved	-	static-resolved	-	static-resolved					55.55	xo-missing	650	xo-missing
h00Y	Furbolg Hut	n026	Furbolg Shaman	1	default	1					magic	missile	ground,structure,debris,air,item,ward	49	protected-runtime	1	static-resolved	6	protected-runtime	1.4	protected-runtime	400	protected-runtime	50.0	55.0	52.5	37.5	37.5	xo-match	400	xo-match
h00Y	Furbolg Hut	n026	Furbolg Shaman	2	unavailable	0					normal	_	_	-	static-resolved	-	static-resolved	-	static-resolved	-	static-resolved	-	static-resolved					37.5	xo-missing	400	xo-missing
h011	Nightelf Siege Factory	e002	Glaive Thrower	1	default	1					siege	mbounce	ground,structure,debris,wall,item,ward	79	protected-runtime	1	static-resolved	26	protected-runtime	3.5	static-resolved	1000	protected-runtime	80.0	105.0	92.5	26.428571428571427	26.42	xo-match	1000	xo-match
h011	Nightelf Siege Factory	e002	Glaive Thrower	2	unavailable	0					siege	aline	ground,structure,debris,wall,item,ward,tree	38	static-resolved	1	static-resolved	12	static-resolved	3.5	static-resolved	1050	protected-runtime	39.0	50.0	44.5	12.714285714285714	26.42	xo-differs	1000	xo-differs
h012	Furbolg Abode	n028	Furbolg Elder Shaman	1	default	1					magic	missile	ground,structure,debris,air,item,ward	69	protected-runtime	1	static-resolved	26	protected-runtime	1.4	protected-runtime	450	protected-runtime	70.0	95.0	82.5	58.92857142857143	58.92	xo-match	450	xo-match
h012	Furbolg Abode	n028	Furbolg Elder Shaman	2	unavailable	0					normal	_	_	-	static-resolved	-	static-resolved	-	static-resolved	-	static-resolved	-	static-resolved					58.92	xo-missing	450	xo-missing
h013	Ancient of Growth	e006	Dryad	1	default	1					pierce	missile	ground,structure,debris,air,item,ward	49	protected-runtime	1	static-resolved	21	protected-runtime	1.6	protected-runtime	400	protected-runtime	50.0	70.0	60.0	37.5	37.5	xo-match	400	xo-match
h013	Ancient of Growth	e006	Dryad	2	unavailable	0					normal	_	_	-	static-resolved	-	static-resolved	-	static-resolved	-	static-resolved	-	static-resolved					37.5	xo-missing	400	xo-missing
h015	Gryphon Rock	h016	Gryphon Rider	1	default	1					magic	missile	air,debris,ground,item,structure,ward	44	static-resolved	1	static-resolved	6	protected-runtime	2	protected-runtime	450	static-resolved	45.0	50.0	47.5	23.75	23.75	xo-match	450	xo-match
h015	Gryphon Rock	h016	Gryphon Rider	2	unavailable	0					pierce	missile	air	44	static-resolved	1	static-resolved	11	static-resolved	2.4	static-resolved	450	static-resolved	45.0	55.0	50.0	20.833333333333336	23.75	xo-differs	450	xo-match
h01B	Reptile Pool	n007	Dragon Turtle	1	default	1					siege	missile	air,debris,ground,item,structure,ward	84	protected-runtime	1	static-resolved	21	protected-runtime	1.75	static-resolved	550	protected-runtime	85.0	105.0	95.0	54.285714285714285	54.28	xo-match	550	xo-match
h01B	Reptile Pool	n007	Dragon Turtle	2	unavailable	0					siege	missile	structure,tree	62	static-resolved	1	static-resolved	18	static-resolved	1.8	static-resolved	450	static-resolved	63.0	80.0	71.5	39.72222222222222	54.28	xo-differs	550	xo-differs
h01C	Altar of Greed	n008	Succubus	1	default	1					magic	missile	air,debris,ground,item,structure,ward	55	protected-runtime	1	static-resolved	16	protected-runtime	1.35	static-resolved	360	protected-runtime	56.0	71.0	63.5	47.03703703703703	47.03	xo-match	360	xo-match
h01C	Altar of Greed	n008	Succubus	2	unavailable	0					normal	_	_	-	static-resolved	-	static-resolved	-	static-resolved	-	static-resolved	-	static-resolved					47.03	xo-missing	360	xo-missing
h01D	Chaos Citadel	n009	Chaos Warrior	1	default	1					normal	normal	ground,structure,debris,item,ward	34	protected-runtime	1	static-resolved	6	protected-runtime	1.35	static-resolved	100	static-resolved	35.0	40.0	37.5	27.777777777777775	27.77	xo-match	100	xo-match
h01D	Chaos Citadel	n009	Chaos Warrior	2	unavailable	0					normal	_	_	-	static-resolved	-	static-resolved	-	static-resolved	-	static-resolved	-	static-resolved					27.77	xo-missing	100	xo-missing
h01H	Ancient of Life	e009	Keeper of the Grove	1	default	1					pierce	missile	ground,structure,debris,air,item,ward	79	protected-runtime	1	static-resolved	21	protected-runtime	1.2	protected-runtime	450	protected-runtime	80.0	100.0	90.0	75.0	75	xo-match	450	xo-match
h01H	Ancient of Life	e009	Keeper of the Grove	2	unavailable	0					normal	_	_	-	static-resolved	-	static-resolved	-	static-resolved	-	static-resolved	-	static-resolved					75	xo-missing	450	xo-missing
h01I	Lesser Demon Cage	n00A	Satyr	1	default	1					normal	missile	air,debris,ground,item,structure,ward	26	protected-runtime	1	static-resolved	3	protected-runtime	1.35	static-resolved	275	protected-runtime	27.0	29.0	28.0	20.74074074074074	20.74	xo-match	275	xo-match
h01I	Lesser Demon Cage	n00A	Satyr	2	unavailable	0					normal	_	_	-	static-resolved	-	static-resolved	-	static-resolved	-	static-resolved	-	static-resolved					20.74	xo-missing	275	xo-missing
h01J	Ancient of Eternity	e00C	Ancient Keeper	1	default	1					chaos	missile	ground,structure,debris,air,item,ward	139	protected-runtime	1	static-resolved	11	protected-runtime	2.1	protected-runtime	550	protected-runtime	140.0	150.0	145.0	69.04761904761905	69.04	xo-match	550	xo-match
h01J	Ancient of Eternity	e00C	Ancient Keeper	2	unavailable	0					normal	_	_	-	static-resolved	-	static-resolved	-	static-resolved	-	static-resolved	-	static-resolved					69.04	xo-missing	550	xo-missing
h01K	Temple of Bone	u005	Necromancer	1	default	1					magic	missile	ground,structure,debris,air,item,ward	54	protected-runtime	1	static-resolved	1	protected-runtime	1.8	static-resolved	380	protected-runtime	55.0	55.0	55.0	30.555555555555554	30.55	xo-match	380	xo-match
h01K	Temple of Bone	u005	Necromancer	2	unavailable	0					normal	_	_	-	static-resolved	-	static-resolved	-	static-resolved	-	static-resolved	-	static-resolved					30.55	xo-missing	380	xo-missing
h01L	Haunted Mine	u001	Banshee	1	default	1					magic	missile	air,debris,ground,item,structure,ward	59	protected-runtime	1	static-resolved	16	protected-runtime	1.4	static-resolved	350	protected-runtime	60.0	75.0	67.5	48.214285714285715	48.21	xo-match	350	xo-match
h01L	Haunted Mine	u001	Banshee	2	unavailable	0					normal	_	_	-	static-resolved	-	static-resolved	-	static-resolved	-	static-resolved	-	static-resolved					48.21	xo-missing	350	xo-missing
h01N	Crypt	h01U	Vampire	1	default	1					pierce	normal	debris,ground,item,structure,ward	39	protected-runtime	1	static-resolved	16	protected-runtime	1.35	static-resolved	110	protected-runtime	40.0	55.0	47.5	35.18518518518518	35.18	xo-match	110	xo-match
h01N	Crypt	h01U	Vampire	2	unavailable	0					normal	_	_	-	static-resolved	-	static-resolved	-	static-resolved	-	static-resolved	-	static-resolved					35.18	xo-missing	110	xo-missing
h01R	Rotting Hay Cart	n00B	Zombie	1	default	1					chaos	normal	ground,structure,debris,item,ward	29	protected-runtime	1	static-resolved	3	protected-runtime	2	protected-runtime	100	static-resolved	30.0	32.0	31.0	15.5	15.5	xo-match	100	xo-match
h01R	Rotting Hay Cart	n00B	Zombie	2	unavailable	0					normal	_	_	-	static-resolved	-	static-resolved	-	static-resolved	-	static-resolved	-	static-resolved					15.5	xo-missing	100	xo-missing
h01S	Dragon Cemetery	u000	Frost Wyrm	1	default	1					normal	msplash	ground,structure,item,air,debris,ward	89	protected-runtime	1	protected-runtime	101	protected-runtime	1.8	protected-runtime	325	protected-runtime	90.0	190.0	140.0	77.77777777777777	77.77	xo-match	325	xo-match
h01S	Dragon Cemetery	u000	Frost Wyrm	2	unavailable	0					pierce	msplash	air	83	static-resolved	1	static-resolved	11	static-resolved	3	static-resolved	300	static-resolved	84.0	94.0	89.0	29.666666666666668	77.77	xo-differs	325	xo-differs
h01T	Slaughter House	n00E	Flesh Golem	1	default	1					siege	normal	ground,structure,debris,item,ward	124	protected-runtime	3	static-resolved	26	protected-runtime	1.75	protected-runtime	120	protected-runtime	127.0	202.0	164.5	94.0	94	xo-match	120	xo-match
h01T	Slaughter House	n00E	Flesh Golem	2	unavailable	0					normal	_	_	-	static-resolved	-	static-resolved	-	static-resolved	-	static-resolved	-	static-resolved					94	xo-missing	120	xo-missing
h01Y	Temple of Snakes	n00H	Winged Serpent	1	default	1					magic	mbounce	ground,structure,debris,air,item,ward	39	protected-runtime	1	protected-runtime	21	protected-runtime	1.5	protected-runtime	420	protected-runtime	40.0	60.0	50.0	33.333333333333336	33.33	xo-match	420	xo-match
h01Y	Temple of Snakes	n00H	Winged Serpent	2	unavailable	0					normal	_	_	-	static-resolved	-	static-resolved	-	static-resolved	-	static-resolved	-	static-resolved					33.33	xo-missing	420	xo-missing
h01Z	Naga Spring	n00S	Naga Siren	1	default	1					chaos	missile	ground,structure,debris,air,item,ward	59	protected-runtime	1	static-resolved	41	protected-runtime	1.6	protected-runtime	400	protected-runtime	60.0	100.0	80.0	50.0	50	xo-match	400	xo-match
h01Z	Naga Spring	n00S	Naga Siren	2	unavailable	0					normal	_	_	-	static-resolved	-	static-resolved	-	static-resolved	-	static-resolved	-	static-resolved					50	xo-missing	400	xo-missing
h020	Murloc Camp	n00I	Murloc Warrior	1	default	1					normal	normal	ground,structure,debris,item,ward	24	protected-runtime	1	static-resolved	11	protected-runtime	1.25	protected-runtime	90	static-resolved	25.0	35.0	30.0	24.0	24	xo-match	90	xo-match
h020	Murloc Camp	n00I	Murloc Warrior	2	unavailable	0					normal	normal	tree	0	static-resolved	1	static-resolved	1	static-resolved	1	static-resolved	66	static-resolved	1.0	1.0	1.0	1.0	24	xo-differs	90	xo-differs
h021	Murloc Village	n00J	Murloc Champion	1	default	1					normal	normal	ground,structure,debris,item,ward	39	protected-runtime	1	static-resolved	11	protected-runtime	1.25	protected-runtime	90	static-resolved	40.0	50.0	45.0	36.0	36	xo-match	90	xo-match
h021	Murloc Village	n00J	Murloc Champion	2	unavailable	0					normal	normal	tree	0	static-resolved	1	static-resolved	1	static-resolved	1	static-resolved	66	static-resolved	1.0	1.0	1.0	1.0	36	xo-differs	90	xo-differs
h022	Murloc Fortress	n00K	Murloc Assassin	1	default	1					normal	normal	ground,structure,debris,item,ward	54	protected-runtime	1	static-resolved	16	protected-runtime	1.25	protected-runtime	90	static-resolved	55.0	70.0	62.5	50.0	50	xo-match	90	xo-match
h022	Murloc Fortress	n00K	Murloc Assassin	2	unavailable	0					normal	normal	tree	0	static-resolved	1	static-resolved	1	static-resolved	1	static-resolved	66	static-resolved	1.0	1.0	1.0	1.0	50	xo-differs	90	xo-differs
h023	Ancient of Slumber	n029	Bear	1	default	1					normal	normal	ground,structure,debris,item,ward	79	protected-runtime	1	static-resolved	11	protected-runtime	1.75	protected-runtime	128	static-resolved	80.0	90.0	85.0	48.57142857142857	48.57	xo-match	128	xo-match
h023	Ancient of Slumber	n029	Bear	2	unavailable	0					normal	_	_	-	static-resolved	-	static-resolved	-	static-resolved	-	static-resolved	-	static-resolved					48.57	xo-missing	128	xo-missing
h024	Ancient of Hibernation	n02B	Ancient Bear	1	default	1					normal	normal	ground,structure,debris,item,ward	104	protected-runtime	1	static-resolved	21	protected-runtime	2	protected-runtime	128	static-resolved	105.0	125.0	115.0	57.5	57.5	xo-match	128	xo-match
h024	Ancient of Hibernation	n02B	Ancient Bear	2	unavailable	0					normal	_	_	-	static-resolved	-	static-resolved	-	static-resolved	-	static-resolved	-	static-resolved					57.5	xo-missing	128	xo-missing
h025	Fountain of Blood	n00L	Blood Fiend	1	default	1					chaos	normal	ground,structure,debris,item,ward	44	protected-runtime	1	static-resolved	21	protected-runtime	1.2	protected-runtime	100	static-resolved	45.0	65.0	55.0	45.833333333333336	45.83	xo-match	100	xo-match
h025	Fountain of Blood	n00L	Blood Fiend	2	unavailable	0					normal	_	_	-	static-resolved	-	static-resolved	-	static-resolved	-	static-resolved	-	static-resolved					45.83	xo-missing	100	xo-missing
h026	Greater Demon Cage	z000	Quill Demon	1	default	1					normal	mbounce	air,debris,ground,item,structure,ward	50	protected-runtime	1	static-resolved	3	protected-runtime	0.8	protected-runtime	340	protected-runtime	51.0	53.0	52.0	65.0	65	xo-match	340	xo-match
h026	Greater Demon Cage	z000	Quill Demon	2	unavailable	0					normal	_	_	-	static-resolved	-	static-resolved	-	static-resolved	-	static-resolved	-	static-resolved					65	xo-missing	340	xo-missing
h027	Emerald Dragon Roost	n02A	Emerald Dragon	1	default	1					chaos	msplash	air,debris,ground,item,structure,ward	54	protected-runtime	1	static-resolved	21	protected-runtime	1.4	protected-runtime	250	protected-runtime	55.0	75.0	65.0	46.42857142857143	46.42	xo-match	250	xo-match
h027	Emerald Dragon Roost	n02A	Emerald Dragon	2	unavailable	0					pierce	missile	air	48	static-resolved	1	static-resolved	8	static-resolved	1.8	static-resolved	300	static-resolved	49.0	56.0	52.5	29.166666666666664	46.42	xo-differs	250	xo-differs
h028	Monolith	e00F	Mountain Giant	1	default	1				A0BC	normal	normal	ground,structure,debris,tree,wall,item,ward	124	protected-runtime	1	protected-runtime	51	protected-runtime	1.8	protected-runtime	128	static-resolved	125.0	175.0	150.0	83.33333333333333	83.33	xo-match	277	xo-two-profile-sum-minus-one
h028	Monolith	e00F	Mountain Giant	2	conditional	0	A0BC	NAT: Mounatin Giant (Grab Tree)	10		siege	normal	air,enemies,ground,structure	174	protected-runtime	1	protected-runtime	26	protected-runtime	2.2	protected-runtime	150	protected-runtime	175.0	200.0	187.5	85.22727272727272	83.33	xo-differs	277	xo-two-profile-sum-minus-one
h029	Fighters' Hall	o002	Grunt	1	default	1					normal	normal	ground,structure,debris,item,ward	24	protected-runtime	1	static-resolved	6	protected-runtime	1.5	protected-runtime	100	static-resolved	25.0	30.0	27.5	18.333333333333332	18.33	xo-match	100	xo-match
h029	Fighters' Hall	o002	Grunt	2	unavailable	0					normal	_	_	-	static-resolved	-	static-resolved	-	static-resolved	-	static-resolved	-	static-resolved					18.33	xo-missing	100	xo-missing
h02B	Shamanic Tent	o003	Shaman	1	default	1					magic	missile	ground,structure,debris,air,item,ward	39	protected-runtime	1	static-resolved	21	protected-runtime	1.9	protected-runtime	350	protected-runtime	40.0	60.0	50.0	26.315789473684212	26.31	xo-match	350	xo-match
h02B	Shamanic Tent	o003	Shaman	2	unavailable	0					normal	_	_	-	static-resolved	-	static-resolved	-	static-resolved	-	static-resolved	-	static-resolved					26.31	xo-missing	350	xo-missing
h02H	Troll Hut	n00V	Troll Berserker	1	default	1					normal	missile	ground,structure,debris,air,item,ward	39	protected-runtime	1	static-resolved	11	protected-runtime	1.5	protected-runtime	300	protected-runtime	40.0	50.0	45.0	30.0	30	xo-match	300	xo-match
h02H	Troll Hut	n00V	Troll Berserker	2	unavailable	0					normal	_	_	-	static-resolved	-	static-resolved	-	static-resolved	-	static-resolved	-	static-resolved					30	xo-missing	300	xo-missing
h02I	Orcish Siege Factory	o001	Catapult	1	default	1					siege	artillery	debris,ground,item,structure,tree,wall,ward	119	protected-runtime	1	static-resolved	31	protected-runtime	5	protected-runtime	1000	protected-runtime	120.0	150.0	135.0	27.0	27	xo-match	1000	xo-match
h02I	Orcish Siege Factory	o001	Catapult	2	unavailable	0					siege	msplash	structure	81	static-resolved	1	static-resolved	21	static-resolved	4.5	static-resolved	1000	static-resolved	82.0	102.0	92.0	20.444444444444443	27	xo-differs	1000	xo-match
h02K	Kodo Farm	o007	Kodo	1	default	1					pierce	normal	debris,ground,item,structure,ward	29	protected-runtime	1	static-resolved	11	protected-runtime	1.44	static-resolved	100	protected-runtime	30.0	40.0	35.0	24.305555555555557	24.3	xo-match	100	xo-match
h02K	Kodo Farm	o007	Kodo	2	unavailable	0					normal	_	_	-	static-resolved	-	static-resolved	-	static-resolved	-	static-resolved	-	static-resolved					24.3	xo-missing	100	xo-missing
h02P	Falcon-Clan Encampment	o009	Wyvern Rider	1	default	1					pierce	missile	ground,structure,debris,air,item,ward	33	protected-runtime	1	protected-runtime	1	protected-runtime	1	protected-runtime	430	protected-runtime	34.0	34.0	34.0	34.0	34	xo-match	430	xo-match
h02P	Falcon-Clan Encampment	o009	Wyvern Rider	2	unavailable	0					normal	_	_	-	static-resolved	-	static-resolved	-	static-resolved	-	static-resolved	-	static-resolved					34	xo-missing	430	xo-missing
h02U	Advanced Fighters' Hall	o004	Veteran Grunt	1	default	1					normal	normal	ground,structure,debris,item,ward	34	protected-runtime	1	static-resolved	11	protected-runtime	1.3	protected-runtime	100	static-resolved	35.0	45.0	40.0	30.769230769230766	30.76	xo-match	100	xo-match
h02U	Advanced Fighters' Hall	o004	Veteran Grunt	2	unavailable	0					normal	_	_	-	static-resolved	-	static-resolved	-	static-resolved	-	static-resolved	-	static-resolved					30.76	xo-missing	100	xo-missing
h031	Superior Fighters' Hall	o005	Axemaster	1	default	1					normal	normal	ground,structure,debris,item,ward	64	protected-runtime	1	static-resolved	11	protected-runtime	1	protected-runtime	100	static-resolved	65.0	75.0	70.0	70.0	70	xo-match	100	xo-match
h031	Superior Fighters' Hall	o005	Axemaster	2	unavailable	0					normal	_	_	-	static-resolved	-	static-resolved	-	static-resolved	-	static-resolved	-	static-resolved					70	xo-missing	100	xo-missing
h032	Royal Spawning Grounds	n00X	Naga Royal Guard	1	default	1					pierce	normal	ground,structure,debris,item,ward	104	protected-runtime	1	protected-runtime	17	protected-runtime	1.2	protected-runtime	128	static-resolved	105.0	121.0	113.0	94.16666666666667	94.16	xo-match	128	xo-match
h032	Royal Spawning Grounds	n00X	Naga Royal Guard	2	unavailable	0					normal	_	_	-	static-resolved	-	static-resolved	-	static-resolved	-	static-resolved	-	static-resolved					94.16	xo-missing	128	xo-missing
h035	Melee Kodo Farm	o008	Melee Kodo Rider	1	default	1					pierce	missile	ground,structure,debris,air,item,ward	29	protected-runtime	1	static-resolved	21	protected-runtime	1.2	protected-runtime	200	protected-runtime	30.0	50.0	40.0	33.333333333333336	33.33	xo-match	200	xo-match
h035	Melee Kodo Farm	o008	Melee Kodo Rider	2	unavailable	0					normal	_	_	-	static-resolved	-	static-resolved	-	static-resolved	-	static-resolved	-	static-resolved					33.33	xo-missing	200	xo-missing
h036	Defensive Kodo Farm	o006	Defensive Kodo Rider	1	default	1					pierce	missile	ground,structure,debris,air,item,ward	29	protected-runtime	1	static-resolved	21	protected-runtime	1.2	protected-runtime	200	protected-runtime	30.0	50.0	40.0	33.333333333333336	33.33	xo-match	200	xo-match
h036	Defensive Kodo Farm	o006	Defensive Kodo Rider	2	unavailable	0					normal	_	_	-	static-resolved	-	static-resolved	-	static-resolved	-	static-resolved	-	static-resolved					33.33	xo-missing	200	xo-missing
h037	Chapel	h03B	Crusader	1	default	1					hero	normal	ground,structure,debris,item,ward	49	protected-runtime	1	protected-runtime	21	protected-runtime	1.4	protected-runtime	100	static-resolved	50.0	70.0	60.0	42.85714285714286	42.85	xo-match	100	xo-match
h037	Chapel	h03B	Crusader	2	unavailable	0					normal	_	_	-	static-resolved	-	static-resolved	-	static-resolved	-	static-resolved	-	static-resolved					42.85	xo-missing	100	xo-missing
h038	Church	h03C	Paladin	1	default	1					hero	normal	ground,structure,debris,item,ward	69	protected-runtime	1	protected-runtime	51	protected-runtime	1.4	protected-runtime	100	static-resolved	70.0	120.0	95.0	67.85714285714286	67.85	xo-match	100	xo-match
h038	Church	h03C	Paladin	2	unavailable	0					normal	_	_	-	static-resolved	-	static-resolved	-	static-resolved	-	static-resolved	-	static-resolved					67.85	xo-missing	100	xo-missing
h039	Stronghold	h03A	Defender	1	default	1					normal	normal	debris,ground,item,structure,ward	44	protected-runtime	1	static-resolved	16	protected-runtime	1.35	static-resolved	90	static-resolved	45.0	60.0	52.5	38.888888888888886	38.88	xo-match	90	xo-match
h039	Stronghold	h03A	Defender	2	unavailable	0					normal	_	_	-	static-resolved	-	static-resolved	-	static-resolved	-	static-resolved	-	static-resolved					38.88	xo-missing	90	xo-missing
h03D	Ranger's Hall	e003	Ranger	1	default	1					pierce	missile	ground,structure,debris,air,item,ward	49	protected-runtime	1	static-resolved	31	protected-runtime	1.04	protected-runtime	425	protected-runtime	50.0	80.0	65.0	62.5	62.5	xo-match	425	xo-match
h03D	Ranger's Hall	e003	Ranger	2	unavailable	0					normal	_	_	-	static-resolved	-	static-resolved	-	static-resolved	-	static-resolved	-	static-resolved					62.5	xo-missing	425	xo-missing
h03E	Amazon's Hall	e004	Amazon	1	default	1					pierce	missile	ground,structure,debris,air,item,ward	69	protected-runtime	1	static-resolved	61	protected-runtime	1	protected-runtime	460	protected-runtime	70.0	130.0	100.0	100.0	100	xo-match	460	xo-match
h03E	Amazon's Hall	e004	Amazon	2	unavailable	0					normal	_	_	-	static-resolved	-	static-resolved	-	static-resolved	-	static-resolved	-	static-resolved					100	xo-missing	460	xo-missing
h03F	Hall of the Eldest	n00Y	Elder Blademaster	1	default	1					normal	normal	ground,structure,debris,item,ward	39	protected-runtime	1	protected-runtime	11	protected-runtime	0.5	protected-runtime	120	protected-runtime	40.0	50.0	45.0	90.0	90	xo-match	120	xo-match
h03F	Hall of the Eldest	n00Y	Elder Blademaster	2	unavailable	0					normal	_	_	-	static-resolved	-	static-resolved	-	static-resolved	-	static-resolved	-	static-resolved					90	xo-missing	120	xo-missing
h03G	Greater Chaos Citadel	n00Z	Chaos Champion	1	default	1					normal	normal	ground,structure,debris,item,ward	69	protected-runtime	1	static-resolved	21	protected-runtime	1.35	static-resolved	100	static-resolved	70.0	90.0	80.0	59.25925925925925	59.25	xo-match	100	xo-match
h03G	Greater Chaos Citadel	n00Z	Chaos Champion	2	unavailable	0					normal	_	_	-	static-resolved	-	static-resolved	-	static-resolved	-	static-resolved	-	static-resolved					59.25	xo-missing	100	xo-missing
h03I	Azure Nest	n010	Azure Drake	1	default	1					chaos	msplash	air,debris,ground,item,structure,ward	39	protected-runtime	1	static-resolved	41	protected-runtime	1.8	static-resolved	250	protected-runtime	40.0	80.0	60.0	33.333333333333336	33.33	xo-match	250	xo-match
h03I	Azure Nest	n010	Azure Drake	2	unavailable	0					pierce	msplash	air	40	static-resolved	1	static-resolved	8	static-resolved	1.8	static-resolved	300	static-resolved	41.0	48.0	44.5	24.72222222222222	33.33	xo-differs	250	xo-differs
h03J	Ice Troll Voodoo Lounge	o00A	Ice Troll Witch Doctor	1	default	1					magic	missile	ground,structure,debris,air,item,ward	62	protected-runtime	1	static-resolved	1	protected-runtime	1.3	protected-runtime	370	protected-runtime	63.0	63.0	63.0	48.46153846153846	48.46	xo-match	370	xo-match
h03J	Ice Troll Voodoo Lounge	o00A	Ice Troll Witch Doctor	2	unavailable	0					normal	_	_	-	static-resolved	-	static-resolved	-	static-resolved	-	static-resolved	-	static-resolved					48.46	xo-missing	370	xo-missing
h03K	Ice Troll Hut	n015	Ice Troll Shadow Priest	1	default	1					magic	missile	ground,structure,debris,air,item,ward	49	protected-runtime	1	static-resolved	1	protected-runtime	1.8	static-resolved	350	protected-runtime	50.0	50.0	50.0	27.77777777777778	27.77	xo-match	350	xo-match
h03K	Ice Troll Hut	n015	Ice Troll Shadow Priest	2	unavailable	0					normal	_	_	-	static-resolved	-	static-resolved	-	static-resolved	-	static-resolved	-	static-resolved					27.77	xo-missing	350	xo-missing
h03M	Defiled Granary	u007	Plague Bearer	1	default	1					chaos	normal	ground,structure,debris,item,ward	99	protected-runtime	1	static-resolved	11	protected-runtime	2	protected-runtime	128	static-resolved	100.0	110.0	105.0	52.5	52.5	xo-match	128	xo-match
h03M	Defiled Granary	u007	Plague Bearer	2	unavailable	0					normal	_	_	-	static-resolved	-	static-resolved	-	static-resolved	-	static-resolved	-	static-resolved					52.5	xo-missing	128	xo-missing
h03S	Crystal Palace	n014	Ice Queen	1	default	1					chaos	missile	ground,structure,debris,air,item,ward	69	protected-runtime	1	static-resolved	31	protected-runtime	1.5	static-resolved	450	protected-runtime	70.0	100.0	85.0	56.666666666666664	56.66	xo-match	450	xo-match
h03S	Crystal Palace	n014	Ice Queen	2	unavailable	0					normal	_	_	-	static-resolved	-	static-resolved	-	static-resolved	-	static-resolved	-	static-resolved					56.66	xo-missing	450	xo-missing
h03T	Ice Claws	n012	Wandigoo	1	default	1					pierce	normal	ground,structure,debris,item,ward	59	protected-runtime	1	static-resolved	11	protected-runtime	1.4	protected-runtime	128	static-resolved	60.0	70.0	65.0	46.42857142857143	46.42	xo-match	128	xo-match
h03T	Ice Claws	n012	Wandigoo	2	unavailable	0					normal	_	_	-	static-resolved	-	static-resolved	-	static-resolved	-	static-resolved	-	static-resolved					46.42	xo-missing	128	xo-missing
h03U	Igloo	n011	Hrimthrusa	1	default	1					pierce	missile	ground,structure,debris,air,item,ward	16	protected-runtime	1	static-resolved	11	protected-runtime	0.65	protected-runtime	380	protected-runtime	17.0	27.0	22.0	33.84615384615385	33.84	xo-match	380	xo-match
h03U	Igloo	n011	Hrimthrusa	2	unavailable	0					normal	_	_	-	static-resolved	-	static-resolved	-	static-resolved	-	static-resolved	-	static-resolved					33.84	xo-missing	380	xo-missing
h03W	Glacier	n016	Magnataur	1	default	1					normal	normal	ground,structure,debris,item,ward	99	protected-runtime	1	static-resolved	71	protected-runtime	1.5	static-resolved	128	protected-runtime	100.0	170.0	135.0	90.0	90	xo-match	128	xo-match
h03W	Glacier	n016	Magnataur	2	unavailable	0					chaos	missile	air	60	static-resolved	1	static-resolved	8	static-resolved	1.35	static-resolved	0	protected-runtime	61.0	68.0	64.5	47.77777777777777	90	xo-differs	128	xo-differs
h03X	Water Spring	h02W	Lesser Elemental Of Water	1	default	1					normal	missile	debris,enemies,ground,item,structure,ward	25	protected-runtime	7	protected-runtime	5	static-resolved	1.6	protected-runtime	30	protected-runtime	32.0	60.0	46.0	28.75	28.75	xo-match	30	xo-match
h03X	Water Spring	h02W	Lesser Elemental Of Water	2	default	1					pierce	instant	air,enemies	29	protected-runtime	1	protected-runtime	1	protected-runtime	1.6	protected-runtime	120	protected-runtime	30.0	30.0	30.0	18.75	28.75	xo-differs	30	xo-differs
h03Y	Golden Fountain	h02X	Elemental Of Water	1	default	1					normal	missile	debris,enemies,ground,item,structure,ward	58	protected-runtime	2	static-resolved	12	protected-runtime	1.6	protected-runtime	30	protected-runtime	60.0	82.0	71.0	44.375	44.37	xo-match	30	xo-match
h03Y	Golden Fountain	h02X	Elemental Of Water	2	default	1					pierce	instant	air,enemies	47	protected-runtime	3	protected-runtime	3	protected-runtime	1.8	protected-runtime	120	protected-runtime	50.0	56.0	53.0	29.444444444444443	44.37	xo-differs	30	xo-differs
h03Z	Spellbound Fountain	h02Y	Greater Elemental Of Water	1	default	1					normal	missile	debris,enemies,ground,item,structure,ward	109	protected-runtime	1	protected-runtime	21	protected-runtime	1.8	protected-runtime	30	protected-runtime	110.0	130.0	120.0	66.66666666666667	66.66	xo-match	30	xo-match
h03Z	Spellbound Fountain	h02Y	Greater Elemental Of Water	2	default	1					pierce	instant	air,enemies	97	protected-runtime	3	protected-runtime	23	protected-runtime	2	protected-runtime	120	protected-runtime	100.0	166.0	133.0	66.5	66.66	xo-differs	30	xo-differs
h040	Rock Pile	h034	Elemental Of Earth	1	default	1					siege	normal	debris,enemies,ground,item,structure,ward	74	protected-runtime	1	protected-runtime	1	protected-runtime	1.5	static-resolved	10	protected-runtime	75.0	75.0	75.0	50.0	50	xo-match	10	xo-match
h040	Rock Pile	h034	Elemental Of Earth	2	unavailable	0					normal	_	_	-	static-resolved	-	static-resolved	-	static-resolved	-	static-resolved	-	static-resolved					50	xo-missing	10	xo-missing
h041	Greater Fissure	h03N	Greater Elemental Of Earth	1	default	1					siege	normal	debris,enemies,ground,item,structure,ward	149	protected-runtime	1	protected-runtime	1	protected-runtime	1.8	protected-runtime	10	protected-runtime	150.0	150.0	150.0	83.33333333333333	83.33	xo-match	10	xo-match
h041	Greater Fissure	h03N	Greater Elemental Of Earth	2	unavailable	0					normal	_	_	-	static-resolved	-	static-resolved	-	static-resolved	-	static-resolved	-	static-resolved					83.33	xo-missing	10	xo-missing
h042	Pillar of Globe-Lightning	h03P	Elemental Of Lightning	1	default	1					magic	missile	air,debris,enemies,ground,item,structure,ward	0	protected-runtime	1	protected-runtime	1	protected-runtime	1.7	protected-runtime	350	protected-runtime	1.0	1.0	1.0	0.5882352941176471	0.58	xo-match	350	xo-match
h042	Pillar of Globe-Lightning	h03P	Elemental Of Lightning	2	unavailable	0					normal	_	_	-	static-resolved	-	static-resolved	-	static-resolved	-	static-resolved	-	static-resolved					0.58	xo-missing	350	xo-missing
h043	Frost Claws	n013	Ancient Wandigoo	1	default	1					pierce	normal	ground,structure,debris,item,ward	99	protected-runtime	1	static-resolved	21	protected-runtime	1.4	protected-runtime	128	static-resolved	100.0	120.0	110.0	78.57142857142857	78.57	xo-match	128	xo-match
h043	Frost Claws	n013	Ancient Wandigoo	2	unavailable	0					normal	_	_	-	static-resolved	-	static-resolved	-	static-resolved	-	static-resolved	-	static-resolved					78.57	xo-missing	128	xo-missing
h044	Pillar of St. Elmo's Fire	h03R	Greater Elemental Of Lightning	1	default	1					magic	missile	air,debris,enemies,ground,item,structure,ward	0	protected-runtime	1	protected-runtime	1	protected-runtime	2.1	protected-runtime	400	protected-runtime	1.0	1.0	1.0	0.47619047619047616	0.47	xo-match	400	xo-match
h044	Pillar of St. Elmo's Fire	h03R	Greater Elemental Of Lightning	2	unavailable	0					normal	_	_	-	static-resolved	-	static-resolved	-	static-resolved	-	static-resolved	-	static-resolved					0.47	xo-missing	400	xo-missing
h045	Altar of Fire	h02Z	Elemental Of Fire	1	default	1					chaos	missile	air,debris,enemies,ground,item,structure,ward	39	protected-runtime	1	protected-runtime	11	protected-runtime	1.3	protected-runtime	400	protected-runtime	40.0	50.0	45.0	34.61538461538461	34.61	xo-match	400	xo-match
h045	Altar of Fire	h02Z	Elemental Of Fire	2	unavailable	0					normal	_	_	-	static-resolved	-	static-resolved	-	static-resolved	-	static-resolved	-	static-resolved					34.61	xo-missing	400	xo-missing
h046	Altar of Blaze	u00F	Greater Elemental Of Fire	1	default	1					normal	normal	ground,structure,debris,item,ward	10	static-resolved	2	static-resolved	2	static-resolved	1.3	static-resolved	90	static-resolved	12.0	14.0	13.0	10.0	10	xo-match	90	xo-match
h046	Altar of Blaze	u00F	Greater Elemental Of Fire	2	default	1					normal	normal	tree	0	static-resolved	2	static-resolved	1	static-resolved	1.35	static-resolved	66	static-resolved	2.0	2.0	2.0	1.4814814814814814	10	xo-differs	90	xo-differs
h049	Snowy Rocks	n017	Frost Wolf	1	default	1					normal	normal	ground,structure,debris,item,ward	24	protected-runtime	1	static-resolved	11	protected-runtime	1.5	protected-runtime	100	static-resolved	25.0	35.0	30.0	20.0	20	xo-match	100	xo-match
h049	Snowy Rocks	n017	Frost Wolf	2	unavailable	0					normal	_	_	-	static-resolved	-	static-resolved	-	static-resolved	-	static-resolved	-	static-resolved					20	xo-missing	100	xo-missing
h04A	Trapped Gale	o00C	Lesser Elemental Of Wind	1	default	1					pierce	missile	air,enemies,structure	20	protected-runtime	5	protected-runtime	7	protected-runtime	1.5	protected-runtime	400	protected-runtime	25.0	55.0	40.0	26.666666666666668	26.66	xo-match	400	xo-match
h04A	Trapped Gale	o00C	Lesser Elemental Of Wind	2	unavailable	0					normal	_	_	-	static-resolved	-	static-resolved	-	static-resolved	-	static-resolved	-	static-resolved					26.66	xo-missing	400	xo-missing
h04B	Temple of Necromancy	u009	Mighty Necromancer	1	default	1					magic	missile	ground,structure,debris,air,item,ward	74	protected-runtime	1	protected-runtime	1	protected-runtime	1.6	protected-runtime	400	protected-runtime	75.0	75.0	75.0	46.875	46.87	xo-match	400	xo-match
h04B	Temple of Necromancy	u009	Mighty Necromancer	2	unavailable	0					normal	_	_	-	static-resolved	-	static-resolved	-	static-resolved	-	static-resolved	-	static-resolved					46.87	xo-missing	400	xo-missing
h04C	Monument of Wind Stream	o00D	Elemental Of Wind	1	default	1					pierce	missile	air,enemies	59	protected-runtime	1	protected-runtime	11	protected-runtime	1.5	protected-runtime	450	protected-runtime	60.0	70.0	65.0	43.333333333333336	43.33	xo-match	450	xo-match
h04C	Monument of Wind Stream	o00D	Elemental Of Wind	2	default	1					pierce	missile	enemies,ground,structure	49	protected-runtime	1	protected-runtime	21	protected-runtime	1.6	protected-runtime	450	protected-runtime	50.0	70.0	60.0	37.5	43.33	xo-differs	450	xo-match
h04D	Zephyros Memorial	o00E	Greater Elemental Of Wind	1	default	1					pierce	msplash	air,enemies	50	protected-runtime	5	protected-runtime	12	protected-runtime	1.5	protected-runtime	450	protected-runtime	55.0	110.0	82.5	55.0	55	xo-match	450	xo-match
h04D	Zephyros Memorial	o00E	Greater Elemental Of Wind	2	default	1					pierce	missile	enemies,ground,structure	49	protected-runtime	1	protected-runtime	41	protected-runtime	1.6	protected-runtime	400	protected-runtime	50.0	90.0	70.0	43.75	55	xo-differs	450	xo-differs
h04E	Tower of Elder Knowledge	h03V	Master Of Elements	1	default	1					magic	missile	air,debris,enemies,ground,item,structure,ward	90	protected-runtime	10	protected-runtime	5	static-resolved	1.7	protected-runtime	500	protected-runtime	100.0	140.0	120.0	70.58823529411765	70.58	xo-match	500	xo-match
h04E	Tower of Elder Knowledge	h03V	Master Of Elements	2	unavailable	0					normal	_	_	-	static-resolved	-	static-resolved	-	static-resolved	-	static-resolved	-	static-resolved					70.58	xo-missing	500	xo-missing
h04F	Icy Rocks	n018	Polar Bear	1	default	1					normal	normal	ground,structure,debris,item,ward	59	protected-runtime	1	static-resolved	11	protected-runtime	1.5	protected-runtime	128	static-resolved	60.0	70.0	65.0	43.333333333333336	43.33	xo-match	128	xo-match
h04F	Icy Rocks	n018	Polar Bear	2	unavailable	0					normal	_	_	-	static-resolved	-	static-resolved	-	static-resolved	-	static-resolved	-	static-resolved					43.33	xo-missing	128	xo-missing
h04L	Void Portal	n019	Void Walker	1	default	1					magic	missile	ground,structure,debris,air,item,ward	39	protected-runtime	1	static-resolved	1	protected-runtime	1.6	static-resolved	380	protected-runtime	40.0	40.0	40.0	25.0	25	xo-match	380	xo-match
h04L	Void Portal	n019	Void Walker	2	unavailable	0					normal	_	_	-	static-resolved	-	static-resolved	-	static-resolved	-	static-resolved	-	static-resolved					25	xo-missing	380	xo-missing
h04M	Shadow Ancient	n01B	Shadow Drake	1	default	1					magic	msplash	ground,structure,item,air,debris,ward	79	protected-runtime	1	static-resolved	6	protected-runtime	1.8	static-resolved	400	protected-runtime	80.0	85.0	82.5	45.833333333333336	45.83	xo-match	400	xo-match
h04M	Shadow Ancient	n01B	Shadow Drake	2	unavailable	0					pierce	msplash		0	protected-runtime	0	protected-runtime	0	protected-runtime	0	protected-runtime	0	protected-runtime	0.0	0.0	0.0		45.83	xo-missing	400	xo-differs
h04N	Portal of the Abyss	n01A	Void Keeper	1	default	1					magic	missile	ground,structure,debris,air,item,ward	79	protected-runtime	1	static-resolved	1	protected-runtime	1.6	static-resolved	400	protected-runtime	80.0	80.0	80.0	50.0	50	xo-match	400	xo-match
h04N	Portal of the Abyss	n01A	Void Keeper	2	unavailable	0					normal	_	_	-	static-resolved	-	static-resolved	-	static-resolved	-	static-resolved	-	static-resolved					50	xo-missing	400	xo-missing
h04O	Nether Ancient	n01D	Nether Drake	1	default	1					magic	msplash	ground,structure,item,air,debris,ward	44	protected-runtime	1	static-resolved	6	protected-runtime	1.8	static-resolved	400	protected-runtime	45.0	50.0	47.5	26.38888888888889	26.38	xo-match	400	xo-match
h04O	Nether Ancient	n01D	Nether Drake	2	unavailable	0					pierce	missile		0	protected-runtime	0	protected-runtime	0	protected-runtime	0	protected-runtime	0	protected-runtime	0.0	0.0	0.0		26.38	xo-missing	400	xo-differs
h04P	Hell's Portal	n01E	Infernal Tank	1	default	1					siege	missile	debris,ground,item,structure,ward	69	protected-runtime	1	static-resolved	21	protected-runtime	1.4	protected-runtime	600	static-resolved	70.0	90.0	80.0	57.142857142857146	57.14	xo-match	600	xo-match
h04P	Hell's Portal	n01E	Infernal Tank	2	unavailable	0					normal	_	_	-	static-resolved	-	static-resolved	-	static-resolved	-	static-resolved	-	static-resolved					57.14	xo-missing	600	xo-missing
h04Q	Hell's Gate	n01F		1	default	1					siege	missile	debris,ground,item,structure,ward	69	protected-runtime	1	static-resolved	6	protected-runtime	1.6	static-resolved	600	static-resolved	70.0	75.0	72.5	45.3125	45.31	xo-match	600	xo-match
h04Q	Hell's Gate	n01F		2	unavailable	0					normal	_	_	-	static-resolved	-	static-resolved	-	static-resolved	-	static-resolved	-	static-resolved					45.31	xo-missing	600	xo-missing
h04S	Felhound Shrine	n01G	Felhound	1	default	1					pierce	normal	ground,structure,debris,item,ward	52	protected-runtime	1	static-resolved	11	protected-runtime	1.35	static-resolved	100	static-resolved	53.0	63.0	58.0	42.96296296296296	42.96	xo-match	100	xo-match
h04S	Felhound Shrine	n01G	Felhound	2	unavailable	0					normal	_	_	-	static-resolved	-	static-resolved	-	static-resolved	-	static-resolved	-	static-resolved					42.96	xo-missing	100	xo-missing
h04U	Demonic Statue	h04I	Incubus	1	default	1					chaos	msplash	ground,structure,item,air,debris,ward	89	protected-runtime	1	static-resolved	18	protected-runtime	1.7	protected-runtime	520	protected-runtime	90.0	107.0	98.5	57.94117647058824	57.94	xo-match	520	xo-match
h04U	Demonic Statue	h04I	Incubus	2	unavailable	0					normal	_	_	-	static-resolved	-	static-resolved	-	static-resolved	-	static-resolved	-	static-resolved					57.94	xo-missing	520	xo-missing
h04V	Ancient of Battle	n01I	Corrupted Ent	1	default	1					normal	normal	ground,structure,debris,item,ward	25	protected-runtime	1	static-resolved	2	static-resolved	1.35	static-resolved	100	static-resolved	26.0	27.0	26.5	19.62962962962963	19.62	xo-match	100	xo-match
h04V	Ancient of Battle	n01I	Corrupted Ent	2	unavailable	0					normal	_	_	-	static-resolved	-	static-resolved	-	static-resolved	-	static-resolved	-	static-resolved					19.62	xo-missing	100	xo-missing
h04W	Corrupted Ancient of War	n01H	Corrupted Treant	1	default	1					normal	normal	ground,structure,debris,item,ward	49	protected-runtime	1	static-resolved	6	protected-runtime	1.35	static-resolved	100	static-resolved	50.0	55.0	52.5	38.888888888888886	38.88	xo-match	100	xo-match
h04W	Corrupted Ancient of War	n01H	Corrupted Treant	2	unavailable	0					normal	_	_	-	static-resolved	-	static-resolved	-	static-resolved	-	static-resolved	-	static-resolved					38.88	xo-missing	100	xo-missing
h04Z	Tainted Farm	n01K	Suffocated Zombie	1	default	1					chaos	normal	ground,structure,debris,item,ward	49	protected-runtime	1	static-resolved	11	protected-runtime	2	protected-runtime	100	static-resolved	50.0	60.0	55.0	27.5	27.5	xo-match	100	xo-match
h04Z	Tainted Farm	n01K	Suffocated Zombie	2	unavailable	0					normal	_	_	-	static-resolved	-	static-resolved	-	static-resolved	-	static-resolved	-	static-resolved					27.5	xo-missing	100	xo-missing
h054	Graveyard	h05H	Vampire Lord	1	default	1					pierce	normal	debris,ground,item,structure,ward	64	protected-runtime	1	static-resolved	16	protected-runtime	1.05	protected-runtime	110	protected-runtime	65.0	80.0	72.5	69.04761904761905	69.04	xo-match	110	xo-match
h054	Graveyard	h05H	Vampire Lord	2	unavailable	0					normal	_	_	-	static-resolved	-	static-resolved	-	static-resolved	-	static-resolved	-	static-resolved					69.04	xo-missing	110	xo-missing
h055	High Citadel of Necromancy	u00D	Lich King	1	default	1					magic	missile	ground,structure,debris,air,item,ward	119	protected-runtime	1	static-resolved	1	protected-runtime	1.8	static-resolved	500	protected-runtime	120.0	120.0	120.0	66.66666666666667	66.66	xo-match	500	xo-match
h055	High Citadel of Necromancy	u00D	Lich King	2	unavailable	0					normal	_	_	-	static-resolved	-	static-resolved	-	static-resolved	-	static-resolved	-	static-resolved					66.66	xo-missing	500	xo-missing
h05D	Gunner's Hall	h0A2	Heavy Gunner	1	default	1					pierce	msplash	debris,ground,item,structure,ward	59	protected-runtime	1	protected-runtime	41	protected-runtime	1.7	protected-runtime	550	protected-runtime	60.0	100.0	80.0	47.05882352941177	47.05	xo-match	550	xo-match
h05D	Gunner's Hall	h0A2	Heavy Gunner	2	unavailable	0					normal	_	_	-	static-resolved	-	static-resolved	-	static-resolved	-	static-resolved	-	static-resolved					47.05	xo-missing	550	xo-missing
h05E	Trapper's Hut	n01O	Troll Trapper	1	default	1					normal	missile	ground,structure,debris,air,item,ward	49	protected-runtime	1	static-resolved	16	protected-runtime	1.5	protected-runtime	325	protected-runtime	50.0	65.0	57.5	38.333333333333336	38.33	xo-match	325	xo-match
h05E	Trapper's Hut	n01O	Troll Trapper	2	unavailable	0					normal	_	_	-	static-resolved	-	static-resolved	-	static-resolved	-	static-resolved	-	static-resolved					38.33	xo-missing	325	xo-missing
h05F	Lernaean Fountain	n01P	Ancient Hydra	1	default	1					chaos	msplash	ground,structure,debris,item,ward,air	174	protected-runtime	1	protected-runtime	51	protected-runtime	1.5	static-resolved	500	static-resolved	175.0	225.0	200.0	133.33333333333334	133.33	xo-match	500	xo-match
h05F	Lernaean Fountain	n01P	Ancient Hydra	2	unavailable	0					normal	_	_	-	static-resolved	-	static-resolved	-	static-resolved	-	static-resolved	-	static-resolved					133.33	xo-missing	500	xo-missing
h05J	Aircraft Factory	h06Q	Roterothopter	1	default	1					pierce	instant	air	19	protected-runtime	1	static-resolved	11	protected-runtime	1	protected-runtime	500	static-resolved	20.0	30.0	25.0	25.0	25	xo-match	999	xo-two-profile-sum-minus-one
h05J	Aircraft Factory	h06Q	Roterothopter	2	default	1					pierce	instant	structure	19	protected-runtime	1	static-resolved	1	protected-runtime	1	protected-runtime	500	protected-runtime	20.0	20.0	20.0	20.0	25	xo-differs	999	xo-two-profile-sum-minus-one
h05M	Demolition Lab	n01V	Lunatic Goblin	1	default	1					chaos	normal	ground,structure,debris,item,ward	-	static-resolved	1	protected-runtime	1	protected-runtime	0.4	protected-runtime	50	protected-runtime					2.5	xo-missing	50	xo-match
h05M	Demolition Lab	n01V	Lunatic Goblin	2	unavailable	0					normal	_	_	-	static-resolved	-	static-resolved	-	static-resolved	-	static-resolved	-	static-resolved					2.5	xo-missing	50	xo-missing
h05T	Gun Smith	z002	Flamegunner	1	default	1					chaos	mline	debris,ground,item,structure,ward	33	protected-runtime	1	protected-runtime	1	protected-runtime	0.9	static-resolved	70	protected-runtime	34.0	34.0	34.0	37.77777777777778	37.77	xo-match	70	xo-match
h05T	Gun Smith	z002	Flamegunner	2	unavailable	0					normal	_	_	-	static-resolved	-	static-resolved	-	static-resolved	-	static-resolved	-	static-resolved					37.77	xo-missing	70	xo-missing
h05U	Lumber Mill	n01T	Goblin Shredder	1	default	1					pierce	normal	ground,structure,debris,item,ward	49	protected-runtime	1	protected-runtime	71	protected-runtime	1.5	protected-runtime	80	protected-runtime	50.0	120.0	85.0	56.666666666666664	56.66	xo-match	80	xo-match
h05U	Lumber Mill	n01T	Goblin Shredder	2	unavailable	0					normal	normal	tree	0	static-resolved	10	static-resolved	1	static-resolved	1.35	static-resolved	66	static-resolved	10.0	10.0	10.0	7.4074074074074066	56.66	xo-differs	80	xo-differs
h05V	Golem Factory	n01X	Iron Golem	1	default	1					hero	normal	ground,structure,debris,item,ward	59	protected-runtime	1	static-resolved	21	protected-runtime	1.5	protected-runtime	100	static-resolved	60.0	80.0	70.0	46.666666666666664	46.66	xo-match	100	xo-match
h05V	Golem Factory	n01X	Iron Golem	2	unavailable	0					normal	_	_	-	static-resolved	-	static-resolved	-	static-resolved	-	static-resolved	-	static-resolved					46.66	xo-missing	100	xo-missing
h05X	Tank Factory	h06T	Light Tank	1	default	1					normal	missile	debris,ground,item,structure,ward	64	protected-runtime	1	static-resolved	11	static-resolved	2.1	static-resolved	375	protected-runtime	65.0	75.0	70.0	33.33333333333333	33.33	xo-match	375	xo-match
h05X	Tank Factory	h06T	Light Tank	2	unavailable	0					pierce	missile	air	12	static-resolved	1	static-resolved	2	static-resolved	2	static-resolved	500	static-resolved	13.0	14.0	13.5	6.75	33.33	xo-differs	375	xo-differs
h069	Spare Part Heap	n01U	Gobbo Machinist	1	unavailable	0					normal	normal	ground,structure,debris,item,ward	7	static-resolved	1	static-resolved	2	static-resolved	1	static-resolved	500	protected-runtime	8.0	9.0	8.5	8.5	8.5	xo-match	500	xo-match
h069	Spare Part Heap	n01U	Gobbo Machinist	2	unavailable	0					normal	_	_	-	static-resolved	-	static-resolved	-	static-resolved	-	static-resolved	-	static-resolved					8.5	xo-missing	500	xo-missing
h06D	Forest Trapper's Hole	n02G	Forest Troll Trapper	1	default	1					normal	missile	ground,structure,debris,air,item,ward	150	protected-runtime	1	static-resolved	16	protected-runtime	1.5	protected-runtime	550	protected-runtime	151.0	166.0	158.5	105.66666666666667	105.66	xo-match	550	xo-match
h06D	Forest Trapper's Hole	n02G	Forest Troll Trapper	2	unavailable	0					normal	_	_	-	static-resolved	-	static-resolved	-	static-resolved	-	static-resolved	-	static-resolved					105.66	xo-missing	550	xo-missing
h06I	Infostealer's Place	o00F	Infostealer	1	default	1					magic	missile	ground,structure,debris,air,item,ward	79	protected-runtime	1	static-resolved	21	protected-runtime	1.5	protected-runtime	450	protected-runtime	80.0	100.0	90.0	60.0	60	xo-match	450	xo-match
h06I	Infostealer's Place	o00F	Infostealer	2	unavailable	0					normal	_	_	-	static-resolved	-	static-resolved	-	static-resolved	-	static-resolved	-	static-resolved					60	xo-missing	450	xo-missing
h06L	Modern Igloo	n02I	Angry Hrimthrusa	1	default	1					pierce	missile	air,debris,ground,item,structure,ward	60	protected-runtime	1	static-resolved	11	protected-runtime	0.6	protected-runtime	400	protected-runtime	61.0	71.0	66.0	110.0	110	xo-match	400	xo-match
h06L	Modern Igloo	n02I	Angry Hrimthrusa	2	unavailable	0					normal	_	_	-	static-resolved	-	static-resolved	-	static-resolved	-	static-resolved	-	static-resolved					110	xo-missing	400	xo-missing
h06O	Serenity	e00E	Twins	1	unavailable	0					normal	_	_	-	static-resolved	-	static-resolved	-	static-resolved	-	static-resolved	-	static-resolved					0	xo-missing	0	xo-missing
h06O	Serenity	e00E	Twins	2	unavailable	0					normal	_	_	-	static-resolved	-	static-resolved	-	static-resolved	-	static-resolved	-	static-resolved					0	xo-missing	0	xo-missing
h06Y	Dragonhawk Portal	n01Y	Dragonhawk Rider	1	default	1					pierce	missile	ground,structure,debris,air,item,ward	49	protected-runtime	1	static-resolved	41	protected-runtime	1.5	protected-runtime	450	protected-runtime	50.0	90.0	70.0	46.666666666666664	46.66	xo-match	450	xo-match
h06Y	Dragonhawk Portal	n01Y	Dragonhawk Rider	2	unavailable	0					normal	_	_	-	static-resolved	-	static-resolved	-	static-resolved	-	static-resolved	-	static-resolved					46.66	xo-missing	450	xo-missing
h06Z	Protection Center	n02J	Goliath	1	default	1					hero	instant	debris,ground,item,structure,ward	74	protected-runtime	1	static-resolved	1	protected-runtime	0.1	protected-runtime	50	protected-runtime	75.0	75.0	75.0	750.0	750	xo-match	50	xo-match
h06Z	Protection Center	n02J	Goliath	2	default	1					siege	missile	air,enemies	490	protected-runtime	10	protected-runtime	15	protected-runtime	0.4	protected-runtime	700	protected-runtime	500.0	640.0	570.0	1425.0	750	xo-differs	50	xo-differs
h070	Highelf Siege Factory	e005	Ballista	1	default	1					siege	mline	ground,structure,debris,wall,item,ward	99	protected-runtime	1	static-resolved	51	protected-runtime	4	protected-runtime	850	protected-runtime	100.0	150.0	125.0	31.25	31.25	xo-match	850	xo-match
h070	Highelf Siege Factory	e005	Ballista	2	unavailable	0					siege	aline	ground,structure,debris,wall,item,ward,tree	38	static-resolved	1	static-resolved	12	static-resolved	3.5	static-resolved	1050	protected-runtime	39.0	50.0	44.5	12.714285714285714	31.25	xo-differs	850	xo-differs
h071	Enigma	e00G	Visioneer	1	default	1					chaos	missile	debris,enemies,item,structure,ward	119	protected-runtime	1	static-resolved	21	protected-runtime	4	protected-runtime	1000	protected-runtime	120.0	140.0	130.0	32.5	32.5	xo-match	1000	xo-match
h071	Enigma	e00G	Visioneer	2	default	1					chaos	missile	air,enemies,ground	80	protected-runtime	1	protected-runtime	21	protected-runtime	1	protected-runtime	550	protected-runtime	81.0	101.0	91.0	91.0	32.5	xo-differs	1000	xo-differs
h072	Holy Altar	h074	Holy Warrior	1	default	1					hero	normal	ground,structure,debris,item,ward	119	protected-runtime	1	protected-runtime	31	protected-runtime	1.55	protected-runtime	100	static-resolved	120.0	150.0	135.0	87.09677419354838	87.09	xo-match	100	xo-match
h072	Holy Altar	h074	Holy Warrior	2	unavailable	0					normal	_	_	-	static-resolved	-	static-resolved	-	static-resolved	-	static-resolved	-	static-resolved					87.09	xo-missing	100	xo-missing
h077	Rocket Lab	n02M	Goblin Rocketeer	1	default	1					siege	artillery	debris,ground,item,structure,tree,wall,ward	74	protected-runtime	1	protected-runtime	12	protected-runtime	2.7	protected-runtime	1100	protected-runtime	75.0	86.0	80.5	29.814814814814813	29.81	xo-match	1100	xo-match
h077	Rocket Lab	n02M	Goblin Rocketeer	2	unavailable	0					normal	_	_	-	static-resolved	-	static-resolved	-	static-resolved	-	static-resolved	-	static-resolved					29.81	xo-missing	1100	xo-missing
h07D	Moon Altar	e00J	Sage Druid	1	default	1					chaos	missile	ground,structure,debris,air,item,ward	59	protected-runtime	1	static-resolved	31	protected-runtime	1.6	static-resolved	375	protected-runtime	60.0	90.0	75.0	46.875	46.87	xo-match	375	xo-match
h07D	Moon Altar	e00J	Sage Druid	2	unavailable	0					normal	_	_	-	static-resolved	-	static-resolved	-	static-resolved	-	static-resolved	-	static-resolved					46.87	xo-missing	375	xo-missing
h07L	Guild of Shadows	n020	Royal Assassin	1	default	1					pierce	normal	debris,ground,item,structure,ward	39	protected-runtime	1	static-resolved	11	protected-runtime	0.75	protected-runtime	100	protected-runtime	40.0	50.0	45.0	60.0	60	xo-match	100	xo-match
h07L	Guild of Shadows	n020	Royal Assassin	2	unavailable	0					normal	_	_	-	static-resolved	-	static-resolved	-	static-resolved	-	static-resolved	-	static-resolved					60	xo-missing	100	xo-missing
h07M	House of Shadows	n01Z	Assassin	1	default	1					pierce	normal	ground,structure,debris,item,ward	24	protected-runtime	1	static-resolved	11	protected-runtime	1	protected-runtime	100	static-resolved	25.0	35.0	30.0	30.0	30	xo-match	100	xo-match
h07M	House of Shadows	n01Z	Assassin	2	unavailable	0					normal	_	_	-	static-resolved	-	static-resolved	-	static-resolved	-	static-resolved	-	static-resolved					30	xo-missing	100	xo-missing
h07N	Scorched Mansion	e00A	Avatar of Vengeance	1	default	1					magic	normal	debris,ground,item,structure,ward	49	protected-runtime	1	static-resolved	41	protected-runtime	0.9	protected-runtime	50	protected-runtime	50.0	90.0	70.0	77.77777777777777	77.77	xo-match	50	xo-match
h07N	Scorched Mansion	e00A	Avatar of Vengeance	2	unavailable	0					normal	_	_	-	static-resolved	-	static-resolved	-	static-resolved	-	static-resolved	-	static-resolved					77.77	xo-missing	50	xo-missing
h07O	Pillaged Hut	e00B	Avenging Spirit	1	default	1					magic	normal	debris,ground,item,structure,ward	29	protected-runtime	1	static-resolved	31	protected-runtime	1.2	protected-runtime	100	protected-runtime	30.0	60.0	45.0	37.5	37.5	xo-match	100	xo-match
h07O	Pillaged Hut	e00B	Avenging Spirit	2	unavailable	0					normal	_	_	-	static-resolved	-	static-resolved	-	static-resolved	-	static-resolved	-	static-resolved					37.5	xo-missing	100	xo-missing
h07Q	Blood Shaman Tent	o00G	Blood Shaman	1	default	1					magic	missile	ground,structure,debris,air,item,ward	74	protected-runtime	1	static-resolved	21	protected-runtime	1.35	protected-runtime	380	protected-runtime	75.0	95.0	85.0	62.96296296296296	62.96	xo-match	380	xo-match
h07Q	Blood Shaman Tent	o00G	Blood Shaman	2	unavailable	0					normal	_	_	-	static-resolved	-	static-resolved	-	static-resolved	-	static-resolved	-	static-resolved					62.96	xo-missing	380	xo-missing
h080	Temple of Riptide	n03U	Winged Riptide Serpent	1	default	1					magic	mbounce	ground,structure,debris,air,item,ward	59	protected-runtime	1	protected-runtime	21	protected-runtime	1.5	protected-runtime	520	protected-runtime	60.0	80.0	70.0	46.666666666666664	46.66	xo-match	520	xo-match
h080	Temple of Riptide	n03U	Winged Riptide Serpent	2	unavailable	0					normal	_	_	-	static-resolved	-	static-resolved	-	static-resolved	-	static-resolved	-	static-resolved					46.66	xo-missing	520	xo-missing
h088	Moon Shrine	e007	Druid	1	default	1					chaos	missile	ground,structure,debris,air,item,ward	39	protected-runtime	1	static-resolved	21	protected-runtime	1.6	static-resolved	375	protected-runtime	40.0	60.0	50.0	31.25	31.25	xo-match	375	xo-match
h088	Moon Shrine	e007	Druid	2	unavailable	0					normal	_	_	-	static-resolved	-	static-resolved	-	static-resolved	-	static-resolved	-	static-resolved					31.25	xo-missing	375	xo-missing
h08X	Archery Range	n022	Archer	1	default	1					pierce	missile	ground,structure,debris,air,item,ward	34	protected-runtime	1	static-resolved	6	protected-runtime	1.3	protected-runtime	450	protected-runtime	35.0	40.0	37.5	28.846153846153847	28.84	xo-match	450	xo-match
h08X	Archery Range	n022	Archer	2	unavailable	0					normal	_	_	-	static-resolved	-	static-resolved	-	static-resolved	-	static-resolved	-	static-resolved					28.84	xo-missing	450	xo-missing
h08Y	Archery Tower	n023	Master Archer	1	default	1					pierce	missile	ground,structure,debris,air,item,ward	69	protected-runtime	1	static-resolved	31	protected-runtime	1.01	protected-runtime	500	static-resolved	70.0	100.0	85.0	84.15841584158416	84.15	xo-match	500	xo-match
h08Y	Archery Tower	n023	Master Archer	2	unavailable	0					normal	_	_	-	static-resolved	-	static-resolved	-	static-resolved	-	static-resolved	-	static-resolved					84.15	xo-missing	500	xo-missing
h092	Spellbreaker Kodo Farm	o00B	Spellbreaker Kodo Rider	1	default	1					pierce	missile	ground,structure,debris,air,item,ward	29	protected-runtime	1	static-resolved	21	protected-runtime	1.2	protected-runtime	200	protected-runtime	30.0	50.0	40.0	33.333333333333336	33.33	xo-match	200	xo-match
h092	Spellbreaker Kodo Farm	o00B	Spellbreaker Kodo Rider	2	unavailable	0					normal	_	_	-	static-resolved	-	static-resolved	-	static-resolved	-	static-resolved	-	static-resolved					33.33	xo-missing	200	xo-missing
h097	Precious Golem Factory	n024	Adamant Golem	1	default	1					hero	normal	ground,structure,debris,item,ward	99	protected-runtime	1	static-resolved	51	protected-runtime	1.35	static-resolved	100	static-resolved	100.0	150.0	125.0	92.59259259259258	92.59	xo-match	100	xo-match
h097	Precious Golem Factory	n024	Adamant Golem	2	unavailable	0					normal	_	_	-	static-resolved	-	static-resolved	-	static-resolved	-	static-resolved	-	static-resolved					92.59	xo-missing	100	xo-missing
h09B	Heavy Tank Factory	h06S	Heavy Tank	1	default	1					normal	missile	debris,ground,item,structure,ward	119	protected-runtime	1	static-resolved	21	protected-runtime	2.1	static-resolved	400	protected-runtime	120.0	140.0	130.0	61.904761904761905	61.9	xo-match	400	xo-match
h09B	Heavy Tank Factory	h06S	Heavy Tank	2	unavailable	0					pierce	missile	air	12	static-resolved	1	static-resolved	2	static-resolved	2	static-resolved	500	static-resolved	13.0	14.0	13.5	6.75	61.9	xo-differs	400	xo-differs
h09H	Rocket Tank Factory	h098	Rocket Tank	1	default	1					normal	missile	debris,ground,item,structure,ward	149	protected-runtime	1	static-resolved	21	protected-runtime	2.1	static-resolved	400	protected-runtime	150.0	170.0	160.0	76.19047619047619	76.19	xo-match	400	xo-match
h09H	Rocket Tank Factory	h098	Rocket Tank	2	unavailable	0					pierce	missile	air	12	static-resolved	1	static-resolved	2	static-resolved	2	static-resolved	500	static-resolved	13.0	14.0	13.5	6.75	76.19	xo-differs	400	xo-differs
h09I	Assault Tank Factory	h099	Assault Tank	1	default	1					chaos	artillery	debris,ground,item,structure,ward	39	protected-runtime	1	static-resolved	131	protected-runtime	2.1	static-resolved	550	protected-runtime	40.0	170.0	105.0	50.0	50	xo-match	550	xo-match
h09I	Assault Tank Factory	h099	Assault Tank	2	unavailable	0					pierce	missile	air	12	static-resolved	1	static-resolved	2	static-resolved	2	static-resolved	500	static-resolved	13.0	14.0	13.5	6.75	50	xo-differs	550	xo-differs
h09J	Mine Layer Factory	h06U	Mine Layer	1	default	1					normal	normal	debris,ground,item,structure,ward	79	protected-runtime	1	static-resolved	21	protected-runtime	2.1	static-resolved	100	protected-runtime	80.0	100.0	90.0	42.857142857142854	42.85	xo-match	100	xo-match
h09J	Mine Layer Factory	h06U	Mine Layer	2	unavailable	0					pierce	missile	air	12	static-resolved	1	static-resolved	2	static-resolved	2	static-resolved	500	static-resolved	13.0	14.0	13.5	6.75	42.85	xo-differs	100	xo-differs
h09L	Bomber Factory	h06R	Gyrocopter	1	default	1					pierce	instant	air	39	protected-runtime	1	static-resolved	11	protected-runtime	1	protected-runtime	500	static-resolved	40.0	50.0	45.0	45.0	45	xo-match	500	xo-match
h09L	Bomber Factory	h06R	Gyrocopter	2	default	1					siege	artillery	debris,enemies,item,structure,ward	69	protected-runtime	1	static-resolved	41	protected-runtime	2.5	static-resolved	100	static-resolved	70.0	110.0	90.0	36.0	45	xo-differs	500	xo-differs
h09P	Arsenal	z003	Flamegunner Sergeant	1	default	1					chaos	mline	debris,ground,item,structure,ward	59	protected-runtime	1	protected-runtime	1	protected-runtime	0.9	static-resolved	70	protected-runtime	60.0	60.0	60.0	66.66666666666667	66.66	xo-match	70	xo-match
h09P	Arsenal	z003	Flamegunner Sergeant	2	unavailable	0					normal	_	_	-	static-resolved	-	static-resolved	-	static-resolved	-	static-resolved	-	static-resolved					66.66	xo-missing	70	xo-missing
h09X	School of Wizardry	h07B	Sorceress	1	default	1					magic	missile	ground,structure,debris,air,item,ward	44	protected-runtime	1	static-resolved	11	protected-runtime	1.8	protected-runtime	500	protected-runtime	45.0	55.0	50.0	27.77777777777778	27.77	xo-match	500	xo-match
h09X	School of Wizardry	h07B	Sorceress	2	unavailable	0					normal	_	_	-	static-resolved	-	static-resolved	-	static-resolved	-	static-resolved	-	static-resolved					27.77	xo-missing	500	xo-missing
h09Y	Corrupted Ancient of Annihilation	n027	Corrupted Annihilator	1	default	1					normal	normal	ground,structure,debris,item,ward	139	protected-runtime	1	static-resolved	21	protected-runtime	1.35	static-resolved	100	static-resolved	140.0	160.0	150.0	111.1111111111111	111.11	xo-match	100	xo-match
h09Y	Corrupted Ancient of Annihilation	n027	Corrupted Annihilator	2	unavailable	0					normal	_	_	-	static-resolved	-	static-resolved	-	static-resolved	-	static-resolved	-	static-resolved					111.11	xo-missing	100	xo-missing
h0A1	Marksmen's Encampment	h05C	Marksman	1	default	1					pierce	instant	air	42	protected-runtime	1	protected-runtime	53	protected-runtime	1	protected-runtime	800	protected-runtime	43.0	95.0	69.0	69.0	69	xo-match	800	xo-match
h0A1	Marksmen's Encampment	h05C	Marksman	2	default	1					pierce	instant	debris,item,structure,ward	26	protected-runtime	1	protected-runtime	3	protected-runtime	1	protected-runtime	500	protected-runtime	27.0	29.0	28.0	28.0	69	xo-differs	800	xo-differs
n02N	Fire Gnoll Hut	n02T	Fire Gnoll	1	default	1					normal	missile	ground,structure,debris,air,item,ward	99	protected-runtime	1	static-resolved	31	protected-runtime	1.45	protected-runtime	385	protected-runtime	100.0	130.0	115.0	79.3103448275862	79.31	xo-match	385	xo-match
n02N	Fire Gnoll Hut	n02T	Fire Gnoll	2	unavailable	0					normal	_	_	-	static-resolved	-	static-resolved	-	static-resolved	-	static-resolved	-	static-resolved					79.31	xo-missing	385	xo-missing
n02O	Den of the Ogre Lord	n02Y	Ogre Lord	1	default	1					siege	normal	ground,structure,debris,item,ward	99	protected-runtime	1	static-resolved	11	protected-runtime	1.5	protected-runtime	80	protected-runtime	100.0	110.0	105.0	70.0	70	xo-match	80	xo-match
n02O	Den of the Ogre Lord	n02Y	Ogre Lord	2	unavailable	0					normal	_	_	-	static-resolved	-	static-resolved	-	static-resolved	-	static-resolved	-	static-resolved					70	xo-missing	80	xo-missing
n02P	Gnoll Tent	n02S	Gnoll	1	default	1					normal	missile	ground,structure,debris,air,item,ward	44	protected-runtime	1	static-resolved	11	protected-runtime	1.6	static-resolved	360	protected-runtime	45.0	55.0	50.0	31.25	31.25	xo-match	360	xo-match
n02P	Gnoll Tent	n02S	Gnoll	2	unavailable	0					normal	_	_	-	static-resolved	-	static-resolved	-	static-resolved	-	static-resolved	-	static-resolved					31.25	xo-missing	360	xo-missing
n02Q	Harpy Nest	n02W	Harpy	1	default	1					pierce	missile	debris,ground,item,structure,ward	37	protected-runtime	1	static-resolved	16	protected-runtime	1.4	protected-runtime	280	protected-runtime	38.0	53.0	45.5	32.5	32.5	xo-match	280	xo-match
n02Q	Harpy Nest	n02W	Harpy	2	default	1					pierce	instant	air,enemies	34	protected-runtime	1	protected-runtime	16	protected-runtime	0.9	protected-runtime	-	static-resolved	35.0	50.0	42.5	47.22222222222222	32.5	xo-differs	280	xo-missing
n02R	Monstrous Sandkin Burrow	n035	Monstrous Sandkin	1	default	1					magic	msplash	enemies,structure,ground	89	protected-runtime	1	static-resolved	21	protected-runtime	1.32	protected-runtime	375	protected-runtime	90.0	110.0	100.0	75.75757575757575	75.75	xo-match	375	xo-match
n02R	Monstrous Sandkin Burrow	n035	Monstrous Sandkin	2	unavailable	0					normal	_	_	-	static-resolved	-	static-resolved	-	static-resolved	-	static-resolved	-	static-resolved					75.75	xo-missing	375	xo-missing
n031	Nest of Harpy Matriarch	n034	Harpies' Matriarch	1	default	1					hero	msplash	ground,structure,debris,air,item,ward	110	protected-runtime	1	static-resolved	42	protected-runtime	1.75	protected-runtime	625	protected-runtime	111.0	152.0	131.5	75.14285714285714	75.14	xo-match	625	xo-match
n031	Nest of Harpy Matriarch	n034	Harpies' Matriarch	2	unavailable	0					normal	instant	_	-	static-resolved	-	static-resolved	-	static-resolved	-	static-resolved	-	static-resolved					75.14	xo-missing	625	xo-missing
n033	Ogre Den	n02X	Ogre	1	default	1					siege	normal	ground,structure,debris,item,ward	49	protected-runtime	1	static-resolved	11	protected-runtime	1.3	protected-runtime	60	protected-runtime	50.0	60.0	55.0	42.30769230769231	42.3	xo-match	60	xo-match
n033	Ogre Den	n02X	Ogre	2	unavailable	0					normal	_	_	-	static-resolved	-	static-resolved	-	static-resolved	-	static-resolved	-	static-resolved					42.3	xo-missing	60	xo-missing
n036	Quillboar Yard	n02V	Quillboar	1	default	1					pierce	normal	enemies,ground,structure	19	protected-runtime	1	static-resolved	6	protected-runtime	0.95	protected-runtime	68	protected-runtime	20.0	25.0	22.5	23.68421052631579	23.68	xo-match	68	xo-match
n036	Quillboar Yard	n02V	Quillboar	2	unavailable	0					normal	_	_	-	static-resolved	-	static-resolved	-	static-resolved	-	static-resolved	-	static-resolved					23.68	xo-missing	68	xo-missing
n037	Razormane Abode	n02U	Razormane	1	default	1					pierce	normal	enemies,ground,structure	59	protected-runtime	1	static-resolved	11	protected-runtime	1.15	protected-runtime	64	protected-runtime	60.0	70.0	65.0	56.52173913043479	56.52	xo-match	64	xo-match
n037	Razormane Abode	n02U	Razormane	2	unavailable	0					normal	_	_	-	static-resolved	-	static-resolved	-	static-resolved	-	static-resolved	-	static-resolved					56.52	xo-missing	64	xo-missing
n038	Salamander Hatchery	n02Z	Salamander	1	default	1					chaos	msplash	air,enemies,structure,ground	86	protected-runtime	1	protected-runtime	31	protected-runtime	1.6	protected-runtime	430	protected-runtime	87.0	117.0	102.0	63.75	63.75	xo-match	430	xo-match
n038	Salamander Hatchery	n02Z	Salamander	2	unavailable	0					normal	_	_	-	static-resolved	-	static-resolved	-	static-resolved	-	static-resolved	-	static-resolved					63.75	xo-missing	430	xo-missing
n039	Sandkin Burrow	n030	Sandkin	1	default	1					magic	msplash	enemies,ground,structure	44	protected-runtime	1	static-resolved	11	protected-runtime	1.3	protected-runtime	325	protected-runtime	45.0	55.0	50.0	38.46153846153846	38.46	xo-match	325	xo-match
n039	Sandkin Burrow	n030	Sandkin	2	unavailable	0					normal	_	_	-	static-resolved	-	static-resolved	-	static-resolved	-	static-resolved	-	static-resolved					38.46	xo-missing	325	xo-missing
n03B	Nest of Harpy Witch	n032	Harpy Witch	1	default	1					pierce	missile	debris,ground,item,structure,ward	65	protected-runtime	1	static-resolved	21	protected-runtime	1.4	protected-runtime	320	protected-runtime	66.0	86.0	76.0	54.28571428571429	54.28	xo-match	320	xo-match
n03B	Nest of Harpy Witch	n032	Harpy Witch	2	default	1					pierce	instant	air,enemies	59	protected-runtime	1	protected-runtime	21	protected-runtime	0.8	protected-runtime	-	static-resolved	60.0	80.0	70.0	87.5	54.28	xo-differs	320	xo-missing
n03D	Bamboo Dojo	n03E	Sagepaw Monk	1	default	1					magic	missile	air,enemies,ground,structure	19	protected-runtime	1	static-resolved	6	protected-runtime	1.2	protected-runtime	350	protected-runtime	20.0	25.0	22.5	18.75	18.75	xo-match	350	xo-match
n03D	Bamboo Dojo	n03E	Sagepaw Monk	2	unavailable	0					normal	_	_	-	static-resolved	-	static-resolved	-	static-resolved	-	static-resolved	-	static-resolved					18.75	xo-missing	350	xo-missing
n03F	Brew Hut	n03G	Ironpaw Militia	1	default	1					normal	normal	ground,structure,debris,item,ward	52	protected-runtime	2	protected-runtime	4	protected-runtime	1.4	protected-runtime	60	protected-runtime	54.0	60.0	57.0	40.714285714285715	40.71	xo-match	60	xo-match
n03F	Brew Hut	n03G	Ironpaw Militia	2	unavailable	0					normal	_	_	-	static-resolved	-	static-resolved	-	static-resolved	-	static-resolved	-	static-resolved					40.71	xo-missing	60	xo-missing
n03H	Temple of the Wandering Spark	n03I	Echofoot Mystic	1	default	1					magic	missile	air,enemies,ground,structure	53	protected-runtime	1	static-resolved	6	protected-runtime	1	protected-runtime	180	protected-runtime	54.0	59.0	56.5	56.5	56.5	xo-match	180	xo-match
n03H	Temple of the Wandering Spark	n03I	Echofoot Mystic	2	unavailable	0					normal	_	_	-	static-resolved	-	static-resolved	-	static-resolved	-	static-resolved	-	static-resolved					56.5	xo-missing	180	xo-missing
n03K	Fighting Tavern	n03J	Ironpaw Guardian	1	default	1					normal	normal	ground,structure,debris,item,ward	89	protected-runtime	1	static-resolved	4	protected-runtime	1.2	protected-runtime	90	protected-runtime	90.0	93.0	91.5	76.25	76.25	xo-match	90	xo-match
n03K	Fighting Tavern	n03J	Ironpaw Guardian	2	unavailable	0					normal	_	_	-	static-resolved	-	static-resolved	-	static-resolved	-	static-resolved	-	static-resolved					76.25	xo-missing	90	xo-missing
n03L	Jade Shrine	n03M	Jade Elder	1	default	1					normal	mbounce	air,debris,ground,item,structure,ward	78	protected-runtime	1	static-resolved	14	protected-runtime	1.3	protected-runtime	360	protected-runtime	79.0	92.0	85.5	65.76923076923077	65.76	xo-match	360	xo-match
n03L	Jade Shrine	n03M	Jade Elder	2	unavailable	0					normal	_	_	-	static-resolved	-	static-resolved	-	static-resolved	-	static-resolved	-	static-resolved					65.76	xo-missing	360	xo-missing
n03N	Pandaren Siege Workshop	o00H	Brewshock Catapult	1	default	1					siege	artillery	debris,ground,item,structure,tree,wall,ward	109	protected-runtime	1	static-resolved	31	protected-runtime	6	protected-runtime	1000	protected-runtime	110.0	140.0	125.0	20.833333333333332	20.83	xo-match	1000	xo-match
n03N	Pandaren Siege Workshop	o00H	Brewshock Catapult	2	unavailable	0					siege	msplash	structure	81	static-resolved	1	static-resolved	21	static-resolved	4.5	static-resolved	1000	static-resolved	82.0	102.0	92.0	20.444444444444443	20.83	xo-differs	1000	xo-match
n03P	Temple of Ten Thousand Drinks	n03O	Drunken Brewmaster	1	default	1					hero	normal	ground,structure,debris,item,ward	200	protected-runtime	1	static-resolved	4	protected-runtime	1.1	protected-runtime	60	protected-runtime	201.0	204.0	202.5	184.09090909090907	184.09	xo-match	60	xo-match
n03P	Temple of Ten Thousand Drinks	n03O	Drunken Brewmaster	2	unavailable	0					normal	_	_	-	static-resolved	-	static-resolved	-	static-resolved	-	static-resolved	-	static-resolved					184.09	xo-missing	60	xo-missing
n03Q	Cloud Hangar	h07S	Cloud Ship	1	default	1					magic	missile	air,debris,ground,item,structure,ward	72	protected-runtime	1	static-resolved	6	protected-runtime	1.75	protected-runtime	530	protected-runtime	73.0	78.0	75.5	43.142857142857146	43.14	xo-match	530	xo-match
n03Q	Cloud Hangar	h07S	Cloud Ship	2	unavailable	0					pierce	missile	air	44	static-resolved	1	static-resolved	11	static-resolved	2.4	static-resolved	450	static-resolved	45.0	55.0	50.0	20.833333333333336	43.14	xo-differs	530	xo-differs
n03S	Sagepaw Sanctum	n03T	Sagepaw Soulkeeper	1	default	1					magic	missile	air,enemies,ground,structure	59	protected-runtime	1	static-resolved	6	protected-runtime	1.2	protected-runtime	350	protected-runtime	60.0	65.0	62.5	52.083333333333336	52.08	xo-match	350	xo-match
n03S	Sagepaw Sanctum	n03T	Sagepaw Soulkeeper	2	unavailable	0					normal	_	_	-	static-resolved	-	static-resolved	-	static-resolved	-	static-resolved	-	static-resolved					52.08	xo-missing	350	xo-missing
