category	table	rawcode	base_rawcode	field_id	level	column	base_value_json	map_values_json	last_write_value_json	recovered_value_json	selection
units	original	hcas	hcas	uhpm	0	0	2500	[5000,1,1]	1	5000	w3p-recovered-first-numeric-sentinel
units	original	hfoo	hfoo	ua1b	0	0	11	[24,0,0]	0	24	w3p-recovered-first-numeric-sentinel
units	original	hfoo	hfoo	udef	0	0	2	[4,0,0]	0	4	w3p-recovered-first-numeric-sentinel
units	original	hfoo	hfoo	uhpm	0	0	420	[250,1,1]	1	250	w3p-recovered-first-numeric-sentinel
units	original	hmtm	hmtm	ua1b	0	0	51	[67,0,0]	0	67	w3p-recovered-first-numeric-sentinel
units	original	hmtm	hmtm	ua1r	0	0	1000	[1000,1,1]	1	1000	w3p-recovered-first-numeric-sentinel
units	original	hmtm	hmtm	uhpm	0	0	360	[280,1,1]	1	280	w3p-recovered-first-numeric-sentinel
units	original	hrif	hrif	ua1b	0	0	16	[31,0,0]	0	31	w3p-recovered-first-numeric-sentinel
units	original	hrif	hrif	ua1r	0	0	400	[500,1,1]	1	500	w3p-recovered-first-numeric-sentinel
units	original	hrif	hrif	ua1s	0	0	4	[5,1,1]	1	5	w3p-recovered-first-numeric-sentinel
units	original	hrif	hrif	uhpm	0	0	520	[270,1,1]	1	270	w3p-recovered-first-numeric-sentinel
units	original	otot	otot	uhpm	0	0	100	[99999,1,1]	1	99999	w3p-recovered-first-numeric-sentinel
units	custom	h07W	hbla	uabi	0	0	"""Abds"""	"[""A0HO"",""A0HO,AM0{"",""A0HO,AM0{""]"	"""A0HO,AM0{"""	"""A0HO,AM0{"""	ambiguous-string-last-write
units	custom	h07W	hbla	uhpm	0	0	1200	[900,1,1]	1	900	w3p-recovered-first-numeric-sentinel
