system_id	mechanic_kind	trigger	related_objects_json	parameters_json	source_functions	evidence_kind	byte_offset
power-plant-power-surge	area-building-buffs-cleanse-and-spawn-augmentation	construction-plus-periodic-sweep-plus-unit-spawn	"[{""categories"":""units"",""names"":""Power Plant"",""rawcode"":""h09T"",""rawcode_integer"":1747990868},{""categories"":""abilities"",""names"":""Power Armor"",""rawcode"":""A09S"",""rawcode_integer"":1093679443},{""categories"":""buffs"",""names"":""Power Armor"",""rawcode"":""B01K"",""rawcode_integer"":1110454603},{""categories"":""abilities"",""names"":"""",""rawcode"":""A09P"",""rawcode_integer"":1093679440},{""categories"":""abilities"",""names"":"""",""rawcode"":""A09V"",""rawcode_integer"":1093679446},{""categories"":"""",""names"":"""",""rawcode"":""Bfrz"",""rawcode_integer"":1114010234},{""categories"":""buffs,destructables"",""names"":""Frozen | IWALL"",""rawcode"":""B00M"",""rawcode_integer"":1110454349},{""categories"":""abilities"",""names"":""Stacking Life Bonus"",""rawcode"":""A09M"",""rawcode_integer"":1093679437},{""categories"":""abilities"",""names"":"""",""rawcode"":""A09Q"",""rawcode_integer"":1093679441},{""categories"":""abilities"",""names"":"""",""rawcode"":""A09R"",""rawcode_integer"":1093679442},{""categories"":""abilities"",""names"":""pp spell resist"",""rawcode"":""A0HV"",""rawcode_integer"":1093683286},{""categories"":""abilities"",""names"":""ZZZauberschaden-Reduzierung"",""rawcode"":""A08K"",""rawcode_integer"":1093679179},{""categories"":""abilities"",""names"":"""",""rawcode"":""A08O"",""rawcode_integer"":1093679183},{""categories"":""abilities"",""names"":"""",""rawcode"":""A093"",""rawcode_integer"":1093679411},{""categories"":""abilities"",""names"":""Spell Resist (legendary)"",""rawcode"":""A0AH"",""rawcode_integer"":1093681480},{""categories"":""abilities"",""names"":"""",""rawcode"":""A0AI"",""rawcode_integer"":1093681481},{""categories"":""abilities"",""names"":""HEL: Blademaster (spell resist)"",""rawcode"":""A0AL"",""rawcode_integer"":1093681484},{""categories"":""abilities"",""names"":""HEL: Elder Blademaster (spell resist)"",""rawcode"":""A0AN"",""rawcode_integer"":1093681486},{""categories"":""abilities"",""names"":""NAT: Dryad (spell resist)"",""rawcode"":""A0AY"",""rawcode_integer"":1093681497},{""categories"":""abilities"",""names"":""NAT: Keeper of the Groove (spell resist)"",""rawcode"":""A0AZ"",""rawcode_integer"":1093681498},{""categories"":""abilities"",""names"":""NAT: Ancient Keeper (spell immune)"",""rawcode"":""A0BV"",""rawcode_integer"":1093681750},{""categories"":""abilities"",""names"":""NAT: Mountain Giant (spell resist)"",""rawcode"":""A0CF"",""rawcode_integer"":1093681990},{""categories"":""abilities"",""names"":""water lesser(spell resist)"",""rawcode"":""A0FH"",""rawcode_integer"":1093682760},{""categories"":""abilities"",""names"":""water (spell resist)"",""rawcode"":""A0FI"",""rawcode_integer"":1093682761},{""categories"":""abilities"",""names"":""water greater (spell resist)"",""rawcode"":""A0FJ"",""rawcode_integer"":1093682762},{""categories"":""abilities"",""names"":""spell resist 50%"",""rawcode"":""A0FN"",""rawcode_integer"":1093682766},{""categories"":""abilities"",""names"":"""",""rawcode"":""A0GV"",""rawcode_integer"":1093683030},{""categories"":""abilities"",""names"":""spell resist 20%"",""rawcode"":""A0H0"",""rawcode_integer"":1093683248}]"	"{""building_armor_aura_ability_id"":1093679443,""building_armor_aura_object_data"":{""Armor Bonus"":2,""Percent Bonus"":0},""building_armor_bonus"":2,""building_armor_buff_id"":1110454603,""building_aura_radius"":180,""cleaned_buff_ids"":[1114010234,1110454349],""disable_cleanse_excludes_power_plant_itself"":true,""disable_cleanse_radius"":252,""disable_cleanse_requires_allied_structure"":false,""disable_cleanse_requires_structure"":true,""disable_cleanse_sweep_interval_seconds"":4,""mana_regen_aura_ability_id"":1093679440,""mana_regen_aura_object_data"":{""Mana Regeneration Increase"":0.2,""Percent Bonus"":0},""mana_regen_bonus_per_second"":0.2,""power_plant_name"":""Power Plant"",""power_plant_tooltip"":""|cffffac00Utility|r|n|n|cff80ff00Power Surge|r • All buildings in range gain |cfffffc012|r armor, immunity to disables and a unique effect based on their type.|n|n|cff80ff00Tower|r • Attack damage is increased by |cfffffc0125|r%.|n|n|cff80ff00Production|r • Units produced gain |cfffffc01150|r max hp, |cfffffc0120|r% damage, |cfffffc014|r armor and |cfffffc0115|r% spell resistance.|n|n|cff80ff00Utility|r • Cooldown is reduced by |cfffffc0120|r%, must be using mana to benefit from this."",""power_plant_unit_id"":1747990868,""spawn_armor_bonus"":4,""spawn_armor_bonus_ability_id"":1093679441,""spawn_armor_bonus_object_data"":{""Defense Bonus"":4},""spawn_attack_damage_bonus_fraction"":0.2,""spawn_damage_bonus_ability_id"":1093679442,""spawn_damage_bonus_object_data"":{""Attack Damage Increase"":0.2,""Flat Bonus"":0,""Melee Bonus"":1,""Ranged Bonus"":1},""spawn_hp_bonus_technique"":""add-A09M,set-level-4(-150-max-life),remove-A09M"",""spawn_hp_stack_ability_id"":1093679437,""spawn_hp_stack_object_data_at_level4"":{""Max Life Gained"":-150},""spawn_hp_stack_temporary_level"":4,""spawn_permanent_max_hp_bonus"":150,""spawn_requires_building_power_armor_buff_id"":1110454603,""spawn_spell_damage_reduction"":0.15,""spawn_spell_resist_ability_id"":1093683286,""spawn_spell_resist_object_data"":{""Damage Bonus"":0,""Damage Reduction"":0.15},""spell_resist_exclusion_ability_ids"":[1093679179,1093679183,1093679411,1093681480,1093681481,1093681484,1093681486,1093681497,1093681498,1093681750,1093681990,1093682760,1093682761,1093682762,1093682766,1093683030,1093683248],""tower_attack_damage_bonus_fraction"":0.25,""tower_damage_aura_ability_id"":1093679446,""tower_damage_aura_object_data"":{""Attack Damage Increase"":0.25,""Flat Bonus"":0,""Melee Bonus"":0,""Play Channel Animation"":1,""Ranged Bonus"":1}}"	dK,registerPowerPlant,ForGroupCallback_forEachIn_PowerPlantRuntime_callback_forEachIn_PowerPlantRuntime,ForGroupCallback_forUnitsInRange_PowerPlantRuntime_callback_forUnitsInRange_PowerPlantRuntime,setupUnit,applyPowerArmor,hasNoPowerArmorExclusion	exact-native-aura-object-data-and-cross-runtime-script	1415906
targeted-negative-effect-shields	consumable-building-spell-shields-and-goblin-shredder-overheat	negative-building-spell-target-shield-check	"[{""categories"":""abilities"",""names"":"""",""rawcode"":""A09L"",""rawcode_integer"":1093679436},{""categories"":""buffs"",""names"":""Energy Shield"",""rawcode"":""B01H"",""rawcode_integer"":1110454600},{""categories"":""abilities"",""names"":""Leg-anti-hex"",""rawcode"":""A070"",""rawcode_integer"":1093678896},{""categories"":""units"",""names"":""Goblin Shredder"",""rawcode"":""n01T"",""rawcode_integer"":1848652116},{""categories"":""abilities"",""names"":"""",""rawcode"":""A09C"",""rawcode_integer"":1093679427},{""categories"":""abilities"",""names"":"""",""rawcode"":""A09B"",""rawcode_integer"":1093679426},{""categories"":""abilities"",""names"":"""",""rawcode"":""A00J"",""rawcode_integer"":1093677130}]"	"{""active_shield_ability_id"":1093679436,""active_shield_ability_name"":""Devotion Aura"",""active_shield_ability_rawcode"":""A09L"",""active_shield_armor_bonus_by_level"":[2,4],""active_shield_buff_id"":1110454600,""active_shield_buff_rawcode"":""B01H"",""active_shield_level_1_blocks"":1,""active_shield_level_2_blocks"":2,""active_shield_level_2_first_block_heals_to_max_life"":true,""anti_hex_marker_ability_id"":1093678896,""anti_hex_marker_ability_name"":""Leg-anti-hex"",""anti_hex_marker_ability_rawcode"":""A070"",""anti_hex_marker_blocks_without_consumption"":true,""blocked_effect_returns_before_negative_building_spell_body"":true,""goblin_shredder_block_chance_percent"":60,""goblin_shredder_name"":""Goblin Shredder"",""goblin_shredder_overheat_attack_speed_ability_id"":1093679427,""goblin_shredder_overheat_attack_speed_ability_rawcode"":""A09C"",""goblin_shredder_overheat_attack_speed_fraction_by_level"":[0,0.5,1,1.5,2],""goblin_shredder_overheat_death_explosion_ability_id"":1093679426,""goblin_shredder_overheat_death_explosion_ability_rawcode"":""A09B"",""goblin_shredder_overheat_full_explosion_damage_by_level"":[50,100,200,400,800],""goblin_shredder_overheat_initial_level"":1,""goblin_shredder_overheat_max_level"":5,""goblin_shredder_overheat_visual_spell_list_by_level"":["""",""A027"",""A027,A0A1"",""A027,A0A1,A0A2"",""A027,A0A1,A0A2,A0A4""],""goblin_shredder_overheat_visual_spellbook_ability_id"":1093677130,""goblin_shredder_overheat_visual_spellbook_ability_rawcode"":""A00J"",""goblin_shredder_rawcode"":""n01T"",""goblin_shredder_tooltip"":""|cffffac00Unit|r / |cffffffffSpawn rate: |r|cffffff0033|rs|n|n|cffffffffAttack |r|cff959697(ground)|r|cffffffff: |rPierce (|cffffff0080|r range, |cffffff0056|r dps)|n|cffffffffArmor:|r Medium (|cffffff009|r) / |cffffffffHP:|r |cffffff001000|r|n|n|cff80ff00Engine Overheat|r • Blocks negative effects from buildings with a |cffffff0060|r% chance. This unit permanently gains |cffffff000|r-|cffffff00200|r% |cff959697(+50% per hit)|r attack speed and explodes on death for |cffffff0050|r-|cffffff00800|r |cff959697(2x per hit)|r spell damage. The effects scale with negative effect hits, whether blocked or not.|n|n|cff80ff00Spinning Blades|r • Attack splashes to ground units in a cone behind the main target as pierce damage at |cffffff00100|r% value."",""goblin_shredder_unit_id"":1848652116,""successful_shredder_blocks_increment_all_three_levels_together"":true}"	hasShield,checkForShield,Vd,Ed	exact-shield-precedence-consumption-roll-and-overheat-level-progression	1697343
heroic-shrine-companion-spawning	team-shrine-independent-clone-rolls-and-train-transformations	unit-train-finish	"[{""categories"":""units"",""names"":""Heroic Shrine"",""rawcode"":""h05G"",""rawcode_integer"":1747989831},{""categories"":""abilities"",""names"":""TypeMurloc"",""rawcode"":""A09H"",""rawcode_integer"":1093679432},{""categories"":""abilities"",""names"":""TypeTwins"",""rawcode"":""A0FO"",""rawcode_integer"":1093682767},{""categories"":""units"",""names"":""Twins"",""rawcode"":""e00E"",""rawcode_integer"":1697656901},{""categories"":""units"",""names"":""Twin Weeper"",""rawcode"":""n02K"",""rawcode_integer"":1848652363},{""categories"":""units"",""names"":""Twin Smiley"",""rawcode"":""n02L"",""rawcode_integer"":1848652364}]"	"{""heroic_shrine_name"":""Heroic Shrine"",""heroic_shrine_tooltip"":""|cffffac00Utility|r / |cffffac00Legendary|r|n|n|cff80ff00Call to Arms|r • All allied structures gain a |cffffff0016|r-|cffffff0032|r% |cff959697(+16% per building)|r chance to instantly spawn another copy of their respective unit.|nTo maximize the effect you need two Shrines."",""heroic_shrine_unit_id"":1747989831,""maximum_shrines_checked"":2,""per_shrine_actual_probability_percent"":17,""per_shrine_roll_max"":99,""per_shrine_roll_min"":0,""per_shrine_success_threshold_exclusive"":17,""successful_clone_owner"":""heroic-shrine-owner"",""successful_clone_runs_setup_unit"":true,""successful_clone_spawn_position"":""original-trained-unit-position"",""successful_clone_unit_type"":""same-as-original-trained-unit"",""tooltip_disagrees_with_runtime"":true,""tooltip_probability_percent_per_shrine"":16,""twins_carrier_name"":""Twins"",""twins_carrier_unit_id"":1697656901,""twins_marker_ability_id"":1093682767,""twins_replacement_unit_ids"":[1848652363,1848652364],""twins_replacement_units"":[{""name"":""Twin Weeper"",""rawcode"":""n02K""},{""name"":""Twin Smiley"",""rawcode"":""n02L""}],""twins_replacements_run_setup_unit"":true,""type_murloc_extra_clone_per_successful_shrine_roll"":1,""type_murloc_marker_ability_id"":1093679432,""type_murloc_unconditional_local_extra_copy"":1}"	kP,acquireHeroicShrine,spawnSyncedCompanions,EventListener_add_CompanionSpawning_onEvent_add_CompanionSpawning,setupUnit	exact-team-registration-roll-loop-and-train-event-transformations	995779
golden-shrine-revival	team-stacked-one-time-delayed-unit-revival	combat-sapper-death	"[{""categories"":""units"",""names"":""Golden Shrine of Justice"",""rawcode"":""h059"",""rawcode_integer"":1747989817},{""categories"":""abilities"",""names"":""Summoned Unit"",""rawcode"":""A07G"",""rawcode_integer"":1093678919},{""categories"":""abilities"",""names"":""TypeLegendary"",""rawcode"":""A07H"",""rawcode_integer"":1093678920}]"	"{""chance_percent_per_shrine"":20,""chance_roll_max"":99,""chance_roll_min"":0,""exclude_already_revived_units"":true,""exclude_legendary_marker_ability_id"":1093678920,""exclude_summoned_unit_marker_ability_id"":1093678919,""exclude_wc3_summoned_unit_type"":true,""golden_shrine_name"":""Golden Shrine of Justice"",""golden_shrine_tooltip"":""|cffffac00Utility|r / |cffffac00Legendary|r|n|n|cff80ff00Light's Blessing|r • Non-legendary allied units gain a |cffffff0020|r-|cffffff0040|r% |cff959697(+20% per building)|r chance to be revived once with a delay of |cffffff002|rs. To maximize the effect you need two Shrines."",""golden_shrine_unit_id"":1747989817,""maximum_effective_chance_percent"":40,""remove_original_dead_unit_on_success"":true,""requires_unit_actually_dead"":true,""revive_delay_seconds"":2,""revive_requires_same_death_generation"":true,""revived_unit_cannot_trigger_golden_shrine_again"":true,""revived_unit_owner"":""original-owner"",""revived_unit_position"":""exact-death-position"",""revived_unit_type"":""same-as-dead-unit"",""scripted_death_suppression_is_one_shot"":true}"	ME,acquireElvenShrine,elvenShrineEffectiveReviveChance,fJ,CallbackSingle_doAfter_OnUnitDeathHandler_call_doAfter_OnUnitDeathHandler,markShrineReviveBlocked	exact-team-counter-death-branch-and-delayed-replacement-callback	1357130
elemental-linker-death-heal	team-presence-gated-owner-scaled-elemental-death-heal	elemental-combat-sapper-death	"[{""categories"":""units"",""names"":""Linker"",""rawcode"":""h063"",""rawcode_integer"":1747990067},{""categories"":""abilities"",""names"":""Elemental Unit"",""rawcode"":""A0F5"",""rawcode_integer"":1093682741}]"	"{""additional_linkers_do_not_stack_heal"":true,""building_count_scope"":""dead-unit-owner"",""building_death_updates_counts"":true,""elemental_building_bucket_count"":5,""elemental_marker_ability_name"":""Elemental Unit"",""elemental_marker_ability_rawcode"":""A0F5"",""elemental_unit_marker_ability_id"":1093682741,""heal_per_building_tooltip_disagrees_with_runtime"":true,""heal_per_owned_elemental_production_building"":17,""heal_radius"":350,""linker_name"":""Linker"",""linker_presence_scope"":""team"",""linker_tooltip"":""|cffffac00Utility|r / |cffffac00Legendary|r|n|n|cff80ff00Link|r • On death, Elementals heal others for |cfffffc0117.5|r-|cfffffc01500|r hp |cff959697(+17.5 hp per building)|r, reduced by |cfffffc0170|r% for units from other races. The effect scales with the number of Elemental production buildings owned by the player. Multiples of this building offer no additional benefit.|n|n|cffc0c0c0In modes without fixed races, a single linker works as if every ally had a separate one.|r"",""linker_unit_id"":1747990067,""maximum_heal"":500,""other_type_tooltip_disagrees_with_runtime"":true,""other_unit_type_heal_factor"":0.2,""owner_change_updates_counts"":true,""resolved_elemental_building_buckets"":[1,2,3,4,5],""resolved_elemental_building_count"":12,""runtime_other_type_reduction_percent"":80,""same_unit_type_heal_factor"":1.0,""target_predicate"":""alive-combat-sapper;ally-of-dead-unit-owner"",""team_linker_presence_required"":true,""tooltip_heal_per_building"":17.5,""tooltip_other_race_reduction_percent"":70}"	ME,acquireLinker,acquireEleBuilding,changeEleBuildingCount,eleLinkerHealAmount,fJ,wL,migrateBuildingLifecycleOwner,NE,OE	exact-lifecycle-counters-death-branch-and-resolved-filter-side-effect	2485891
treasure-box-income-multiplier	per-player-building-count-income-multiplier	income-calculation-with-building-lifecycle-count	"[{""categories"":""units"",""names"":""Treasure Box"",""rawcode"":""h008"",""rawcode_integer"":1747988536}]"	"{""applied_before_progressive_income_tax"":true,""base_income_units_scale"":10,""building_death_decrements_count"":true,""count_10_plus_formula"":""1 + 0.25 * (5.11 + 0.25 * (count - 9))"",""count_10_plus_marginal_multiplier_per_box"":0.0625,""count_scope"":""player"",""counts_1_through_9_formula"":""1 + 0.25 * table[count]"",""multiplier_table_indexes_0_through_9"":[0.0,1.0,1.85,2.57,3.18,3.7,4.14,4.52,4.84,5.11],""multipliers_0_through_9"":[1.0,1.25,1.4625,1.6425,1.795,1.925,2.035,2.13,2.21,2.2775],""no_treasure_box_mode_disables_building_for_player_slots_0_through_11"":true,""owner_change_migrates_count"":true,""runtime_uses_precomputed_table_then_linear_tail"":true,""tooltip_first_box_bonus_percent"":25,""tooltip_later_box_reduction_percent"":15,""treasure_box_name"":""Treasure Box"",""treasure_box_tooltip"":""|cffffac00Utility|r|n|n|cff80ff00Compounding Interest|r • Increases your income by |cffffff0025|r%. Every Treasure Box after the first one gives |cffffff0015|r% less than its predecessor."",""treasure_box_unit_id"":1747988536,""zero_count_multiplier"":1.0}"	GH,calcTreasureBoxMultiplier,rawIncomeWithTreasureBox,acquireTreasureBox,SE,migrateBuildingLifecycleOwner,applyTreasureBoxModeEnabled	exact-lifecycle-count-precomputed-table-and-income-formula	2494753
human-artillery-auto-bombardment	building-random-enemy-base-attack-ground-controller	construction-plus-periodic-order-maintenance-plus-smart-order-intercept	"[{""categories"":""units"",""names"":""Artillery"",""rawcode"":""h001"",""rawcode_integer"":1747988529},{""categories"":""abilities"",""names"":"""",""rawcode"":""A02K"",""rawcode_integer"":1093677643}]"	"{""artillery_name"":""Artillery"",""artillery_tooltip"":""|cffffac00Utility|r|n|n|cff80ff00Bombardment|r • Fires an artillery shell at a random point in the enemy base, which does |cffffff00300|r-|cffffff00400|r siege damage in an area around the impact and an additional |cffffff0020|r spell damage to everything hit. • Cooldown: |cffffff0015|rs."",""artillery_unit_id"":1747988529,""attack_average"":350.0,""attack_max"":400.0,""attack_min"":300.0,""attack_range"":99999.0,""attack_type"":""siege"",""burning_oil_ability_rawcode"":""A02K"",""burning_oil_object_data"":{""Building Reduction"":1,""Full Damage Dealt"":5,""Full Damage Interval"":0.25,""Half Damage Dealt"":3,""Half Damage Interval"":1,""Maximum Damage"":""-""},""forced_order_id"":851984,""forced_order_name"":""attackground"",""full_aoe_radius"":60.0,""half_aoe_damage_factor"":0.5,""half_aoe_radius"":150.0,""initial_order_on_construction"":true,""intercepted_order_id"":851971,""intercepted_order_name"":""smart"",""maintenance_interval_seconds"":9,""native_attack_cooldown_seconds"":15.0,""periodically_reissues_for_live_registered_buildings"":true,""quarter_aoe_damage_factor"":0.2,""quarter_aoe_radius"":320.0,""runtime_hp"":700.0,""smart_point_or_target_orders_are_redirected"":true,""target_point_distribution"":""uniform-random-x-and-y-within-enemy-castle-rect"",""target_region"":""enemy-castle-rect-by-team"",""weapon_type"":""artillery""}"	AH,registerHumanArtillery,ForGroupCallback_forEachIn_HumanArtilleryRuntime_callback_forEachIn_HumanArtilleryRuntime,EventListener_add_HumanArtilleryRuntime_onEvent_add_HumanArtilleryRuntime1,EventListener_add_HumanArtilleryRuntime_onEvent_add_HumanArtilleryRuntime2,enemyCastleRect	exact-construction-registration-periodic-order-and-order-intercept	1216106
raise-dead-skeleton-randomization	summoned-carrier-random-unit-replacement	player-unit-summon	"[{""categories"":""units"",""names"":""Skeleton Warrior"",""rawcode"":""u002"",""rawcode_integer"":1966092338},{""categories"":""units"",""names"":""Skeleton Archer"",""rawcode"":""n00D"",""rawcode_integer"":1848651844},{""categories"":""units"",""names"":""Skeletal Mage"",""rawcode"":""u00A"",""rawcode_integer"":1966092353},{""categories"":""units"",""names"":""Skeletal Hero"",""rawcode"":""n00C"",""rawcode_integer"":1848651843},{""categories"":""units"",""names"":""Greater Skeleton Warrior"",""rawcode"":""u00B"",""rawcode_integer"":1966092354},{""categories"":""units"",""names"":""Greater Skeleton Archer"",""rawcode"":""n01L"",""rawcode_integer"":1848652108},{""categories"":""units"",""names"":""Greater Skeletal Mage"",""rawcode"":""u003"",""rawcode_integer"":1966092339},{""categories"":""units"",""names"":""Skeletal General"",""rawcode"":""n01M"",""rawcode_integer"":1848652109},{""categories"":""units"",""names"":""Ghoul"",""rawcode"":""u004"",""rawcode_integer"":1966092340},{""categories"":""units"",""names"":""Greater Ghoul"",""rawcode"":""u008"",""rawcode_integer"":1966092344},{""categories"":""units"",""names"":""Lich Ghoul"",""rawcode"":""u00E"",""rawcode_integer"":1966092357},{""categories"":""abilities"",""names"":"""",""rawcode"":""A088"",""rawcode_integer"":1093679160},{""categories"":""abilities"",""names"":"""",""rawcode"":""A089"",""rawcode_integer"":1093679161}]"	"{""lich_king_bonus_armor_ability_id"":1093679161,""lich_king_bonus_armor_ability_rawcode"":""A089"",""lich_king_bonus_armor_object_data"":{""Defense Bonus"":3},""lich_king_bonus_damage_ability_id"":1093679160,""lich_king_bonus_damage_ability_rawcode"":""A088"",""lich_king_bonus_damage_object_data"":{""Attack Bonus"":12},""lich_king_carrier_unit_id"":1966092357,""lich_king_each_other_probability_percent"":21.875,""lich_king_general_probability_percent"":12.5,""lich_king_general_table_index"":7,""lich_king_other_table_indexes"":[3,4,5,6],""mighty_necromancer_carrier_unit_id"":1966092344,""mighty_necromancer_distribution"":""uniform"",""mighty_necromancer_table_indexes"":[0,1,2,3,4,5,6],""necromancer_carrier_unit_id"":1966092340,""necromancer_distribution"":""uniform"",""necromancer_table_indexes"":[0,1,2],""replacement_method"":2,""replacement_orders_attack"":true,""resolved_skeleton_table"":[{""armor"":4.0,""attack1_cooldown"":1.35,""attack1_max"":27.0,""attack1_min"":26.0,""attack1_range"":90.0,""hp"":275.0,""name"":""Skeleton Warrior"",""rawcode"":""u002""},{""armor"":3.0,""attack1_cooldown"":1.35,""attack1_max"":27.0,""attack1_min"":25.0,""attack1_range"":350.0,""hp"":250.0,""name"":""Skeleton Archer"",""rawcode"":""n00D""},{""armor"":3.0,""attack1_cooldown"":1.35,""attack1_max"":27.0,""attack1_min"":26.0,""attack1_range"":400.0,""hp"":240.0,""name"":""Skeletal Mage"",""rawcode"":""u00A""},{""armor"":6.0,""attack1_cooldown"":0.85,""attack1_max"":32.0,""attack1_min"":31.0,""attack1_range"":100.0,""hp"":375.0,""name"":""Skeletal Hero"",""rawcode"":""n00C""},{""armor"":5.0,""attack1_cooldown"":1.25,""attack1_max"":46.0,""attack1_min"":45.0,""attack1_range"":90.0,""hp"":550.0,""name"":""Greater Skeleton Warrior"",""rawcode"":""u00B""},{""armor"":3.0,""attack1_cooldown"":1.2,""attack1_max"":52.0,""attack1_min"":50.0,""attack1_range"":350.0,""hp"":475.0,""name"":""Greater Skeleton Archer"",""rawcode"":""n01L""},{""armor"":3.0,""attack1_cooldown"":1.2,""attack1_max"":51.0,""attack1_min"":50.0,""attack1_range"":400.0,""hp"":450.0,""name"":""Greater Skeletal Mage"",""rawcode"":""u003""},{""armor"":7.0,""attack1_cooldown"":0.7,""attack1_max"":51.0,""attack1_min"":50.0,""attack1_range"":100.0,""hp"":750.0,""name"":""Skeletal General"",""rawcode"":""n01M""}],""skeleton_table_unit_ids"":[1966092338,1848651844,1966092353,1848651843,1966092354,1848652108,1966092339,1848652109]}"	cG,replaceChaosPortalSummon,onChaosPortalUnitSummoned	exact-summon-carriers-replacement-table-random-branches-and-bonus-abilities	2948547
gjallarhorn-team-count-scaling	team-constructed-building-count-to-spell-level	building-construction-and-round-reset-consumed-by-spell-cast	"[{""categories"":""units"",""names"":""Gjallarhorn"",""rawcode"":""h010"",""rawcode_integer"":1747988784},{""categories"":""abilities"",""names"":"""",""rawcode"":""A01K"",""rawcode_integer"":1093677387},{""categories"":""abilities"",""names"":""Gjall Horn Buff"",""rawcode"":""A016"",""rawcode_integer"":1093677366}]"	"{""building_spell_row_owns_cast_delivery"":true,""counter_decrement_on_building_death"":false,""counter_resets_on_round_signal"":true,""counter_scope"":""team"",""effect_level_formula"":""min(4, team_constructed_gjallarhorn_count)"",""gjallarhorn_name"":""Gjallarhorn"",""gjallarhorn_tooltip"":""|cffffac00Utility|r|n|n|cff80ff00Holy Fervour|r • Applies a |cffffff0040|r-|cffffff0055|r% |cff959697(+5% per building)|r attack speed buff to nearby allies, which lasts |cffffff0060|rs. The effect grows in power for every Gjallarhorn built. • Cooldown: |cffffff007|rs."",""gjallarhorn_trigger_ability_id"":1093677387,""gjallarhorn_unit_id"":1747988784,""increment_per_constructed_gjallarhorn"":1,""maximum_effect_level"":4,""resolved_effect_levels"":[{""attack_speed_increase"":0.4,""duration_seconds"":60.0,""level"":1},{""attack_speed_increase"":0.45,""duration_seconds"":60.0,""level"":2},{""attack_speed_increase"":0.5,""duration_seconds"":60.0,""level"":3},{""attack_speed_increase"":0.55,""duration_seconds"":60.0,""level"":4}]}"	mH,EventListener_add_GjallarHorn_onEvent_add_GjallarHorn,Action_watch_GjallarHorn_run_watch_GjallarHorn,BuildingSpellClosure_registerBuildingSpell_GjallarHorn_cast_registerBuildingSpell_GjallarHorn	exact-construct-counter-round-reset-and-spell-level-consumer	1200120
support-order-controller	periodic-assassin-ambush-and-gobbo-repair-order-controller	indexed-support-unit-periodic-task-plus-train-summon-association	"[{""categories"":""units"",""names"":""Assassin"",""rawcode"":""n01Z"",""rawcode_integer"":1848652122},{""categories"":""units"",""names"":""Royal Assassin"",""rawcode"":""n020"",""rawcode_integer"":1848652336},{""categories"":""units"",""names"":""Gobbo Machinist"",""rawcode"":""n01U"",""rawcode_integer"":1848652117},{""categories"":""abilities"",""names"":"""",""rawcode"":""A07M"",""rawcode_integer"":1093678925},{""categories"":""abilities"",""names"":""MEH: Gobbo Machinist (repair)"",""rawcode"":""A09K"",""rawcode_integer"":1093679435},{""categories"":""buffs"",""names"":""Stealth"",""rawcode"":""B012"",""rawcode_integer"":1110454578},{""categories"":"""",""names"":"""",""rawcode"":""BHbn"",""rawcode_integer"":1112040046},{""categories"":"""",""names"":"""",""rawcode"":""BTLF"",""rawcode_integer"":1112820806}]"	"{""actor_unit_ids"":[1848652122,1848652336,1848652117],""actors"":[{""evasion_ability_rawcode"":""A00U"",""evasion_object_data"":{""Chance to Evade"":0.15},""feedback_ability_rawcode"":""A076"",""feedback_object_data"":{""Damage Ratio - Heros (%)"":1.7,""Damage Ratio - Units (%)"":1.7,""Max Mana Drained - Heros"":40,""Max Mana Drained - Units"":40,""Summoned Damage"":10},""low_hp_priority_threshold"":150,""production_building_names"":""House of Shadows"",""production_building_rawcode"":""h07M"",""unit_name"":""Assassin"",""unit_rawcode"":""n01Z"",""windwalk_ability_rawcode"":""A077"",""windwalk_object_data"":{""Backstab Damage"":150,""Backstab Damage [Owk4]"":1,""Movement Speed Increase (%)"":0.3,""Start Cooldown when Decloak"":0,""Transition Time"":2}},{""evasion_ability_rawcode"":""A03P"",""evasion_object_data"":{""Chance to Evade"":0.25},""feedback_ability_rawcode"":""A075"",""feedback_object_data"":{""Damage Ratio - Heros (%)"":2.2,""Damage Ratio - Units (%)"":2.2,""Max Mana Drained - Heros"":60,""Max Mana Drained - Units"":60,""Summoned Damage"":10},""low_hp_priority_threshold"":300,""production_building_names"":""Guild of Shadows"",""production_building_rawcode"":""h07L"",""unit_name"":""Royal Assassin"",""unit_rawcode"":""n020"",""windwalk_ability_rawcode"":""A078"",""windwalk_object_data"":{""Backstab Damage"":300,""Backstab Damage [Owk4]"":1,""Movement Speed Increase (%)"":0.45,""Start Cooldown when Decloak"":0,""Transition Time"":1.3}},{""production_building_names"":""Spare Part Heap"",""production_building_rawcode"":""h069"",""repair_ability_rawcode"":""A09K"",""repair_object_data"":{""Naval Range Bonus"":300,""Powerbuild Cost"":0.15,""Powerbuild Rate"":0.6,""Repair Cost Ratio"":0,""Repair Time Ratio"":0.45},""timed_life_seconds"":45,""unit_name"":""Gobbo Machinist"",""unit_rawcode"":""n01U""}],""assassin_attack_order_id"":851983,""assassin_attack_order_name"":""attack"",""assassin_attempts_windwalk_before_new_target_selection"":true,""assassin_base_target_predicate"":""alive-combat-sapper;enemy;vulnerable;not-tentacle;not-banished;not-flying;lacks-1110454578;lacks-1112040046"",""assassin_does_not_retarget_while_attacking_valid_assigned_target"":true,""assassin_existing_target_retry_limit"":15,""assassin_move_order_id"":851986,""assassin_move_order_name"":""move"",""assassin_priority_filters"":[{""predicate"":""valid-target;max-mana>10"",""priority"":1,""scope"":""team-selected-primary-rect""},{""normal_predicate"":""valid-target;life<150"",""priority"":2,""royal_predicate"":""valid-target;life<300"",""scope"":""team-selected-primary-rect""},{""predicate"":""valid-target;max-mana>10"",""priority"":3,""scope"":""fallback-battlefield-rect""},{""normal_predicate"":""valid-target;life<150"",""priority"":4,""royal_predicate"":""valid-target;life<300"",""scope"":""fallback-battlefield-rect""}],""assassin_random_choice_within_priority_group"":true,""assassin_retarget_min_interval_seconds"":3.5,""assassin_search_rect_player_id_gte_6"":[-1888,-4096,6048,4096],""assassin_search_rect_player_id_lt_6"":[-6016,-4096,1920,4096],""assassin_tooltip"":""|cffffac00Unit|r / |cffffffffSpawn rate: |r|cffffff0025|rs|n|n|cffffffffAttack |r|cff959697(ground)|r|cffffffff: |rPierce (|cffffff00100|r range, |cffffff0030|r dps)|n|cffffffffArmor:|r Medium (|cffffff001|r) / |cffffffffHP:|r |cffffff00375|r / |cffffffffMP:|r |cffffff00100|r (|cffffff00+0.7|r/s)|n|n|cff80ff00Feedback|r • Attacks burn |cffffff0040|r mana and deal 0-68 spell damage |cff959697(+1.7 per burned mana)|r.|n|n|cff80ff00One with the Shadows|r • The unit stays invisible until it finds a target that will die in one hit or has mana to burn. The first hit after decloaking does |cffffff00150|r bonus pierce damage. Even when not hiding, attacks that directly target this unit have a |cffffff0015|r% chance to do no damage."",""assassin_windwalk_order_id"":852129,""assassin_windwalk_order_name"":""windwalk"",""fallback_battlefield_rect"":[-6176,-3584,6176,3584],""gobbo_fallback"":""production-building-rally-unit-if-allied-and-not-in-construction"",""gobbo_fallback_order"":""repair-if-damaged-structure-or-mechanical-else-smart"",""gobbo_one_per_target_claim_proven_by_script"":false,""gobbo_priority_1"":""damaged-allied-structures"",""gobbo_priority_2_if_no_structures"":""damaged-allied-mechanical-units"",""gobbo_random_choice_within_priority_group"":true,""gobbo_spawner_association_fallback_delay_seconds"":0.0,""gobbo_spawner_association_retries_unit_index_once"":true,""gobbo_target_predicate"":""alive;ally;damaged-by-more-than-1-hp;not-in-construction;structure-or-mechanical"",""gobbo_timed_life_applied_once_per_indexed_gobbo"":true,""gobbo_timed_life_buff_id"":1112820806,""gobbo_timed_life_seconds"":45,""gobbo_tooltip"":""Assembles an invulnerable Gobbo Machinist, which repairs buildings and mechanical units. A building/unit can only be repaired by one Gobbo at the same time. If a Gobbo repairs a mechanical unit, it will permanently attach itself to the target."",""queue_interval_seconds"":0.2,""queue_maximum_interval_seconds"":0.75,""queue_tasks_per_tick"":12,""royal_assassin_tooltip"":""|cffffac00Unit|r / |cffffffffSpawn rate: |r|cffffff0033|rs|n|n|cffffffffAttack |r|cff959697(ground)|r|cffffffff: |rPierce (|cffffff00100|r range, |cffffff0060|r dps)|n|cffffffffArmor:|r Medium (|cffffff002|r) / |cffffffffHP:|r |cffffff00575|r / |cffffffffMP:|r |cffffff00150|r (|cffffff00+0.7|r/s)|n|n|cff80ff00Feedback|r • Attacks burn |cffffff0060|r mana and deal 0-|cffffff00132|r spell damage |cff959697(+2.2 per burned mana)|r.|n|n|cff80ff00One with the Shadows|r • The unit stays invisible until it finds a target that will die in one hit or has mana to burn. The first hit after decloaking does |cffffff00300|r bonus pierce damage. Even when not hiding, attacks that directly target this unit have a |cffffff0025|r% chance to do no damage."",""support_marker_ability_id"":1093678925,""target_group_refresh_min_interval_seconds"":0.1}"	lE,nH,isSupportOrderUnit,orderAssassinOrGoboW,shouldRunPeriodicSupportOrderForState,prepareAssassinTargets,isValidAssassinTarget,orderAssassinW,restoreAssassinTargetOrderW,prepareGobboTargets,isGobboRepairableTarget,isGobboRallyTarget,orderGoboW,setGobboSpawner,CallbackSingle_doAfter_GobboController_call_doAfter_GobboController,SupportOrderTask_SupportOrderTask_run,ensureSupportOrderTask,sH,applyGobboTimedLife,onUnitTrained,onSummonedUnit	exact-shared-task-queue-target-filters-order-state-machine-and-timed-life	1202840
external-unit-order-suppression	player-order-rejection-autonomous-order-restoration-and-escalating-control-penalty	player-issued-point-target-or-immediate-unit-order	"[{""categories"":""abilities"",""names"":"""",""rawcode"":""A07M"",""rawcode_integer"":1093678925},{""categories"":""units"",""names"":""Gnoll"",""rawcode"":""n02S"",""rawcode_integer"":1848652371},{""categories"":""units"",""names"":""Fire Gnoll"",""rawcode"":""n02T"",""rawcode_integer"":1848652372},{""categories"":""units"",""names"":""Mountain Giant"",""rawcode"":""e00F"",""rawcode_integer"":1697656902},{""categories"":""units"",""names"":""Assassin"",""rawcode"":""n01Z"",""rawcode_integer"":1848652122},{""categories"":""units"",""names"":""Royal Assassin"",""rawcode"":""n020"",""rawcode_integer"":1848652336},{""categories"":""units"",""names"":""Gobbo Machinist"",""rawcode"":""n01U"",""rawcode_integer"":1848652117}]"	"{""already_locked_repeat_does_not_extend_lock"":true,""already_locked_repeat_only_unselects_this_unit"":true,""assassin_support_attack_point_order_is_rejected"":true,""attack_point_order_allowed_if"":""order-point Y equals 0, or abs(X) is within 0.01 of 2048 or 4992"",""attack_target_order_allowed_if"":[""unit has A07M and is not Assassin/Royal-Assassin support unit"",""target is Mountain Giant e00F"",""source is Gnoll n02S or Fire Gnoll n02T and target is flying""],""control_lock_cap_seconds"":300,""control_lock_sequence_seconds"":[5,15,30,60,120,240,300],""control_release_handler_reenables_user_control"":true,""first_violation_control_lock_seconds"":5,""later_control_lock_formula"":""15 * 2^(offense_count-2), capped at 300 seconds"",""listened_event_types"":[""EVENT_PLAYER_UNIT_ISSUED_POINT_ORDER"",""EVENT_PLAYER_UNIT_ISSUED_TARGET_ORDER"",""EVENT_PLAYER_UNIT_ISSUED_ORDER""],""listener_install_delay_seconds"":0.1,""move_order_allowed_if"":""unit has A07M and is not Assassin/Royal-Assassin support unit"",""new_lock_clears_player_selection"":true,""new_lock_disables_user_control"":true,""offense_count_reset_gap_seconds"":600,""penalty_applies_to"":""allied players currently selecting the rejected-order unit"",""protected_release_timer_period_seconds"":0.25,""protected_release_timer_to_KL_binding_proven"":false,""rejected_order_ids"":{""attack"":851983,""move"":851972,""stop"":851971},""rejected_order_restoration"":""restore Assassin/Royal-Assassin/Gobbo support order when A07M support state applies; otherwise issue ordinary Castle Fight attack order"",""resolved_exception_and_support_units"":[{""name"":""Gnoll"",""rawcode"":""n02S"",""role"":""flying-target attack-order exception source""},{""name"":""Fire Gnoll"",""rawcode"":""n02T"",""role"":""flying-target attack-order exception source""},{""name"":""Mountain Giant"",""rawcode"":""e00F"",""role"":""attack-target exception target""},{""name"":""Assassin"",""rawcode"":""n01Z"",""role"":""support-order restoration actor""},{""name"":""Royal Assassin"",""rawcode"":""n020"",""role"":""support-order restoration actor""},{""name"":""Gobbo Machinist"",""rawcode"":""n01U"",""role"":""support-order restoration actor""}],""script_issued_order_bypass_consumes_next_listener_event"":true,""script_issued_order_bypass_flag"":""jY"",""second_violation_control_lock_seconds"":15,""support_marker_ability"":{""base_rawcode"":""ANcl"",""name"":""Channel"",""object_data"":{""Art Duration"":0.98,""Base Order ID"":""channel"",""Disable Other Abilities"":1,""Follow Through Time"":180,""Options"":0,""Target Type"":0},""rawcode"":""A07M"",""tip"":""Channel"",""ubertip"":""Channels powerful warding magic.""},""unit_scope"":""combat-sapper"",""warning_text_duration_seconds"":5}"	IL,CallbackSingle_doAfter_SpamPrevention_call_doAfter_SpamPrevention,EventListener_add_doAfter_SpamPrevention_onEvent_add_doAfter_SpamPrevention,EventListener_add_doAfter_SpamPrevention_onEvent_add_doAfter_SpamPrevention1,EventListener_add_doAfter_SpamPrevention_onEvent_add_doAfter_SpamPrevention2,checkForWrongOrder,getOrderSpamTimeoutSeconds,nextOrderSpamTimeout,shouldStartOrderSpamPenalty,disabledUntilForNewOrderSpamPenalty,startOrderSpamPenalty,punishSelectedLocalControllers,isAssassinSupportUnit,shouldRestoreSupportOrderAfterExternalOrder,restoreExpectedOrderAfterExternalOrder,KL,kJ	exact-order-listeners-exceptions-restoration-and-escalating-player-control-penalty-with-protected-release-binding-left-unclaimed	1562508
global-idle-attack-reengage	periodic-idle-combat-unit-attack-order-recovery	round-start-then-every-4-seconds	"[{""categories"":""abilities"",""names"":"""",""rawcode"":""A07I"",""rawcode_integer"":1093678921},{""categories"":""abilities"",""names"":"""",""rawcode"":""A07M"",""rawcode_integer"":1093678925}]"	"{""action"":""orderCodeAttack"",""enumeration_rect_symbol"":""uIb"",""excluded_ability_ids"":[1093678921,1093678925],""interval_seconds"":4,""resolved_excluded_abilities"":[{""base_rawcode"":""ANcl"",""name"":""Channel"",""object_data"":{""Art Duration"":0.98,""Base Order ID"":""channel"",""Disable Other Abilities"":1,""Follow Through Time"":180,""Options"":0,""Target Type"":0},""rawcode"":""A07I""},{""base_rawcode"":""ANcl"",""name"":""Channel"",""object_data"":{""Art Duration"":0.98,""Base Order ID"":""channel"",""Disable Other Abilities"":1,""Follow Through Time"":180,""Options"":0,""Target Type"":0},""rawcode"":""A07M""}],""starts_each_round"":true,""target_predicate"":""alive;current-order-zero;combat-sapper;vulnerable;lacks-A07I;lacks-A07M""}"	completeRoundStart,startIdleAttackTimer,isIdleAttackUnit,code__TimerStart_IdleAttackRuntime,ForGroupCallback_forUnitsInRect_IdleAttackRuntime_callback_forUnitsInRect_IdleAttackRuntime	exact-round-start-periodic-global-enumeration-and-unit-predicate	1218331
lane-order-rect-attack-reengage	enter-rect-combat-sapper-attack-order-recovery	unit-enters-either-lane-order-rect	[]	"{""action"":""orderCodeAttack"",""reacts_immediately_on_rect_entry"":true,""rectangles"":[{""max_x"":-1024.0,""max_y"":1024.0,""min_x"":-2047.9,""min_y"":-1536.0},{""max_x"":2047.9,""max_y"":1024.0,""min_x"":1536.0,""min_y"":-1024.0}],""setup_delay_seconds"":0.1,""target_predicate"":""combat-sapper;vulnerable;not-cloaked""}"	jJ,CallbackSingle_doAfter_OrderRects_call_doAfter_OrderRects,condition6,code__Condition_addCondition_addAction_TriggerRegisterEnterRectSimple_doAfter_OrderRects,code__addAction_TriggerRegisterEnterRectSimple_doAfter_OrderRects,code__Condition_addCondition_addAction_TriggerRegisterEnterRectSimple_doAfter_OrderRects1,code__addAction_TriggerRegisterEnterRectSimple_doAfter_OrderRects1	exact-delayed-enter-rect-geometry-predicate-and-attack-order-actions	1360328
builder-castle-blink	builder-point-teleport-clamped-to-own-castle	A0-1-spell-cast	"[{""categories"":""abilities"",""names"":""Blink"",""rawcode"":""A0-1"",""rawcode_integer"":1093676337},{""categories"":""abilities"",""names"":"""",""rawcode"":""A001"",""rawcode_integer"":1093677105}]"	"{""ability_id"":1093676337,""ability_name"":""Blink"",""ability_object_data"":{""Art Duration"":0,""Base Order ID"":""blink"",""Disable Other Abilities"":0,""Follow Through Time"":0,""Options"":1,""Target Type"":2},""ability_range"":10000.0,""ability_rawcode"":""A0-1"",""ability_tooltip"":""Teleports the worker anywhere in your castle."",""clamp_x"":true,""clamp_y"":true,""destination_rect"":""owner-own-castle-rect"",""destination_rect_proof"":""team0 uses NFb while enemyCastleRect(team0)=MFb; team1 uses MFb while enemyCastleRect(team1)=NFb"",""granted_to_spawned_builders"":true,""legacy_static_blink_ability_id"":1093677105,""legacy_static_blink_removed_before_runtime_grant"":true,""post_teleport_order_id"":851972,""post_teleport_order_symbol"":""O6"",""rect_inset_world_units"":64,""teleport_primitive"":""SetUnitPosition""}"	uL,CE,completeRoundStart,EventListener_add_Blink_onEvent_add_Blink,enemyCastleRect,kJ	exact-builder-grant-spell-cast-rect-clamp-and-position-set	483023
rescue-strike	builder-point-cast-team-coordinated-area-execution	A005-point-cast	"[{""categories"":""abilities"",""names"":""Rescue Strike"",""rawcode"":""A005"",""rawcode_integer"":1093677109},{""categories"":""abilities"",""names"":""Rescue Strike Effect"",""rawcode"":""A06E"",""rawcode_integer"":1093678661},{""categories"":""units"",""names"":""RescueDummy"",""rawcode"":""h04X"",""rawcode_integer"":1747989592},{""categories"":"""",""names"":"""",""rawcode"":""Avul"",""rawcode_integer"":1098282348}]"	"{""ability_id"":1093677109,""ability_name"":""Rescue Strike"",""ability_rawcode"":""A005"",""ability_removed_on_cast"":true,""ability_tooltip"":""Kills all enemies in the target area and reveals stealthed enemies in a larger area.|n|n |cffFF0000WARNING: You can use this spell only once per round. Use it wisely, it decides most matches!|r"",""cast_delay_seconds"":0.35,""damage_packets"":[{""amount"":4444,""attack_type"":""chaos"",""damage_type"":""death""},{""amount"":4444,""attack_type"":""normal"",""damage_type"":""magic""}],""effect_ability_id"":1093678661,""effect_ability_name"":""Rescue Strike Effect"",""effect_ability_rawcode"":""A06E"",""effect_ability_removed_on_cast"":true,""effective_protected_cooldown_seconds"":60.0,""effective_protected_mana_cost"":0.0,""excluded_ability_id"":1098282348,""finish_delay_seconds"":1.5,""marker_post_damage_order_id"":852526,""marker_unit_id"":1747989592,""marker_unit_name"":""RescueDummy"",""marker_unit_rawcode"":""h04X"",""marks_targets_as_scripted_death"":true,""nonzero_kill_does_not_refund_in_finish_handler"":true,""object_area"":700.0,""object_range"":1000.0,""radius"":700,""records_sum_of_pre_damage_target_life"":true,""static_object_cooldown_seconds"":99.0,""target_predicate"":""enemy;alive;lacks-Avul"",""team_available_strike_counter_decremented_on_resolution"":true,""team_coordination_cooldown_seconds"":2,""zero_kill_refund_cooldown_seconds"":180,""zero_kill_refunds_ability_and_effect"":true}"	gL,OnPointCast_onPointCast_RescueStrikeRuntime_fireEx_onPointCast_RescueStrikeRuntime,CallbackSingle_doAfter_RescueStrikeRuntime_call_doAfter_RescueStrikeRuntime1,applyRescueStrike,startRescueStrikeCooldown,startTeamRescueStrikeCooldown,finishRescueStrike	exact-cast-removal-delayed-area-damage-team-cooldown-and-zero-kill-refund	1506218
elemental-forge-weapon-cleave	enchantment-marker-driven-half-damage-cleave	source-damage-event-with-A03Q-and-A0F1	"[{""categories"":""abilities"",""names"":"""",""rawcode"":""A03Q"",""rawcode_integer"":1093677905},{""categories"":""abilities"",""names"":"""",""rawcode"":""A0F1"",""rawcode_integer"":1093682737},{""categories"":""abilities"",""names"":""ELE: Enchant(Haste)"",""rawcode"":""A0D7"",""rawcode_integer"":1093682231},{""categories"":""abilities"",""names"":"""",""rawcode"":""A0F3"",""rawcode_integer"":1093682739},{""categories"":""units"",""names"":""dummy"",""rawcode"":""e008"",""rawcode_integer"":1697656888}]"	"{""attack_type"":""chaos"",""damage_is_attack"":true,""damage_is_ranged"":false,""damage_multiplier_of_triggering_damage"":0.5,""damage_type"":""unknown"",""dispatcher_marker_grant_condition"":""compacted-selected-index-equals-2"",""dummy_timed_life_seconds"":1,""dummy_unit_id"":1697656888,""enchantment_candidate_ability_ids"":[1093682231,1093682739,1093682737],""first_full_candidate_set_index_2_is_forge_weapon"":true,""forge_weapon_can_therefore_exist_without_dispatcher_marker"":true,""forge_weapon_marker_ability_id"":1093682737,""forge_weapon_marker_name"":""Slow Aura"",""forge_weapon_marker_object_data"":{""Always Autocast"":"" - "",""Attack Speed Factor"":0,""Movement Speed Factor"":0},""forge_weapon_marker_rawcode"":""A0F1"",""later_compaction_can_move_forge_weapon_to_another_index"":true,""radius"":250,""source_attack_capability_controls_ground_and_flying_hits"":true,""source_building_name"":""Obelisk of Elements"",""source_building_rawcode"":""h060"",""source_building_tooltip"":""|cffffac00Utility|r|n|n|cff80ff00Enchantment|r • Apply one of the four effects to an allied unit that doesn't already have any. |n• Cooldown: |cffffff0011|rs.|n|n|cff80ff00Blazing Weapon|r • All attacks splash to nearby targets as true damage at |cffffff0050|r% value.|n|n|cff80ff00Lightning Speed|r • Attack speed is increased by |cffffff0070|r% and movement speed by |cffffff0015|r%.|n|n|cff80ff00Rock Shield|r • Armor is increased by |cffffff0015|r.|n|n|cff80ff00Soothing Mist|r • One time |cffffff00450|r hp heal, can only affect units that are missing at least |cffffff00350|r hp."",""source_damage_dispatch_marker_ability_id"":1093677905,""source_damage_dispatch_marker_name"":""Channel"",""source_damage_dispatch_marker_rawcode"":""A03Q"",""target_predicate"":""alive;enemy-of-source-owner;combat-sapper;vulnerable;matches-source-ground-or-flying-attack-capability""}"	holyShrineSpell,handleSourceDamageEffects,cleaveHitsTarget,ForGroupCallback_forUnitsInRange_DamageRuntime_callback_forUnitsInRange_DamageRuntime	exact-enchantment-grant-condition-and-damage-runtime-cleave	1069385
locust-harpy-structure-damage-penalty	unit-type-structure-target-current-damage-halving	damage-event-source-u00G-target-structure	"[{""categories"":""units"",""names"":""Locust Harpy"",""rawcode"":""u00G"",""rawcode_integer"":1966092359}]"	"{""damage_multiplier"":0.5,""modifies_current_damage_instance"":true,""runtime_attack_average"":144.0,""runtime_attack_max"":146.0,""runtime_attack_min"":142.0,""runtime_attack_range"":120.0,""runtime_attack_type"":""spells"",""target_requires_structure"":true,""unit_id"":1966092359,""unit_name"":""Locust Harpy"",""unit_rawcode"":""u00G""}"	DamageListener_addListener_doAfter_ThunderpawSpire_onEvent_addListener_doAfter_ThunderpawSpire	exact-shared-damage-listener-current-damage-rewrite	1642227
celestial-chi-tower-impact-vision	tower-damage-impact-batched-temporary-vision	damage-event-source-h07V	"[{""categories"":""units"",""names"":""Celestial Chi Tower"",""rawcode"":""h07V"",""rawcode_integer"":1747990358}]"	"{""accumulators_reset_after_batch"":true,""batch_position"":""arithmetic-mean-of-damaged-target-positions"",""batch_scope"":""source-owner-player-id"",""batch_window_seconds"":0.03,""fog_modifier_shared_vision_flag"":true,""fog_state"":""visible"",""runtime_armor"":15.0,""runtime_attack_cooldown_seconds"":7.5,""runtime_attack_max"":266.0,""runtime_attack_min"":266.0,""runtime_attack_range"":20000.0,""runtime_hp"":2400.0,""tower_name"":""Celestial Chi Tower"",""tower_rawcode"":""h07V"",""tower_tooltip"":""|cffffac00Tower|r / |cffffac00Legendary|r|n|nAttack |cff959697(all)|r: Chaos (|cffffff0020000|r range, |cffffff0035|r dps)|nArmor: Fortified (|cffffff0015|r) / HP: |cffffff002400|r (|cffffff00+2|r/s)"",""tower_unit_id"":1747990358,""vision_duration_seconds"":8,""vision_radius"":512}"	DamageListener_addListener_doAfter_ThunderpawSpire_onEvent_addListener_doAfter_ThunderpawSpire,CallbackSingle_doAfter_addListener_doAfter_ThunderpawSpire_call_doAfter_addListener_doAfter_ThunderpawSpire2,createVision,CallbackSingle_doAfter_doAfter_addListener_doAfter_ThunderpawSpire_call_doAfter_doAfter_addListener_doAfter_ThunderpawSpire	exact-damage-impact-accumulator-delayed-average-vision-and-cleanup	1642227
round-start-castle-protection	first-fifteen-seconds-castle-damage-immunity	positive-damage-event-targeting-team-castle	[]	"{""damage_rewrite"":0,""positive_damage_only"":true,""protected_targets"":""both-team-castle-units-cX[0]-and-cX[1]"",""protection_duration_seconds"":15,""requires_round_started"":true,""round_time_formula"":""VGb * 60 + UGb"",""round_timer_reset_minute"":0,""round_timer_reset_second"":0,""round_timer_tick_seconds"":1}"	YF,isCastleProtected,completeRoundStart,yd,DamageListener_addListener_CastleProtection_onEvent_addListener_CastleProtection	exact-round-timer-reset-tick-protection-predicate-and-current-damage-rewrite	955835
corrupted-eye-of-corruption-spell-vulnerability	buff-marker-non-attack-current-damage-multiplier	positive-non-attack-damage-event-target-with-B00Q	"[{""categories"":""units"",""names"":""Eye of Corruption"",""rawcode"":""h04T"",""rawcode_integer"":1747989588},{""categories"":""abilities"",""names"":""COR: Eey Of Corruption (permanent)"",""rawcode"":""A02C"",""rawcode_integer"":1093677635},{""categories"":""buffs"",""names"":""|c00ff0000Corrupt Armor|r"",""rawcode"":""B00Q"",""rawcode_integer"":1110454353}]"	"{""aura_ability_base_rawcode"":""AHad"",""aura_ability_id"":1093677635,""aura_ability_name"":""COR: Eey Of Corruption (permanent)"",""aura_ability_rawcode"":""A02C"",""aura_area"":99999.0,""aura_armor_bonus"":-6.0,""aura_buff_rawcodes"":[""B00Q""],""aura_object_data"":{""Armor Bonus"":-6,""Percent Bonus"":0},""aura_targets"":""air,enemies,ground,vulnerable,ward"",""damage_multiplier"":1.12,""excluded_damage_event_semantics"":""attack-damage"",""excluded_damage_event_type"":0,""extra_damage_fraction"":0.12,""modifies_current_damage_instance"":true,""multiple_source_buildings_do_not_stack_script_multiplier"":true,""positive_damage_only"":true,""requires_target_buff_presence"":true,""source_building_name"":""Eye of Corruption"",""source_building_rawcode"":""h04T"",""source_building_tooltip"":""|cffffac00Utility|r / |cffffac00Legendary|r|n|n|cff80ff00Gaze of Corruption|r • Curses all enemy units, they have |cffffff006|r less armor and take |cffffff0012|r% more spell damage. Multiples of this building offer no additional benefit."",""source_building_unit_id"":1747989588,""target_buff_id"":1110454353,""target_buff_rawcode"":""B00Q"",""tooltip_multiple_buildings_no_additional_benefit"":true,""tooltip_spell_damage_taken_bonus_percent"":12}"	nK,DamageListener_addListener_RaceCorrupted_onEvent_addListener_RaceCorrupted	exact-race-setup-listener-registration-buff-gate-and-current-damage-rewrite	1428209
obelisk-of-light-cleansing-light	persistent-carrier-auto-attack-damage-triggered-full-cleanse	building-construction-plus-carrier-damage-event	"[{""categories"":""units"",""names"":""Obelisk of Light"",""rawcode"":""h005"",""rawcode_integer"":1747988533},{""categories"":""abilities"",""names"":""HEL: Obelisk of Light"",""rawcode"":""A000"",""rawcode_integer"":1093677104},{""categories"":""abilities"",""names"":""NEL: Obelisk Of Wilderness (spell resist)"",""rawcode"":""A08C"",""rawcode_integer"":1093679171},{""categories"":""abilities"",""names"":"""",""rawcode"":""A08D"",""rawcode_integer"":1093679172},{""categories"":""abilities"",""names"":"""",""rawcode"":""A08F"",""rawcode_integer"":1093679174},{""categories"":""abilities"",""names"":"""",""rawcode"":""A03B"",""rawcode_integer"":1093677890},{""categories"":""abilities"",""names"":"""",""rawcode"":""A03A"",""rawcode_integer"":1093677889},{""categories"":""abilities"",""names"":"""",""rawcode"":""A03D"",""rawcode_integer"":1093677892},{""categories"":""abilities"",""names"":"""",""rawcode"":""A08L"",""rawcode_integer"":1093679180},{""categories"":""abilities"",""names"":"""",""rawcode"":""A05I"",""rawcode_integer"":1093678409},{""categories"":""abilities"",""names"":"""",""rawcode"":""A06W"",""rawcode_integer"":1093678679},{""categories"":""abilities"",""names"":"""",""rawcode"":""A08M"",""rawcode_integer"":1093679181},{""categories"":""abilities"",""names"":"""",""rawcode"":""A06Y"",""rawcode_integer"":1093678681},{""categories"":""abilities"",""names"":"""",""rawcode"":""A08R"",""rawcode_integer"":1093679186},{""categories"":""abilities"",""names"":"""",""rawcode"":""A06X"",""rawcode_integer"":1093678680},{""categories"":""abilities"",""names"":"""",""rawcode"":""A09Q"",""rawcode_integer"":1093679441},{""categories"":""abilities"",""names"":"""",""rawcode"":""A09R"",""rawcode_integer"":1093679442},{""categories"":""abilities"",""names"":""pp spell resist"",""rawcode"":""A0HV"",""rawcode_integer"":1093683286},{""categories"":""abilities"",""names"":""ELE: Enchant(Haste)"",""rawcode"":""A0D7"",""rawcode_integer"":1093682231},{""categories"":""abilities"",""names"":"""",""rawcode"":""A0F3"",""rawcode_integer"":1093682739},{""categories"":""abilities"",""names"":"""",""rawcode"":""A0F1"",""rawcode_integer"":1093682737},{""categories"":""abilities"",""names"":"""",""rawcode"":""A03Q"",""rawcode_integer"":1093677905},{""categories"":""abilities"",""names"":"""",""rawcode"":""A0F4"",""rawcode_integer"":1093682740},{""categories"":""abilities"",""names"":"""",""rawcode"":""A09L"",""rawcode_integer"":1093679436},{""categories"":""abilities"",""names"":"""",""rawcode"":""A06T"",""rawcode_integer"":1093678676},{""categories"":""abilities"",""names"":"""",""rawcode"":""A06U"",""rawcode_integer"":1093678677},{""categories"":""abilities"",""names"":""Blood Corrosion"",""rawcode"":""A0GY"",""rawcode_integer"":1093683033}]"	"{""building_name"":""Obelisk of Light"",""building_rawcode"":""h005"",""building_tooltip"":""|cffffac00Utility|r|n|n|cff80ff00Cleansing Light|r • Shoots a beam at a random visible enemy unit, which deals |cffffff00180|r spell damage and then removes all effects from the target. • Cooldown: |cffffff005|rs."",""building_unit_id"":1747988533,""carrier_effect_ability_id"":1093677104,""carrier_owner"":""building-owner"",""carrier_position"":""building-position"",""carrier_removed_on_building_death"":true,""carrier_removed_on_building_leave"":true,""cleanse_requires_damage_source_has_effect_ability"":true,""cleanse_requires_positive_damage"":true,""effect_ability_base_rawcode"":""Apxf"",""effect_ability_name"":""HEL: Obelisk of Light"",""effect_ability_rawcode"":""A000"",""effect_area"":99999.0,""effect_cooldown_seconds"":5.0,""effect_damage_per_second"":0.0,""effect_initial_damage"":180.0,""effect_targets"":""ground,air,enemy"",""one_carrier_per_live_building"":true,""remove_native_positive_and_negative_buffs"":true,""removed_persistent_abilities"":[{""ability_id"":1093679171,""name"":""NEL: Obelisk Of Wilderness (spell resist)"",""rawcode"":""A08C""},{""ability_id"":1093679172,""name"":""Hardened Skin"",""rawcode"":""A08D""},{""ability_id"":1093679174,""name"":""Endurance Aura"",""rawcode"":""A08F""},{""ability_id"":1093677890,""name"":""Item Attack Speed Bonus"",""rawcode"":""A03B""},{""ability_id"":1093677889,""name"":""Item Damage Bonus"",""rawcode"":""A03A""},{""ability_id"":1093677892,""name"":""Item Life Bonus"",""rawcode"":""A03D""},{""ability_id"":1093679180,""name"":""Item Armor Bonus"",""rawcode"":""A08L""},{""ability_id"":1093678409,""name"":""Critical Strike"",""rawcode"":""A05I""},{""ability_id"":1093678679,""name"":""Endurance Aura"",""rawcode"":""A06W""},{""ability_id"":1093679181,""name"":""Evasion"",""rawcode"":""A08M""},{""ability_id"":1093678681,""name"":""Endurance Aura"",""rawcode"":""A06Y""},{""ability_id"":1093679186,""name"":""Demolish"",""rawcode"":""A08R""},{""ability_id"":1093678680,""name"":""Endurance Aura"",""rawcode"":""A06X""},{""ability_id"":1093679441,""name"":""Item Armor Bonus"",""rawcode"":""A09Q""},{""ability_id"":1093679442,""name"":""Command Aura"",""rawcode"":""A09R""},{""ability_id"":1093683286,""name"":""pp spell resist"",""rawcode"":""A0HV""},{""ability_id"":1093682231,""name"":""ELE: Enchant(Haste)"",""rawcode"":""A0D7""},{""ability_id"":1093682739,""name"":""Spell Book"",""rawcode"":""A0F3""},{""ability_id"":1093682737,""name"":""Slow Aura"",""rawcode"":""A0F1""},{""ability_id"":1093677905,""name"":""Channel"",""rawcode"":""A03Q""},{""ability_id"":1093682740,""name"":""Channel"",""rawcode"":""A0F4""},{""ability_id"":1093679436,""name"":""Devotion Aura"",""rawcode"":""A09L""},{""ability_id"":1093678676,""name"":""Item Life Bonus"",""rawcode"":""A06T""},{""ability_id"":1093678677,""name"":""Item Damage Bonus"",""rawcode"":""A06U""},{""ability_id"":1093683033,""name"":""Blood Corrosion"",""rawcode"":""A0GY""}],""removed_persistent_ability_ids"":[1093679171,1093679172,1093679174,1093677890,1093677889,1093677892,1093679180,1093678409,1093678679,1093679181,1093678681,1093679186,1093678680,1093679441,1093679442,1093683286,1093682231,1093682739,1093682737,1093677905,1093682740,1093679436,1093678676,1093678677,1093683033],""unit_remove_buffs_negative"":true,""unit_remove_buffs_positive"":true}"	TI,startObeliskOfLight,stopObeliskOfLight,CallbackSingle_doAfter_ObeliskOfLight_call_doAfter_ObeliskOfLight,EventListener_add_doAfter_ObeliskOfLight_onEvent_add_doAfter_ObeliskOfLight,EventListener_add_doAfter_ObeliskOfLight_onEvent_add_doAfter_ObeliskOfLight1,code__onLeave_doAfter_ObeliskOfLight,DamageListener_addListener_doAfter_ObeliskOfLight_onEvent_addListener_doAfter_ObeliskOfLight	exact-persistent-carrier-lifecycle-native-phoenix-fire-and-damage-cleanse-list	1353388
blood-fiend-randomization	body-replacement-plus-independent-random-trait-groups	unit-train-finish-with-A07J-marker	"[{""categories"":""units"",""names"":""Blood Fiend"",""rawcode"":""n00L"",""rawcode_integer"":1848651852},{""categories"":""abilities"",""names"":"""",""rawcode"":""A07J"",""rawcode_integer"":1093678922},{""categories"":""units"",""names"":""Blood Fiend"",""rawcode"":""n00M"",""rawcode_integer"":1848651853},{""categories"":""units"",""names"":""Blood Fiend"",""rawcode"":""n00R"",""rawcode_integer"":1848651858},{""categories"":""units"",""names"":""Blood Fiend"",""rawcode"":""n00Q"",""rawcode_integer"":1848651857},{""categories"":""units"",""names"":""Blood Fiend"",""rawcode"":""n00N"",""rawcode_integer"":1848651854},{""categories"":""units"",""names"":""Blood Fiend"",""rawcode"":""n00O"",""rawcode_integer"":1848651855},{""categories"":""units"",""names"":""Blood Fiend"",""rawcode"":""n00P"",""rawcode_integer"":1848651856},{""categories"":""abilities"",""names"":"""",""rawcode"":""A009"",""rawcode_integer"":1093677113},{""categories"":""abilities"",""names"":"""",""rawcode"":""A01F"",""rawcode_integer"":1093677382},{""categories"":""abilities"",""names"":"""",""rawcode"":""A02B"",""rawcode_integer"":1093677634},{""categories"":""abilities"",""names"":"""",""rawcode"":""A01B"",""rawcode_integer"":1093677378},{""categories"":""abilities"",""names"":""HEL: Wizard (Lightning)"",""rawcode"":""A00Z"",""rawcode_integer"":1093677146},{""categories"":""abilities"",""names"":"""",""rawcode"":""A07L"",""rawcode_integer"":1093678924},{""categories"":""abilities"",""names"":"""",""rawcode"":""A00U"",""rawcode_integer"":1093677141},{""categories"":""abilities"",""names"":"""",""rawcode"":""A00T"",""rawcode_integer"":1093677140},{""categories"":""abilities"",""names"":"""",""rawcode"":""A05J"",""rawcode_integer"":1093678410},{""categories"":""abilities"",""names"":"""",""rawcode"":""A01A"",""rawcode_integer"":1093677377},{""categories"":""abilities"",""names"":"""",""rawcode"":""A00V"",""rawcode_integer"":1093677142},{""categories"":""abilities"",""names"":"""",""rawcode"":""A00D"",""rawcode_integer"":1093677124},{""categories"":""abilities"",""names"":"""",""rawcode"":""A01U"",""rawcode_integer"":1093677397},{""categories"":""abilities"",""names"":"""",""rawcode"":""A010"",""rawcode_integer"":1093677360},{""categories"":""abilities"",""names"":"""",""rawcode"":""A01P"",""rawcode_integer"":1093677392},{""categories"":""abilities"",""names"":"""",""rawcode"":""A006"",""rawcode_integer"":1093677110},{""categories"":""abilities"",""names"":"""",""rawcode"":""A01R"",""rawcode_integer"":1093677394},{""categories"":""abilities"",""names"":"""",""rawcode"":""A012"",""rawcode_integer"":1093677362}]"	"{""body_distribution"":[{""probability_percent"":5.0,""unit_id"":1848651853},{""probability_percent"":9.0,""unit_id"":1848651858},{""probability_percent"":21.5,""unit_id"":1848651857},{""probability_percent"":21.5,""unit_id"":1848651854},{""probability_percent"":21.5,""unit_id"":1848651855},{""probability_percent"":21.5,""unit_id"":1848651856}],""production_building_names"":""Fountain of Blood"",""production_building_rawcode"":""h025"",""production_carrier_name"":""Blood Fiend"",""production_carrier_rawcode"":""n00L"",""production_carrier_unit_id"":1848651852,""randomization_marker_ability_id"":1093678922,""resolved_body_distribution"":[{""armor"":5.0,""armor_type"":""divine"",""attack1_avg"":55.0,""attack1_base_damage"":44.0,""attack1_cooldown"":1.2,""attack1_dice_number"":1.0,""attack1_dice_sides"":21.0,""attack1_dps"":45.8333333,""attack1_max"":65.0,""attack1_min"":45.0,""attack1_range"":100.0,""hp"":640.0,""move_speed"":350.0,""name"":""Blood Fiend"",""probability_percent"":5.0,""rawcode"":""n00M""},{""armor"":5.0,""armor_type"":""hero"",""attack1_avg"":55.0,""attack1_base_damage"":44.0,""attack1_cooldown"":1.2,""attack1_dice_number"":1.0,""attack1_dice_sides"":21.0,""attack1_dps"":45.8333333,""attack1_max"":65.0,""attack1_min"":45.0,""attack1_range"":100.0,""hp"":640.0,""move_speed"":350.0,""name"":""Blood Fiend"",""probability_percent"":9.0,""rawcode"":""n00R""},{""armor"":5.0,""armor_type"":""none"",""attack1_avg"":55.0,""attack1_base_damage"":44.0,""attack1_cooldown"":1.2,""attack1_dice_number"":1.0,""attack1_dice_sides"":21.0,""attack1_dps"":45.8333333,""attack1_max"":65.0,""attack1_min"":45.0,""attack1_range"":100.0,""hp"":640.0,""move_speed"":350.0,""name"":""Blood Fiend"",""probability_percent"":21.5,""rawcode"":""n00Q""},{""armor"":5.0,""armor_type"":""small"",""attack1_avg"":55.0,""attack1_base_damage"":44.0,""attack1_cooldown"":1.2,""attack1_dice_number"":1.0,""attack1_dice_sides"":21.0,""attack1_dps"":45.8333333,""attack1_max"":65.0,""attack1_min"":45.0,""attack1_range"":100.0,""hp"":640.0,""move_speed"":350.0,""name"":""Blood Fiend"",""probability_percent"":21.5,""rawcode"":""n00N""},{""armor"":5.0,""armor_type"":""medium"",""attack1_avg"":55.0,""attack1_base_damage"":44.0,""attack1_cooldown"":1.2,""attack1_dice_number"":1.0,""attack1_dice_sides"":21.0,""attack1_dps"":45.8333333,""attack1_max"":65.0,""attack1_min"":45.0,""attack1_range"":100.0,""hp"":640.0,""move_speed"":350.0,""name"":""Blood Fiend"",""probability_percent"":21.5,""rawcode"":""n00O""},{""armor"":5.0,""armor_type"":""large"",""attack1_avg"":55.0,""attack1_base_damage"":44.0,""attack1_cooldown"":1.2,""attack1_dice_number"":1.0,""attack1_dice_sides"":21.0,""attack1_dps"":45.8333333,""attack1_max"":65.0,""attack1_min"":45.0,""attack1_range"":100.0,""hp"":640.0,""move_speed"":350.0,""name"":""Blood Fiend"",""probability_percent"":21.5,""rawcode"":""n00P""}],""resolved_trait_groups"":[{""group"":1,""outcomes"":[{""ability_name"":""Cleaving Attack"",""ability_rawcode"":""A009"",""base_rawcode"":""ACce"",""object_data"":{""Distributed Damage Factor"":0.35},""probability_percent"":20},{""ability_name"":""Cleaving Attack"",""ability_rawcode"":""A01F"",""base_rawcode"":""ACce"",""object_data"":{""Distributed Damage Factor"":0.25},""probability_percent"":35},{""ability_name"":null,""ability_rawcode"":null,""probability_percent"":45}]},{""group"":2,""outcomes"":[{""ability_name"":""Item Attack Corruption Bonus"",""ability_rawcode"":""A02B"",""base_rawcode"":""AIcb"",""object_data"":{""Armor Penalty"":10,""Damage Bonus Dice"":5,""Enabled Attack Index"":1},""probability_percent"":18},{""ability_name"":""Melee Lightning Damage Bonus"",""ability_rawcode"":""A01B"",""base_rawcode"":""AIlx"",""object_data"":{""Chance To Hit Heros (%)"":10,""Chance To Hit Summons (%)"":10,""Chance To Hit Units (%)"":10,""Damage Bonus"":0,""Enabled Attack Index"":0},""probability_percent"":12},{""ability_name"":""HEL: Wizard (Lightning)"",""ability_rawcode"":""A00Z"",""base_rawcode"":""AIlx"",""object_data"":{""Chance To Hit Heros (%)"":30,""Chance To Hit Summons (%)"":30,""Chance To Hit Units (%)"":30,""Damage Bonus"":0,""Enabled Attack Index"":0},""probability_percent"":3},{""ability_name"":""Feedback"",""ability_rawcode"":""A07L"",""base_rawcode"":""Afbt"",""object_data"":{""Damage Ratio - Heros (%)"":1,""Damage Ratio - Units (%)"":1,""Max Mana Drained - Heros"":25,""Max Mana Drained - Units"":25,""Summoned Damage"":10},""probability_percent"":10},{""ability_name"":null,""ability_rawcode"":null,""probability_percent"":57}]},{""group"":3,""outcomes"":[{""ability_name"":""Evasion"",""ability_rawcode"":""A00U"",""base_rawcode"":""ACev"",""object_data"":{""Chance to Evade"":0.15},""probability_percent"":10},{""ability_name"":""Evasion"",""ability_rawcode"":""A00T"",""base_rawcode"":""ACes"",""object_data"":{""Chance to Evade"":0.08},""probability_percent"":22},{""ability_name"":""Evasion"",""ability_rawcode"":""A05J"",""base_rawcode"":""ACev"",""object_data"":{""Chance to Evade"":0.35},""probability_percent"":3},{""ability_name"":null,""ability_rawcode"":null,""probability_percent"":65}]},{""group"":4,""outcomes"":[{""ability_name"":""Bash"",""ability_rawcode"":""A01A"",""base_rawcode"":""ACbh"",""object_data"":{""Chance to Bash"":20,""Chance to Miss"":0,""Damage Bonus"":25,""Damage Multiplier"":0,""Never Miss"":0},""probability_percent"":25},{""ability_name"":null,""ability_rawcode"":null,""probability_percent"":75}]},{""group"":5,""outcomes"":[{""ability_name"":""Critical Strike"",""ability_rawcode"":""A00V"",""base_rawcode"":""ACct"",""object_data"":{""Chance to Critical Strike"":25,""Chance to Evade"":0,""Damage Bonus"":0,""Damage Multiplier"":2.5,""Exclude Item Damage"":""-"",""Never Miss"":0},""probability_percent"":15},{""ability_name"":""Critical Strike"",""ability_rawcode"":""A00D"",""base_rawcode"":""ACct"",""object_data"":{""Chance to Critical Strike"":10,""Chance to Evade"":0,""Damage Bonus"":0,""Damage Multiplier"":2,""Exclude Item Damage"":""-"",""Never Miss"":0},""probability_percent"":25},{""ability_name"":null,""ability_rawcode"":null,""probability_percent"":60}]},{""group"":6,""outcomes"":[{""ability_name"":""Bash"",""ability_rawcode"":""A01U"",""base_rawcode"":""ACbh"",""object_data"":{""Chance to Bash"":5,""Chance to Miss"":0,""Damage Bonus"":999999,""Damage Multiplier"":0,""Never Miss"":0},""probability_percent"":8},{""ability_name"":""Phoenix Fire"",""ability_rawcode"":""A010"",""base_rawcode"":""Apxf"",""object_data"":{""Damage Per Second"":25,""Initial Damage"":75},""probability_percent"":8},{""ability_name"":""Vampiric Aura"",""ability_rawcode"":""A01P"",""base_rawcode"":""ACvp"",""object_data"":{""Attack Damage Stolen (%)"":0.4},""probability_percent"":8},{""ability_name"":""Pulverize"",""ability_rawcode"":""A006"",""base_rawcode"":""ACpv"",""object_data"":{""Chance to Stomp (%)"":30,""Damage Dealt"":100,""Full Damage Radius"":150,""Half Damage Radius"":250},""probability_percent"":10},{""ability_name"":""Demolish"",""ability_rawcode"":""A01R"",""base_rawcode"":""ANde"",""object_data"":{""Chance to Demolish"":100,""Damage Multiplier (Buildings)"":1.5,""Damage Multiplier (Heroes)"":0,""Damage Multiplier (Units)"":0},""probability_percent"":10},{""ability_name"":""Permanent Immolation"",""ability_rawcode"":""A012"",""base_rawcode"":""ANpi"",""object_data"":{""Buffer Mana Required"":0,""Damage per Interval"":33,""Mana Drained per Second"":0},""probability_percent"":3},{""ability_name"":null,""ability_rawcode"":null,""probability_percent"":53}]}],""trait_groups"":[{""group"":1,""outcomes"":[{""ability_id"":1093677113,""probability_percent"":20},{""ability_id"":1093677382,""probability_percent"":35},{""ability_id"":null,""probability_percent"":45}]},{""group"":2,""outcomes"":[{""ability_id"":1093677634,""probability_percent"":18},{""ability_id"":1093677378,""probability_percent"":12},{""ability_id"":1093677146,""probability_percent"":3},{""ability_id"":1093678924,""probability_percent"":10},{""ability_id"":null,""probability_percent"":57}]},{""group"":3,""outcomes"":[{""ability_id"":1093677141,""probability_percent"":10},{""ability_id"":1093677140,""probability_percent"":22},{""ability_id"":1093678410,""probability_percent"":3},{""ability_id"":null,""probability_percent"":65}]},{""group"":4,""outcomes"":[{""ability_id"":1093677377,""probability_percent"":25},{""ability_id"":null,""probability_percent"":75}]},{""group"":5,""outcomes"":[{""ability_id"":1093677142,""probability_percent"":15},{""ability_id"":1093677124,""probability_percent"":25},{""ability_id"":null,""probability_percent"":60}]},{""group"":6,""outcomes"":[{""ability_id"":1093677397,""probability_percent"":8},{""ability_id"":1093677360,""probability_percent"":8},{""ability_id"":1093677392,""probability_percent"":8},{""ability_id"":1093677110,""probability_percent"":10},{""ability_id"":1093677394,""probability_percent"":10},{""ability_id"":1093677362,""probability_percent"":3},{""ability_id"":null,""probability_percent"":53}]}]}"	EE,rollBody,randomizeBloodFiend,onUnitTrained	exact-body-table-roll-thresholds-and-independent-trait-branches	2303544
stasis-totem-global-setup	delayed-stock-trap-hiding-and-per-player-single-totem-tech-caps	map-initialization-after-0.1-seconds-plus-unit-enter-region	"[{""categories"":""units"",""names"":"""",""rawcode"":""otot"",""rawcode_integer"":1869901684},{""categories"":""units"",""names"":""Stasis Totem"",""rawcode"":""h07X"",""rawcode_integer"":1747990360},{""categories"":""units"",""names"":""Healing Totem"",""rawcode"":""h07Y"",""rawcode_integer"":1747990361},{""categories"":""units"",""names"":""Endurance Totem"",""rawcode"":""h07Z"",""rawcode_integer"":1747990362}]"	"{""maximum_allowed_per_player_each"":1,""player_slot_range"":[0,""bj_MAX_PLAYERS-1""],""setup_delay_seconds"":0.1,""stock_stasis_trap_hidden_on_enter"":true,""stock_stasis_trap_name"":""Stasis Trap"",""stock_stasis_trap_rawcode"":""otot"",""stock_stasis_trap_unit_id"":1869901684,""totem_rawcodes"":[""h07X"",""h07Y"",""h07Z""],""totem_unit_ids"":[1747990360,1747990361,1747990362],""totems"":[{""abilities"":""A06V,A032"",""name"":""Stasis Totem"",""rawcode"":""h07X"",""tooltip"":""|cffffac00Utility|r / |cffffac00Legendary|r|n|n|cff80ff00Stasis|r • Stuns all enemy units for |cffffff004 |rseconds. • Cooldown: |cffffff0040|rs.""},{""abilities"":""A06V,A0HT"",""name"":""Healing Totem"",""rawcode"":""h07Y"",""tooltip"":""|cffffac00Utility|r / |cffffac00Legendary|r|n|n|cff80ff00Healing|r • Allied units are healed |cffffff0020|r hp every second, for |cffffff008|r seconds. • Cooldown: |cffffff0040|rs.""},{""abilities"":""A06V,A0HS"",""name"":""Endurance Totem"",""rawcode"":""h07Z"",""tooltip"":""|cffffac00Utility|r / |cffffac00Legendary|r|n|n|cff80ff00Endurance|r • Allies get a |cffffff0033|r% attack and movement increase for |cffffff006|rs. • Cooldown: |cffffff0040|rs.""}]}"	BO,SL,CallbackSingle_doAfter_StasisTrap_call_doAfter_StasisTrap,code__onEnter_doAfter_StasisTrap	exact-delayed-tech-cap-and-enter-region-hide-control-flow	1567258
building-income-synchronization	catalog-authoritative-building-income-cache-correction	delayed-building-lifecycle-income-resync	[]	"{""authoritative_player_income_accumulator"":""iGb[player_id]"",""callback_variants"":[{""callback"":""CallbackSingle_doAfter_addAction_IncomeRuntime_call_doAfter_addAction_IncomeRuntime"",""construction_finished_flag"":true},{""callback"":""CallbackSingle_doAfter_addAction_IncomeRuntime_call_doAfter_addAction_IncomeRuntime1"",""construction_finished_flag"":false}],""delta_formula"":""buildingIncomeSyncDelta(cached,catalog,catalogBuildingIncomeDelta(unit))"",""no_op_when_cached_income_equals_catalog_income"":true,""per_unit_cached_income"":""Eab[unit_income_index]"",""refreshes_current_income_cache_after_change"":true,""requires_can_sync_building_income"":true,""requires_positive_unit_income_index"":true,""uses_building_owner_player_id"":true}"	syncFinishedBuildingIncome,syncBuildingIncome,CallbackSingle_doAfter_addAction_IncomeRuntime_call_doAfter_addAction_IncomeRuntime,CallbackSingle_doAfter_addAction_IncomeRuntime_call_doAfter_addAction_IncomeRuntime1	exact-readable-delayed-building-income-cache-reconciliation	1219956
trained-unit-pathing-recovery	spawn-area-marker-and-conditional-pathing-release-pulse	trained-unit-pathing-tracker	"[{""categories"":""abilities"",""names"":"""",""rawcode"":""A0BG"",""rawcode_integer"":1093681735}]"	"{""caging_disabled_behavior_inside_threshold"":""temporarily disable pathing, issue attack order, restore after pulse"",""caging_disabled_behavior_outside_threshold"":""remove marker ability"",""caging_enabled_behavior"":""remove marker after unit moves farther than 768 from spawn"",""caging_mode_enabled_meaning"":true,""caging_mode_symbol"":""FGb"",""dead_unit_life_threshold"":0.405,""marker_ability_base_rawcode"":""ANcl"",""marker_ability_id"":1093681735,""marker_ability_name"":""Channel"",""marker_ability_rawcode"":""A0BG"",""pathing_disabled_pulse_seconds"":0.7,""pathing_restored_after_pulse"":true,""spawn_distance_threshold"":768.0,""tracker_delay_seconds"":4.0,""tracker_restarts_after_pathing_restore"":true}"	trackTrainedUnitPathing,startTrainedUnitPathingTracker,checkCagedPathingMarker,checkUncagedPathingPulse,finishUncagedPathingPulse,CallbackSingle_doAfter_UnitTrainingRuntime_call_doAfter_UnitTrainingRuntime,CallbackSingle_doAfter_UnitTrainingRuntime_call_doAfter_UnitTrainingRuntime1,CallbackSingle_doAfter_UnitTrainingRuntime_call_doAfter_UnitTrainingRuntime2	exact-readable-trained-unit-pathing-marker-distance-and-delayed-pulse-control-flow	1661152
building-unit-synchronization	allied-production-queue-synchronization-and-order-reset	unit-synchronization-runtime	[]	"{""post_sync_point_offset_absolute"":[38.0,68.0],""post_sync_point_offset_direction"":""subtract for positive-Y building; add otherwise"",""post_sync_point_order_id"":851971,""queue_cancel_order_id"":851976,""queue_cancel_repetitions"":7,""requires_allied_owners"":true,""requires_distinct_live_structure_pair"":true,""requires_positive_spawn_times"":true,""sync_lightning_code"":""LEAS"",""sync_lightning_duration_seconds"":0.625,""synchronized_train_order_repetitions"":2,""valid_pair_spawn_time_comparison"":""source_spawn_time <= target_spawn_time""}"	syncBuilding,isValidSyncPair,unit_resetSpawnQueue,addLight,CallbackSingle_nullTimer_SyncSystem_call_nullTimer_SyncSystem,CallbackSingle_nullTimer_SyncSystem_call_nullTimer_SyncSystem1,CallbackSingle_doAfter_SyncSystem_call_doAfter_SyncSystem1,CallbackSingle_doAfter_SyncSystem_call_doAfter_SyncSystem2	exact-readable-allied-building-sync-validation-queue-orders-and-delayed-light-cleanup	1573943
construction-granted-hidden-building-abilities	construction-finish-hidden-native-ability-grants	building-construction-finish	"[{""categories"":""units"",""names"":""Coral Statue"",""rawcode"":""h00G"",""rawcode_integer"":1747988551},{""categories"":""abilities"",""names"":""Coral Armor Aura"",""rawcode"":""A0HY"",""rawcode_integer"":1093683289},{""categories"":""abilities"",""names"":"""",""rawcode"":""A007"",""rawcode_integer"":1093677111},{""categories"":""units"",""names"":""Turret of Souls"",""rawcode"":""h01O"",""rawcode_integer"":1747988815},{""categories"":""abilities"",""names"":"""",""rawcode"":""A01V"",""rawcode_integer"":1093677398},{""categories"":""units"",""names"":""Elemental Guard Tower"",""rawcode"":""h061"",""rawcode_integer"":1747990065},{""categories"":""abilities"",""names"":"""",""rawcode"":""A03Q"",""rawcode_integer"":1093677905},{""categories"":""abilities"",""names"":""ELE: Boulder"",""rawcode"":""A0EV"",""rawcode_integer"":1093682518}]"	"{""grants"":[{""building_rawcode"":""h00G"",""building_unit_id"":1747988551,""granted_ability_ids"":[1093683289,1093677111],""granted_ability_rawcodes"":[""A0HY"",""A007""],""roles"":[""building-only +8 armor aura"",""friendly-unit +7.5 hp-per-second aura""]},{""building_rawcode"":""h01O"",""building_unit_id"":1747988815,""granted_ability_ids"":[1093677398],""granted_ability_rawcodes"":[""A01V""],""roles"":[""enemy -3 armor corrosion aura""]},{""building_rawcode"":""h061"",""building_unit_id"":1747990065,""granted_ability_ids"":[1093677905,1093682518],""granted_ability_rawcodes"":[""A03Q"",""A0EV""],""roles"":[""source-damage runtime dispatch marker"",""Boulder tooltip/helper marker""]}],""resolved_grants"":[{""building_name"":""Coral Statue"",""building_rawcode"":""h00G"",""building_tooltip"":""|cffffac00Utility|r|n|n|cff80ff00Restoration Aura|r • Increases the hitpoint regeneration of nearby friendly units in 700 range by 7.5 hp/sec and the armor of nearby buildings by 8. The unit heal of Coral Statues stacks with each other, the armor aura does not."",""runtime_granted_abilities"":[{""area"":700.0,""base_rawcode"":""ACav"",""buffs"":[""B02G""],""name"":""Coral Armor Aura"",""object_data"":{""Armor Bonus"":8,""Percent Bonus"":0},""rawcode"":""A0HY"",""targets"":""friend,invulnerable,self,structure,vulnerable""},{""area"":700.0,""base_rawcode"":""ACnr"",""buffs"":[],""name"":""Life Regeneration Aura"",""object_data"":{""Amount of Hit Points Regenerated"":7.5,""Percentage"":0},""rawcode"":""A007"",""targets"":""air,friend,ground,invulnerable,vulnerable""}],""static_abilities"":[""A07V"",""A09A""]},{""building_name"":""Turret of Souls"",""building_rawcode"":""h01O"",""building_tooltip"":""|cffffac00Tower|r|n|nAttack |cff959697(all)|r: Chaos (|cffffff00800|r range, |cffffff0075|r dps)|nArmor: Fortified (|cffffff005|r) / HP: |cffffff001500|r (|cffffff00+2|r/s)|n|n|cff80ff00Soul Steal|r • Attacks have a |cffffff005|r% chance to instantly kill their target.|n|n|cff80ff00Corrosion|r • Enemies nearby have their armor reduced by |cffffff003|r until they leave the area."",""runtime_granted_abilities"":[{""area"":500.0,""base_rawcode"":""AHad"",""buffs"":[""B004""],""name"":""Devotion Aura"",""object_data"":{""Armor Bonus"":-3,""Percent Bonus"":0},""rawcode"":""A01V"",""targets"":""air,enemies,ground,vulnerable""}],""static_abilities"":[""A01U"",""A09A""]},{""building_name"":""Elemental Guard Tower"",""building_rawcode"":""h061"",""building_tooltip"":""|cffffac00Tower|r|n|nAttack |cff959697(all)|r: Chaos (|cffffff00900|r range, |cffffff0079|r dps)|nArmor: Fortified (|cffffff005|r) / HP: |cffffff001500|r (|cffffff00+2|r/s)|n|n|cff80ff00Avalanche|r • Attacks have a |cffffff0040|r% chance to additionally hurl a boulder that does |cffffff00100|r spell damage and stuns the target for |cffffff0010|rs."",""runtime_granted_abilities"":[{""area"":null,""base_rawcode"":""ANcl"",""buffs"":[],""name"":""Channel"",""object_data"":{""Art Duration"":0.98,""Base Order ID"":""channel"",""Disable Other Abilities"":1,""Follow Through Time"":180,""Options"":0,""Target Type"":0},""rawcode"":""A03Q"",""targets"":""_""},{""area"":null,""base_rawcode"":""Amgl"",""buffs"":[],""name"":""ELE: Boulder"",""object_data"":{},""rawcode"":""A0EV"",""targets"":""_""}],""static_abilities"":[""A09A""]}]}"	iD	exact-construction-finish-unit-type-branches-and-ability-grants	1735248
energy-tower-energy-burst	damage-event-15-percent-chain-lightning-dummy-proc	source-damage-event-from-h05L-with-A03Q-runtime-marker	"[{""categories"":""units"",""names"":""Energy Tower"",""rawcode"":""h05L"",""rawcode_integer"":1747989836},{""categories"":""units"",""names"":""dummy"",""rawcode"":""e008"",""rawcode_integer"":1697656888},{""categories"":""abilities"",""names"":"""",""rawcode"":""A09T"",""rawcode_integer"":1093679444},{""categories"":""abilities"",""names"":"""",""rawcode"":""A03Q"",""rawcode_integer"":1093677905}]"	"{""dummy_timed_life_seconds"":4,""dummy_unit_id"":1697656888,""dummy_unit_rawcode"":""e008"",""effect_ability_id"":1093679444,""effect_ability_name"":""Chain Lightning"",""effect_ability_rawcode"":""A09T"",""effect_damage"":50,""effect_damage_reduction_per_bounce"":0.15,""effect_object_data"":{""Damage Reduction per Target"":0.15,""Damage per Target"":50,""Number of Targets Hit"":8},""effect_target_count"":8,""proc_probability_percent"":15,""protected_effect_cooldown_seconds"":0.0,""protected_effect_mana_cost"":0.0,""source_name"":""Energy Tower"",""source_rawcode"":""h05L"",""source_tooltip"":""|cffffac00Tower|r|n|nAttack |cff959697(all)|r: Chaos (|cffffff00600|r range, |cffffff0055|r dps)|nArmor: Fortified (|cffffff005|r) / HP: |cffffff001500|r (|cffffff00+2|r/s)|n|n|cff80ff00Bouncing Attack|r • Attacks hit |cffffff003|r targets, each bounce does |cffffff0030|r% less damage than its predecessor.|n|n|cff80ff00Energy Burst|r • Attacks have a |cffffff0015|r% chance to release a chain lightning, which does |cffffff0050|r spell damage to |cffffff008|r targets. Each bounce does |cffffff0020|r% less than its predecessor."",""source_unit_id"":1747989836,""static_effect_cooldown_seconds"":99.0,""static_effect_mana_cost"":9999.0,""target_order_id"":852119,""tooltip_advertised_damage_reduction_per_bounce"":0.2,""tooltip_object_discrepancy_preserved"":true}"	handleSourceDamageEffects,h05LAttackProc	exact-source-type-dispatch-random-threshold-dummy-cast-plus-linked-ability-object	3021723
elemental-guard-tower-avalanche	damage-event-40-percent-hurl-boulder-dummy-proc	source-damage-event-from-h061-with-construction-granted-A03Q-marker	"[{""categories"":""units"",""names"":""Elemental Guard Tower"",""rawcode"":""h061"",""rawcode_integer"":1747990065},{""categories"":""abilities"",""names"":"""",""rawcode"":""A03Q"",""rawcode_integer"":1093677905},{""categories"":""abilities"",""names"":""ELE: Boulder"",""rawcode"":""A0EV"",""rawcode_integer"":1093682518},{""categories"":""units"",""names"":""dummy"",""rawcode"":""e008"",""rawcode_integer"":1697656888},{""categories"":""abilities"",""names"":""ELE: Elemental Guard Tower (Boulder)"",""rawcode"":""A0DC"",""rawcode_integer"":1093682243}]"	"{""A0EV_tooltip_advertised_proc_probability_percent"":70,""dummy_timed_life_seconds"":4,""dummy_unit_id"":1697656888,""dummy_unit_rawcode"":""e008"",""effect_ability_id"":1093682243,""effect_ability_name"":""ELE: Elemental Guard Tower (Boulder)"",""effect_ability_rawcode"":""A0DC"",""effect_damage"":100,""effect_duration_hero_seconds"":5.0,""effect_duration_normal_seconds"":10.0,""effect_object_data"":{""Damage"":100},""helper_ability_name"":""ELE: Boulder"",""helper_ability_tooltip"":""Has a 70% chance to stun unit for 10 seconds and deal 100 additional damage."",""hero_target_stun_seconds"":5,""normal_target_stun_seconds"":10,""proc_probability_percent"":40,""protected_effect_cooldown_seconds"":0.1,""protected_effect_mana_cost"":0.0,""runtime_probability_overrides_helper_tooltip"":true,""source_name"":""Elemental Guard Tower"",""source_rawcode"":""h061"",""source_tooltip"":""|cffffac00Tower|r|n|nAttack |cff959697(all)|r: Chaos (|cffffff00900|r range, |cffffff0079|r dps)|nArmor: Fortified (|cffffff005|r) / HP: |cffffff001500|r (|cffffff00+2|r/s)|n|n|cff80ff00Avalanche|r • Attacks have a |cffffff0040|r% chance to additionally hurl a boulder that does |cffffff00100|r spell damage and stuns the target for |cffffff0010|rs."",""source_unit_id"":1747990065,""static_effect_cooldown_seconds"":99.0,""static_effect_mana_cost"":9999.0,""target_order_id"":852252,""tooltip_helper_ability_id"":1093682518,""tooltip_helper_ability_rawcode"":""A0EV""}"	iD,handleSourceDamageEffects,boulderAttackProc,applyProtectedAbilityFieldsForJassAdd	exact-construction-grant-source-type-dispatch-random-threshold-dummy-cast-and-protected-effect-fields	1735248
ancient-of-wonders-call-of-nature-wisps	live-forest-wisp-release-bash-death-damage-and-slow-aura	h02D-A0BS-cast-releases-h06B;h06B-death	"[{""categories"":""units"",""names"":""Ancient of Wonders"",""rawcode"":""h02D"",""rawcode_integer"":1747989060},{""categories"":""abilities"",""names"":""NAT: Ancient of Wonders (dummy)"",""rawcode"":""A0BS"",""rawcode_integer"":1093681747},{""categories"":""units"",""names"":""Wisp"",""rawcode"":""h06B"",""rawcode_integer"":1747990082},{""categories"":""abilities"",""names"":""NAT: Wisp (stun)"",""rawcode"":""A0EM"",""rawcode_integer"":1093682509},{""categories"":""units"",""names"":""dummy"",""rawcode"":""e008"",""rawcode_integer"":1697656888},{""categories"":""abilities"",""names"":"""",""rawcode"":""A0ES"",""rawcode_integer"":1093682515}]"	"{""attack_speed_factor"":0.0,""death_damage_amount"":160,""death_damage_attack_type"":""normal"",""death_damage_radius"":350,""death_damage_type"":""magic"",""death_dummy_rawcode"":""e008"",""death_dummy_unit_id"":1697656888,""movement_speed_factor"":-0.8,""pool_accessor_function"":""sA"",""pool_group_count"":4,""pool_initializer_function"":""MC"",""pool_initializer_named_callers"":[],""pool_initializer_registered_in_protected_dispatch"":true,""pool_slot_count"":20,""pool_slots_per_group"":5,""pool_storage_symbol"":""WHb"",""production_reachability_proven"":true,""release_adds_sapper_type"":true,""release_issues_attack_order"":true,""release_iterations"":6,""release_period_seconds"":0.3,""release_removes_gather_ability_id"":1098344545,""release_timed_life_seconds"":42,""runtime_death_damage_overrides_tooltip"":true,""slow_aura_ability_id"":1093682515,""slow_aura_ability_rawcode"":""A0ES"",""slow_aura_buff_rawcodes"":[""B02D""],""slow_aura_name"":""Slow Aura"",""slow_aura_object_data"":{""Always Autocast"":"" - "",""Attack Speed Factor"":0,""Movement Speed Factor"":-0.8},""slow_aura_radius"":350,""slow_aura_targets"":""air,enemies,ground,invulnerable,sapper,vulnerable,ward"",""slow_aura_timed_life_seconds"":8,""source_building_name"":""Ancient of Wonders"",""source_building_rawcode"":""h02D"",""source_building_tooltip"":""|cffffac00Utility|r / |cffffac00Legendary|r|n|n|cff80ff00Call of Nature|r • Summons forest spirits which attack enemy units with 50% chance to stun it and whenever a wisp dies it explodes dealing 150 |cff8080ffspell damage|r in 350 range • Cooldown: |cffffff0040|rs."",""source_building_unit_id"":1747989060,""source_spell_ability_id"":1093681747,""source_spell_ability_rawcode"":""A0BS"",""source_spell_name"":""NAT: Ancient of Wonders (dummy)"",""tooltip_advertised_death_damage"":150,""wisp_attack_cooldown_seconds"":1.0,""wisp_attack_damage_max"":1.0,""wisp_attack_damage_min"":1.0,""wisp_attack_range"":30.0,""wisp_bash_duration_seconds"":2.0,""wisp_bash_name"":""NAT: Wisp (stun)"",""wisp_bash_object_data"":{""Chance to Bash"":50,""Chance to Miss"":0,""Damage Bonus"":0,""Damage Multiplier"":0,""Never Miss"":0},""wisp_combat_stats_source"":""protected-unit-stats"",""wisp_name"":""Wisp"",""wisp_native_bash_ability_id"":1093682509,""wisp_native_bash_ability_rawcode"":""A0EM"",""wisp_native_bash_chance_percent"":50,""wisp_rawcode"":""h06B"",""wisp_runtime_hp"":50.0,""wisp_runtime_move_speed"":350.0,""wisp_unit_id"":1747990082}"	MC,sA,BuildingSpellClosure_registerBuildingSpell_RaceNatureAbilities_cast_registerBuildingSpell_RaceNatureAbilities,CallbackPeriodic_doPeriodically_RaceNatureAbilities_call_doPeriodically_RaceNatureAbilities,fJ,ForGroupCallback_forUnitsInRange_RaceElementalAbilities_callback_forUnitsInRange_RaceElementalAbilities	exact-live-building-pool-data-dependency-release-and-death-payload	1434814
protected-runtime-ledger-integrity-penalty	protected-integrity-drift-delayed-ledger-penalty	protected-integrity-drift;single-delayed-settlement-while-production-flag-active	"[{""categories"":"""",""names"":"""",""rawcode"":""ratf"",""rawcode_integer"":1918989414}]"	"{""branch_0_coordinate_formula"":""-8192 + ((lane*73 + (counter mod 59)) mod 512)"",""branch_0_effect"":""create-item"",""branch_0_item_id"":1918989414,""branch_0_item_rawcode"":""ratf"",""branch_0_y_coordinate_inputs"":""lane=11-lane;counter=counter+17"",""branch_1_effect"":""selected-lane-player gold +1"",""branch_2_effect"":""selected-lane-player lumber +1"",""branch_formula"":""(counter + lane) mod 3"",""callback_constructor"":""mz:create1035"",""callback_constructor_reached_through_protected_vm"":true,""callback_constructor_readable_named_callers"":[],""cf_building_catalog_drift_vm_index"":9,""cf_building_catalog_integrity"":{""all_catalog_drift_routes_through_vm9_to_runtime_ledger"":true,""catalog_and_pool_integrity_run_before_each_active_pool_reset"":true,""catalog_integrity_seals_catalog"":true,""catalog_integrity_vm_index"":14,""catalog_race_count_mismatch_drift_salt"":1337,""catalog_sealed_initial_state"":false,""catalog_sealed_symbol"":""Krb"",""catalog_total_building_count_mismatch_drift_salt"":1327,""classification"":""anti-tamper-integrity-infrastructure"",""constructed_after_seal_drift_salt"":1361,""constructed_after_seal_vm_index"":8,""construction_hook_runs_before_building_id_initialization"":true,""expected_race_catalog_count"":15,""expected_race_catalog_count_symbol"":""Prb"",""expected_total_registered_buildings"":240,""expected_total_registered_buildings_symbol"":""Qrb"",""import_policy"":""validation only; do not model as Castle Fight gameplay mechanics"",""observed_race_catalog_count_symbol"":""Nrb"",""observed_total_registered_buildings_symbol"":""Orb"",""pool_entry_null_drift_salt"":1301,""pool_entry_treasure_box_exception_rawcode"":""h008"",""pool_entry_treasure_box_exception_rawcode_integer"":1747988536,""pool_entry_unregistered_drift_salt"":1319,""pool_entry_validation_vm_index"":12,""pool_integrity_iterates_all_authored_building_tiers"":true,""pool_integrity_iterates_each_authored_tier_pool"":true,""pool_integrity_vm_index"":7,""pool_tier_mismatch_drift_salt"":1321,""pool_tier_validation_delegates_entry_validation"":true,""pool_tier_validation_vm_index"":13,""race_registration_begin_post_seal_drift_salt"":1201,""race_registration_expected_sequence_count"":15,""race_registration_expected_sequence_vm_index"":10,""race_registration_expected_sequences_independently_locked_by_race_extractor"":true,""race_registration_finish_drift_salts"":[1249,1277,1283],""race_registration_finish_uses_string_length_and_hash"":true,""race_registration_finish_validates_accumulated_count"":true,""race_registration_finish_validates_accumulated_rawcode_sequence"":true,""race_registration_finish_vm_index"":11,""race_registration_missing_expected_sequence_drift_salt"":1213,""race_registration_null_building_drift_salt"":1223,""race_registration_record_post_seal_drift_salt"":1231,""record_appends_building_rawcode_to_current_race_sequence"":true,""record_increments_total_and_current_race_counts"":true,""record_marks_building_registered_via_catalog"":true,""ultimate_builder_rawcode"":""X075"",""ultimate_builder_rawcode_integer"":1479554869},""classification"":""anti-tamper-integrity-infrastructure"",""counter_observed_bootstrap_value"":0,""first_variance_queues_once"":true,""hint_signal_increment_formula"":""IW += hint + 17"",""import_policy"":""integrity/anti-tamper infrastructure; do not model as ordinary Castle Fight economy"",""integrity_variance_vm_sources"":[{""source"":""ability-field-source-integrity"",""vm_index"":5},{""source"":""cf-building-catalog-drift"",""vm_index"":9},{""source"":""perk-registration-integrity"",""vm_index"":50},{""source"":""perk-catalog-size-drift"",""vm_index"":51},{""source"":""perk-catalog-order-drift"",""vm_index"":52},{""source"":""perk-catalog-fingerprint-drift"",""vm_index"":53},{""source"":""perk-catalog-entry-drift"",""vm_index"":54},{""source"":""perk-catalog-seal-drift"",""vm_index"":55},{""source"":""perk-catalog-signature-drift"",""vm_index"":56},{""source"":""perk-catalog-token-drift"",""vm_index"":57},{""source"":""unit-stub-sentinel-integrity"",""vm_index"":86},{""source"":""ability-stub-sentinel-integrity"",""vm_index"":87},{""source"":""source-owned-ability-stub-sentinel-integrity"",""vm_index"":88},{""source"":""unit-object-metadata-integrity"",""vm_index"":93},{""source"":""unit-object-upgrade-metadata-integrity"",""vm_index"":94},{""source"":""unit-stat-integrity"",""vm_index"":95},{""source"":""unit-stat-source-integrity"",""vm_index"":96}],""lane_formula_with_local_player"":""(local-player-id + counter) mod 12"",""lane_formula_without_local_player"":""counter mod 12"",""ledger_queued_symbol"":""JW"",""ledger_signal_symbol"":""IW"",""map_label_missing_marker_hint"":827,""map_label_shorter_than_expected_hint"":811,""map_label_wrong_prefix_hint"":823,""normal_untampered_gameplay_expected_to_trigger"":false,""production_gate_symbol"":""Pcb"",""production_reachability_proven"":true,""race_registrar_live_callers"":[""AK"",""CK"",""EK"",""GK"",""IK"",""KK"",""QK"",""UK"",""WK"",""aL"",""kK"",""nK"",""pK"",""qK"",""wK""],""race_registrar_vm_index"":1,""scheduler_delay_max_seconds"":300,""scheduler_delay_min_seconds"":120,""scheduler_delay_random_function"":""GetRandomReal"",""scheduler_vm_index"":91,""settlement_uses_signal_value_at_callback_time"":true,""variance_counter_symbol"":""HW"",""variance_last_salt_symbol"":""GW"",""variance_signal_increment_formula"":""IW += drift_salt + 31"",""watermark_initial_review_delay_seconds"":1.5,""watermark_missing_hint"":829,""watermark_review_delay_max_seconds"":180,""watermark_review_delay_min_seconds"":90,""watermark_text_mismatch_hint"":839}"	CFRace_CFRace_registerBuildings__w3p_vmProtect,recordCFBuildingCatalogDrift__w3p_vmProtect,cF,CFBuilding_CFBuilding_setup,beginCFRaceBuildingRegistration__w3p_vmProtect,recordCFRaceBuilding__w3p_vmProtect,getExpectedCFRaceBuildingSequence__w3p_vmProtect,finishCFRaceBuildingRegistration__w3p_vmProtect,noteCFBuildingConstructed__w3p_vmProtect,assertCFBuildingAllowedInPool__w3p_vmProtect,assertCFBuildingPoolTier__w3p_vmProtect,assertCFBuildingCatalogIntegrity__w3p_vmProtect,assertBuildingPoolsIntegrity__w3p_vmProtect,resetPool,LLItrClosure_forEach_BuildingPools_run_forEach_BuildingPools1,noteLedgerVariance__w3p_vmProtect,noteLedgerHint__w3p_vmProtect,BI,reviewMapLabel__w3p_vmProtect,reviewWatermark__w3p_vmProtect,scheduleWatermarkReview__w3p_vmProtect,CallbackSingle_doAfter_MapWatermark_call_doAfter_MapWatermark,CallbackSingle_doAfter_MapWatermark_call_doAfter_MapWatermark1,localLedgerLane,ledgerCoord,settleLedger__w3p_vmProtect,CallbackSingle_doAfter_RuntimeLedger_call_doAfter_RuntimeLedger,mz:create1035	exact-readable-settlement-plus-statically-decoded-protected-building-catalog-pool-and-integrity-scheduler	588182
