unit_rawcode	unit_name	production_building_rawcode	production_building_names	ability_rawcode	ability_name	ability_tip	ability_ubertip	effective_mana_cost	effective_cooldown	target_mode	target_mode_label	base_order	mechanic_kind	direct_calls	helper_functions	delayed_callback_functions	scheduled_delays_json	periodic_intervals_json	random_real_ranges_json	direct_effect_rawcodes	reachable_effect_objects_json	handler_function	evidence_kind	byte_offset
e000	Faerie Dragon	h00B	Fountain of Wonders	A0CG	NEL: Faerie Dragon (heal)	Heal	Heals a target friendly non-mechanical wounded unit for <Ahea,DataA1> hit points.	20	6.0	2	ally-ground	heal	scheduled-callback	doAfter,ww:create938		CallbackSingle_doAfter_RaceNelfAbilities_call_doAfter_RaceNelfAbilities1	"[""1.2""]"	[]	[]		[]	UnitSpellClosure_registerUnitSpellWithTargetOrder_RaceNelfAbilities_cast_registerUnitSpellWithTargetOrder_RaceNelfAbilities2	static-named-call-and-dispatch-evidence	1481554
e006	Dryad	h013	Ancient of Growth	A004	NAT: Dryad (natures touch)	Heal	Heals a target friendly non-mechanical wounded unit for <Ahea,DataA1> hit points.	35	15.0	2	ally-ground	heal	apply-protected-ability	Rv:create911,__wurst_safe_DestroyEffect,addEffect1,addProtectedAbility,doAfter		CallbackSingle_doAfter_RaceNatureAbilities_call_doAfter_RaceNatureAbilities2	"[""0.6""]"	[]	[]		[]	UnitSpellClosure_registerUnitSpellWithTargetOrder_RaceNatureAbilities_cast_registerUnitSpellWithTargetOrder_RaceNatureAbilities2	static-named-call-and-dispatch-evidence	1473494
e007	Druid	h088	Moon Shrine	A07P	Parasite	Parasite	Afflicts a target enemy unit with a deadly parasite that deals <ANpa,DataA1> damage per second for <ANpa,Dur1> seconds. If the afflicted unit dies while under the effect of Parasite, a minor minion will spawn from its corpse.	30	14.0	0	enemy-ground-combat-sapper	parasite	dummy-target-ability-from-owner	dummyCastTargetFrom1,unit_getOwner,unit_getPos			[]	[]	[]	A07A	"[{""ability_level1"":{""area"":""-"",""buffs"":""BEer"",""data_fields_labeled_json"":""{\""Damage per Second\"":15}"",""duration_hero"":""1.25"",""duration_normal"":""5"",""name"":""Entangling Roots"",""range"":""900"",""targets"":""enemies,ground,neutral""},""categories"":""abilities"",""hops"":0,""names"":"""",""path"":[""UnitSpellClosure_registerUnitSpellWithTargetOrder_RaceNelfAbilities_cast_registerUnitSpellWithTargetOrder_RaceNelfAbilities""],""rawcode"":""A07A"",""rawcode_integer"":1093678913}]"	UnitSpellClosure_registerUnitSpellWithTargetOrder_RaceNelfAbilities_cast_registerUnitSpellWithTargetOrder_RaceNelfAbilities	static-named-call-and-dispatch-evidence	1480933
e009	Keeper of the Grove	h01H	Ancient of Life	A0BT	NAT: Keeper of the Groove (natures touch)	Heal	Heals a target friendly non-mechanical wounded unit for <Ahea,DataA1> hit points.	25	8.0	2	ally-ground	heal	apply-protected-ability	Sv:create912,__wurst_safe_DestroyEffect,addEffect1,addProtectedAbility,doAfter		CallbackSingle_doAfter_RaceNatureAbilities_call_doAfter_RaceNatureAbilities3	"[""0.6""]"	[]	[]		[]	UnitSpellClosure_registerUnitSpellWithTargetOrder_RaceNatureAbilities_cast_registerUnitSpellWithTargetOrder_RaceNatureAbilities3	static-named-call-and-dispatch-evidence	1473995
e00C	Ancient Keeper	h01J	Ancient of Eternity	A0BX	NAT: Ancient Keeper (treants sprout)	Parasite	Afflicts a target enemy unit with a deadly parasite that deals <ANpa,DataA1> damage per second for <ANpa,Dur1> seconds. If the afflicted unit dies while under the effect of Parasite, a minor minion will spawn from its corpse.	200	30.0	0	enemy-ground-combat-sapper	parasite	delegated-helper	keeperSpell	keeperSpell		[]	[]	[]		[]	UnitSpellClosure_registerUnitSpellWithTargetOrder_RaceNatureAbilities_cast_registerUnitSpellWithTargetOrder_RaceNatureAbilities4	static-named-call-and-dispatch-evidence	1474496
e00F	Mountain Giant	h028	Monolith	A0BJ	NAT: Mountain Giant (taunt dummy)	Parasite	Afflicts a target enemy unit with a deadly parasite that deals <ANpa,DataA1> damage per second for <ANpa,Dur1> seconds. If the afflicted unit dies while under the effect of Parasite, a minor minion will spawn from its corpse.	0	15.0	0	enemy-ground-combat-sapper	parasite	unit-immediate-order	Yv:create918,doAfter,unit_issueImmediateOrderById		CallbackSingle_doAfter_RaceNatureAbilities_call_doAfter_RaceNatureAbilities6	"[""0.6""]"	[]	[]		[]	UnitSpellClosure_registerUnitSpellWithTargetOrder_RaceNatureAbilities_cast_registerUnitSpellWithTargetOrder_RaceNatureAbilities6	static-named-call-and-dispatch-evidence	1475082
e00J	Sage Druid	h07D	Moon Altar	A07R	Parasite	Parasite	Afflicts a target enemy unit with a deadly parasite that deals <ANpa,DataA1> damage per second for <ANpa,Dur1> seconds. If the afflicted unit dies while under the effect of Parasite, a minor minion will spawn from its corpse.	35	14.0	0	enemy-ground-combat-sapper	parasite	delegated-helper	assassinSpell	assassinSpell		[]	[]	[]		"[{""ability_level1"":{""area"":""-"",""buffs"":""BEer"",""data_fields_labeled_json"":""{\""Damage per Second\"":35}"",""duration_hero"":""2"",""duration_normal"":""6"",""name"":""Entangling Roots"",""range"":""1000"",""targets"":""enemies,ground,neutral""},""categories"":""abilities"",""hops"":1,""names"":"""",""path"":[""UnitSpellClosure_registerUnitSpellWithTargetOrder_RaceNelfAbilities_cast_registerUnitSpellWithTargetOrder_RaceNelfAbilities1"",""assassinSpell""],""rawcode"":""A07Q"",""rawcode_integer"":1093678929}]"	UnitSpellClosure_registerUnitSpellWithTargetOrder_RaceNelfAbilities_cast_registerUnitSpellWithTargetOrder_RaceNelfAbilities1	static-named-call-and-dispatch-evidence	1481295
h00W	Wizard	h00X	Tower of Supreme Magic	A00X	HEL: Wizard (Heal (dummy))	Heal	Heals a target friendly non-mechanical wounded unit for <Ahea,DataA1> hit points.	70	12.0	2	ally-ground	heal	dummy-target-ability-from-caster	Ou:create858,doAfter,dummyCastTargetFrom		CallbackSingle_doAfter_RaceElvenAbilities_call_doAfter_RaceElvenAbilities	"[""0.8""]"	[]	[]	A00Y	"[{""ability_level1"":{""area"":""500"",""buffs"":"""",""data_fields_labeled_json"":""{\""Damage Reduction per Target\"":0.2,\""Damage per Target\"":300,\""Number of Targets Hit\"":6}"",""duration_hero"":""0"",""duration_normal"":""0"",""name"":""HEL: Wizard (Heal)"",""range"":""900"",""targets"":""air,ground,friend,self,vuln,invu,organic""},""categories"":""abilities"",""hops"":0,""names"":""HEL: Wizard (Heal)"",""path"":[""UnitSpellClosure_registerUnitSpellWithTargetOrder_RaceElvenAbilities_cast_registerUnitSpellWithTargetOrder_RaceElvenAbilities2""],""rawcode"":""A00Y"",""rawcode_integer"":1093677145}]"	UnitSpellClosure_registerUnitSpellWithTargetOrder_RaceElvenAbilities_cast_registerUnitSpellWithTargetOrder_RaceElvenAbilities2	static-named-call-and-dispatch-evidence	1447210
h03B	Crusader	h037	Chapel	A03K	HUM: Crusader/Paladin Heal	Heal	Heals a target friendly non-mechanical wounded unit for <Ahea,DataA1> hit points.	66	7.0	2	ally-ground	heal	unit-target-order	Vu:create865,doAfter,unit_issueTargetOrderById		CallbackSingle_doAfter_RaceHumanAbilities_call_doAfter_RaceHumanAbilities	"[""1""]"	[]	[]		[]	UnitSpellClosure_registerUnitSpellWithTargetOrder_RaceHumanAbilities_cast_registerUnitSpellWithTargetOrder_RaceHumanAbilities	static-named-call-and-dispatch-evidence	1453221
h03C	Paladin	h038	Church	A03K	HUM: Crusader/Paladin Heal	Heal	Heals a target friendly non-mechanical wounded unit for <Ahea,DataA1> hit points.	66	7.0	2	ally-ground	heal	delegated-helper	churchSpell	churchSpell		[]	[]	[]		"[{""ability_level1"":{""area"":""-"",""buffs"":"""",""data_fields_labeled_json"":""{\""Max Life Gained\"":100}"",""duration_hero"":""0"",""duration_normal"":""0"",""name"":""Item Life Bonus"",""range"":""-"",""targets"":""_""},""categories"":""abilities"",""hops"":1,""names"":"""",""path"":[""UnitSpellClosure_registerUnitSpellWithTargetOrder_RaceHumanAbilities_cast_registerUnitSpellWithTargetOrder_RaceHumanAbilities1"",""churchSpell""],""rawcode"":""A03L"",""rawcode_integer"":1093677900}]"	UnitSpellClosure_registerUnitSpellWithTargetOrder_RaceHumanAbilities_cast_registerUnitSpellWithTargetOrder_RaceHumanAbilities1	static-named-call-and-dispatch-evidence	1453606
h03V	Master Of Elements	h04E	Tower of Elder Knowledge	A0E1	Parasite	Parasite	Afflicts a target enemy unit with a deadly parasite that deals <ANpa,DataA1> damage per second for <ANpa,Dur1> seconds. If the afflicted unit dies while under the effect of Parasite, a minor minion will spawn from its corpse.	0	8.0	0	enemy-ground-combat-sapper	parasite	delegated-helper	onMasterSpell	onMasterSpell		[]	[]	[]		"[{""categories"":""units"",""hops"":2,""names"":"""",""path"":[""UnitSpellClosure_registerUnitSpellWithTargetOrder_MasterOfElements_cast_registerUnitSpellWithTargetOrder_MasterOfElements"",""onMasterSpell"",""onLightningBolt""],""rawcode"":""h03H"",""rawcode_integer"":1747989320,""unit_object"":{""abilities"":""Avul,Aloc"",""attack1_targets"":""ground,structure,debris,item,ward"",""attack1_type"":""normal"",""attack1_weapon_type"":""normal"",""move_speed"":""270"",""name"":""Footman""}},{""categories"":""units"",""hops"":2,""names"":"""",""path"":[""UnitSpellClosure_registerUnitSpellWithTargetOrder_MasterOfElements_cast_registerUnitSpellWithTargetOrder_MasterOfElements"",""onMasterSpell"",""spawnSnowMissileFanStep""],""rawcode"":""h068"",""rawcode_integer"":1747990072,""unit_object"":{""abilities"":""Avul,Aloc"",""attack1_targets"":""ground,structure,debris,item,ward"",""attack1_type"":""normal"",""attack1_weapon_type"":""normal"",""move_speed"":""270"",""name"":""Footman""}}]"	UnitSpellClosure_registerUnitSpellWithTargetOrder_MasterOfElements_cast_registerUnitSpellWithTargetOrder_MasterOfElements	static-named-call-and-dispatch-evidence	1294101
h062	Mana Generator			A0EK	Channel	Mana Transfusion	Transfers 0.30 mana per minute to the targeted building. Targeted building can not be changed to another one. For nonelemental buildings mana regeneration is twice slow.	0	0	3	ally-structure	absorb	delegated-helper	improveSpecialBuilding	improveSpecialBuilding		[]	[]	[]		"[{""ability_level1"":{""area"":""-"",""buffs"":"""",""data_fields_labeled_json"":""{\""Art Duration\"":0.98,\""Base Order ID\"":\""roar\"",\""Disable Other Abilities\"":1,\""Follow Through Time\"":180,\""Options\"":0,\""Target Type\"":0}"",""duration_hero"":""0"",""duration_normal"":""0"",""name"":""Elemental Building"",""range"":""500"",""targets"":""_""},""categories"":""abilities"",""hops"":1,""names"":""Elemental Building"",""path"":[""UnitSpellClosure_registerUnitSpellWithTargetOrder_RaceElementalAbilities_cast_registerUnitSpellWithTargetOrder_RaceElementalAbilities"",""improveSpecialBuilding""],""rawcode"":""A0DS"",""rawcode_integer"":1093682259},{""ability_level1"":{""area"":""-"",""buffs"":"""",""data_fields_labeled_json"":""{\""Art Duration\"":0.98,\""Base Order ID\"":\""absorb\"",\""Disable Other Abilities\"":1,\""Follow Through Time\"":0.98,\""Options\"":17,\""Target Type\"":1}"",""duration_hero"":""0"",""duration_normal"":""0"",""name"":""Channel"",""range"":""500"",""targets"":""friend,structure""},""categories"":""abilities"",""hops"":1,""names"":"""",""path"":[""UnitSpellClosure_registerUnitSpellWithTargetOrder_RaceElementalAbilities_cast_registerUnitSpellWithTargetOrder_RaceElementalAbilities"",""improveSpecialBuilding""],""rawcode"":""A0EK"",""rawcode_integer"":1093682507},{""ability_level1"":{""area"":""500"",""buffs"":"""",""data_fields_labeled_json"":""{\""Amount Regenerated\"":0.15,\""Percentage\"":0}"",""duration_hero"":""0"",""duration_normal"":""0"",""name"":""Mana Regeneration"",""range"":""-"",""targets"":""structure,self""},""categories"":""abilities"",""hops"":1,""names"":"""",""path"":[""UnitSpellClosure_registerUnitSpellWithTargetOrder_RaceElementalAbilities_cast_registerUnitSpellWithTargetOrder_RaceElementalAbilities"",""improveSpecialBuilding""],""rawcode"":""A0EL"",""rawcode_integer"":1093682508}]"	UnitSpellClosure_registerUnitSpellWithTargetOrder_RaceElementalAbilities_cast_registerUnitSpellWithTargetOrder_RaceElementalAbilities	static-named-call-and-dispatch-evidence	1435574
h06U	Mine Layer	h09J	Mine Layer Factory	A095	Parasite	Parasite	Afflicts a target enemy unit with a deadly parasite that deals <ANpa,DataA1> damage per second for <ANpa,Dur1> seconds. If the afflicted unit dies while under the effect of Parasite, a minor minion will spawn from its corpse.	25	0.0	6	immediate-enemy-special-unit	parasite	delegated-helper	mineLayerSpell	mineLayerSpell		[]	[]	[]		"[{""categories"":""units"",""hops"":1,""names"":""MineDummy"",""path"":[""UnitSpellClosure_registerUnitSpellWithTargetOrderEffect_RaceMechAbilities_cast_registerUnitSpellWithTargetOrderEffect_RaceMechAbilities"",""mineLayerSpell""],""rawcode"":""h09M"",""rawcode_integer"":1747990861,""unit_object"":{""abilities"":""Aloc,Avul"",""attack1_targets"":""ground"",""attack1_type"":""chaos"",""attack1_weapon_type"":""artillery"",""move_speed"":""270"",""name"":""MineDummy""}}]"	UnitSpellClosure_registerUnitSpellWithTargetOrderEffect_RaceMechAbilities_cast_registerUnitSpellWithTargetOrderEffect_RaceMechAbilities	static-named-call-and-dispatch-evidence	1459458
h074	Holy Warrior	h072	Holy Altar	A0I0	Prayer	Heal	Heals a target friendly non-mechanical wounded unit for <Ahea,DataA1> hit points.	50	20.0	2	ally-ground	heal	multi-ability-carrier	cv:create872,doAfter,dummyCarrierWithAbilities1,unit_getOwner,unit_getPos,unit_issueImmediateOrderById		CallbackSingle_doAfter_RaceHumanAbilities_call_doAfter_RaceHumanAbilities3	"[""0.1""]"	[]	[]	A0I1,A0I2,A0I4	"[{""ability_level1"":{""area"":""450"",""buffs"":"""",""data_fields_labeled_json"":""{\""Hit Points Restored\"":50,\""Mana Points Restored\"":50}"",""duration_hero"":""0"",""duration_normal"":""0"",""name"":""Prayer: heal+mana"",""range"":""250"",""targets"":""air,friend,ground,invulnerable,organic,vulnerable""},""categories"":""abilities"",""hops"":0,""names"":""Prayer: heal+mana"",""path"":[""UnitSpellClosure_registerUnitSpellWithTargetOrder_RaceHumanAbilities_cast_registerUnitSpellWithTargetOrder_RaceHumanAbilities3""],""rawcode"":""A0I1"",""rawcode_integer"":1093683505},{""ability_level1"":{""area"":""450"",""buffs"":""B00J"",""data_fields_labeled_json"":""{\""Damage Increase (%)\"":0.2,\""Defense Increase\"":3,\""Life Regeneration Rate\"":0,\""Mana Regen\"":0,\""Max Units\"":0,\""Prefer Friendlies\"":0,\""Prefer Hostiles\"":0}"",""duration_hero"":""7"",""duration_normal"":""7"",""name"":""Prayer: +dmg +armor"",""range"":""-"",""targets"":""air,friend,ground,invulnerable,organic,vulnerable""},""categories"":""abilities"",""hops"":0,""names"":""Prayer: +dmg +armor"",""path"":[""UnitSpellClosure_registerUnitSpellWithTargetOrder_RaceHumanAbilities_cast_registerUnitSpellWithTargetOrder_RaceHumanAbilities3""],""rawcode"":""A0I2"",""rawcode_integer"":1093683506},{""ability_level1"":{""area"":""500"",""buffs"":"""",""data_fields_labeled_json"":""{\""Number of Corpses Raised\"":3,\""Raised Units Are Invulnerable\"":0}"",""duration_hero"":""0"",""duration_normal"":""0"",""name"":""Prayer: resurrection"",""range"":""400"",""targets"":""air,dead,friend,ground,organic""},""categories"":""abilities"",""hops"":0,""names"":""Prayer: resurrection"",""path"":[""UnitSpellClosure_registerUnitSpellWithTargetOrder_RaceHumanAbilities_cast_registerUnitSpellWithTargetOrder_RaceHumanAbilities3""],""rawcode"":""A0I4"",""rawcode_integer"":1093683508}]"	UnitSpellClosure_registerUnitSpellWithTargetOrder_RaceHumanAbilities_cast_registerUnitSpellWithTargetOrder_RaceHumanAbilities3	static-named-call-and-dispatch-evidence	1454125
h07B	Sorceress	h09X	School of Wizardry	A0A7	Heal	Heal	Heals a target friendly non-mechanical wounded unit for <Ahea,DataA1> hit points.	50	8.0	2	ally-ground	heal	dummy-target-ability-from-caster	Ou:create858,doAfter,dummyCastTargetFrom		CallbackSingle_doAfter_RaceElvenAbilities_call_doAfter_RaceElvenAbilities	"[""0.8""]"	[]	[]	A0A8	"[{""ability_level1"":{""area"":""500"",""buffs"":"""",""data_fields_labeled_json"":""{\""Damage Reduction per Target\"":0.4,\""Damage per Target\"":150,\""Number of Targets Hit\"":2}"",""duration_hero"":""0"",""duration_normal"":""0"",""name"":""HEL: Sorceress (healing wave)"",""range"":""900"",""targets"":""air,ground,friend,self,vuln,invu,organic""},""categories"":""abilities"",""hops"":0,""names"":""HEL: Sorceress (healing wave)"",""path"":[""UnitSpellClosure_registerUnitSpellWithTargetOrder_RaceElvenAbilities_cast_registerUnitSpellWithTargetOrder_RaceElvenAbilities1""],""rawcode"":""A0A8"",""rawcode_integer"":1093681464}]"	UnitSpellClosure_registerUnitSpellWithTargetOrder_RaceElvenAbilities_cast_registerUnitSpellWithTargetOrder_RaceElvenAbilities1	static-named-call-and-dispatch-evidence	1446815
n005	Warlock	h00K	Hjordhejmen	A00K	Parasite	Parasite	Afflicts a target enemy unit with a deadly parasite that deals <ANpa,DataA1> damage per second for <ANpa,Dur1> seconds. If the afflicted unit dies while under the effect of Parasite, a minor minion will spawn from its corpse.	35	12.0	0	enemy-ground-combat-sapper	parasite	delegated-helper	warlockSpell	warlockSpell		[]	[]	[]		"[{""ability_level1"":{""area"":""0"",""buffs"":""B011"",""data_fields_labeled_json"":""{\""Mana Regeneration Increase\"":1,\""Percent Bonus\"":0}"",""duration_hero"":""0"",""duration_normal"":""0"",""name"":""Brilliance Aura"",""range"":""-"",""targets"":""self""},""categories"":""abilities"",""hops"":1,""names"":"""",""path"":[""UnitSpellClosure_registerUnitSpellWithTargetOrder_RaceHumanAbilities_cast_registerUnitSpellWithTargetOrder_RaceHumanAbilities2"",""warlockSpell""],""rawcode"":""A00F"",""rawcode_integer"":1093677126},{""ability_level1"":{""area"":""-"",""buffs"":"""",""data_fields_labeled_json"":""{\""Art Duration\"":0.98,\""Base Order ID\"":\""channel\"",\""Disable Other Abilities\"":1,\""Follow Through Time\"":180,\""Options\"":0,\""Target Type\"":0}"",""duration_hero"":""0"",""duration_normal"":""0"",""name"":""Channel"",""range"":""500"",""targets"":""_""},""categories"":""abilities"",""hops"":1,""names"":"""",""path"":[""UnitSpellClosure_registerUnitSpellWithTargetOrder_RaceHumanAbilities_cast_registerUnitSpellWithTargetOrder_RaceHumanAbilities2"",""warlockSpell""],""rawcode"":""A07I"",""rawcode_integer"":1093678921},{""ability_level1"":{""area"":""370"",""buffs"":"""",""data_fields_labeled_json"":""{\""Area of Effect Damage\"":270,\""Maximum Damage\"":\""-\"",\""Specific Target Damage\"":0}"",""duration_hero"":""0.01"",""duration_normal"":""0.01"",""name"":""NOR: Ice Queen (frost nova) warlock"",""range"":""800"",""targets"":""air,enemies,ground,neutral,ward""},""categories"":""abilities"",""hops"":1,""names"":""NOR: Ice Queen (frost nova) warlock"",""path"":[""UnitSpellClosure_registerUnitSpellWithTargetOrder_RaceHumanAbilities_cast_registerUnitSpellWithTargetOrder_RaceHumanAbilities2"",""warlockSpell""],""rawcode"":""A0F9"",""rawcode_integer"":1093682745}]"	UnitSpellClosure_registerUnitSpellWithTargetOrder_RaceHumanAbilities_cast_registerUnitSpellWithTargetOrder_RaceHumanAbilities2	static-named-call-and-dispatch-evidence	1453865
n00S	Naga Siren	h01Z	Naga Spring	A02U	NAG: Siren (Purge (cd))	Parasite	Afflicts a target enemy unit with a deadly parasite that deals <ANpa,DataA1> damage per second for <ANpa,Dur1> seconds. If the afflicted unit dies while under the effect of Parasite, a minor minion will spawn from its corpse.	50	10.0	0	enemy-ground-combat-sapper	parasite	dummy-target-ability-from-caster	Hv:create901,doAfter,dummyCastTargetFrom		CallbackSingle_doAfter_RaceNagaAbilities_call_doAfter_RaceNagaAbilities	"[""1""]"	[]	[]	A02T	"[{""ability_level1"":{""area"":""-"",""buffs"":""Bprg"",""data_fields_labeled_json"":""{\""Attack Update Frequency\"":10,\""Hero Pause Duration\"":0,\""Mana Loss\"":200,\""Movement Update Frequency\"":5,\""Summoned Unit Damage\"":150,\""Unit Pause Duration\"":1}"",""duration_hero"":""3"",""duration_normal"":""10"",""name"":""NAG: Siren (Purge)"",""range"":""1000"",""targets"":""air,ground,tree,vulnerable,ward""},""categories"":""abilities"",""hops"":0,""names"":""NAG: Siren (Purge)"",""path"":[""UnitSpellClosure_registerUnitSpellWithTargetOrder_RaceNagaAbilities_cast_registerUnitSpellWithTargetOrder_RaceNagaAbilities""],""rawcode"":""A02T"",""rawcode_integer"":1093677652}]"	UnitSpellClosure_registerUnitSpellWithTargetOrder_RaceNagaAbilities_cast_registerUnitSpellWithTargetOrder_RaceNagaAbilities	static-named-call-and-dispatch-evidence	1466248
n00Z	Chaos Champion	h03G	Greater Chaos Citadel	A03S	Parasite	Parasite	Afflicts a target enemy unit with a deadly parasite that deals <ANpa,DataA1> damage per second for <ANpa,Dur1> seconds. If the afflicted unit dies while under the effect of Parasite, a minor minion will spawn from its corpse.	0	30.0	0	enemy-ground-combat-sapper	parasite	dummy-immediate-ability-from-caster	__wurst_safe_DestroyEffect,addEffect1,dummyCastImmediateFrom			[]	[]	[]	A03R	"[{""ability_level1"":{""area"":""525"",""buffs"":""B00K"",""data_fields_labeled_json"":""{\""Damage Increase (%)\"":0.25,\""Defense Increase\"":0,\""Life Regeneration Rate\"":0,\""Mana Regen\"":0,\""Max Units\"":0,\""Prefer Friendlies\"":0,\""Prefer Hostiles\"":0}"",""duration_hero"":""20"",""duration_normal"":""20"",""name"":""Roar"",""range"":""-"",""targets"":""air,ground,friend,self""},""categories"":""abilities"",""hops"":0,""names"":"""",""path"":[""UnitSpellClosure_registerUnitSpellWithTargetOrder_RaceChaosAbilities_cast_registerUnitSpellWithTargetOrder_RaceChaosAbilities""],""rawcode"":""A03R"",""rawcode_integer"":1093677906}]"	UnitSpellClosure_registerUnitSpellWithTargetOrder_RaceChaosAbilities_cast_registerUnitSpellWithTargetOrder_RaceChaosAbilities	static-named-call-and-dispatch-evidence	1423729
n013	Ancient Wandigoo	h043	Frost Claws	A05C	Parasite	Parasite	Afflicts a target enemy unit with a deadly parasite that deals <ANpa,DataA1> damage per second for <ANpa,Dur1> seconds. If the afflicted unit dies while under the effect of Parasite, a minor minion will spawn from its corpse.	30	17.0	0	enemy-ground-combat-sapper	parasite	dummy-immediate-ability-from-caster	dummyCastImmediateFrom			[]	[]	[]	A05B	"[{""ability_level1"":{""area"":""850"",""buffs"":""B01R"",""data_fields_labeled_json"":""{\""Damage Increase (%)\"":0.3,\""Defense Increase\"":4,\""Life Regeneration Rate\"":0,\""Mana Regen\"":\""-\"",\""Max Units\"":\""-\"",\""Prefer Friendlies\"":\""-\"",\""Prefer Hostiles\"":\""-\""}"",""duration_hero"":""2.5"",""duration_normal"":""10"",""name"":""Howl of Terror"",""range"":""-"",""targets"":""air,ground,enemy,neutral""},""categories"":""abilities"",""hops"":0,""names"":"""",""path"":[""UnitSpellClosure_registerUnitSpellWithTargetOrder_RaceNorthernAbilities_cast_registerUnitSpellWithTargetOrder_RaceNorthernAbilities1""],""rawcode"":""A05B"",""rawcode_integer"":1093678402}]"	UnitSpellClosure_registerUnitSpellWithTargetOrder_RaceNorthernAbilities_cast_registerUnitSpellWithTargetOrder_RaceNorthernAbilities1	static-named-call-and-dispatch-evidence	1490148
n014	Ice Queen	h03S	Crystal Palace	A044	Parasite	Parasite	Afflicts a target enemy unit with a deadly parasite that deals <ANpa,DataA1> damage per second for <ANpa,Dur1> seconds. If the afflicted unit dies while under the effect of Parasite, a minor minion will spawn from its corpse.	80	10.0	0	enemy-ground-combat-sapper	parasite	dummy-target-ability-from-caster	dummyCastTargetFrom			[]	[]	[]	A043	"[{""ability_level1"":{""area"":""300"",""buffs"":""Bfro"",""data_fields_labeled_json"":""{\""Area of Effect Damage\"":75,\""Maximum Damage\"":\""-\"",\""Specific Target Damage\"":150}"",""duration_hero"":""3"",""duration_normal"":""6"",""name"":""NOR: Ice Queen (frost nova)"",""range"":""800"",""targets"":""air,enemies,ground,neutral""},""categories"":""abilities"",""hops"":0,""names"":""NOR: Ice Queen (frost nova)"",""path"":[""UnitSpellClosure_registerUnitSpellWithTargetOrder_RaceNorthernAbilities_cast_registerUnitSpellWithTargetOrder_RaceNorthernAbilities2""],""rawcode"":""A043"",""rawcode_integer"":1093678131}]"	UnitSpellClosure_registerUnitSpellWithTargetOrder_RaceNorthernAbilities_cast_registerUnitSpellWithTargetOrder_RaceNorthernAbilities2	static-named-call-and-dispatch-evidence	1490463
n016	Magnataur	h03W	Glacier	A05E	Parasite	Parasite	Afflicts a target enemy unit with a deadly parasite that deals <ANpa,DataA1> damage per second for <ANpa,Dur1> seconds. If the afflicted unit dies while under the effect of Parasite, a minor minion will spawn from its corpse.	25	12.0	0	enemy-ground-combat-sapper	parasite	dummy-immediate-ability-from-caster	dummyCastImmediateFrom			[]	[]	[]	A05D	"[{""ability_level1"":{""area"":""250"",""buffs"":""BPSE"",""data_fields_labeled_json"":""{\""Damage\"":75,\""Terrain Deformation Amplitude\"":-50,\""Terrain Deformation Duration (ms)\"":300}"",""duration_hero"":""1.75"",""duration_normal"":""3.5"",""name"":""War Stomp"",""range"":""-"",""targets"":""ground""},""categories"":""abilities"",""hops"":0,""names"":"""",""path"":[""UnitSpellClosure_registerUnitSpellWithTargetOrder_RaceNorthernAbilities_cast_registerUnitSpellWithTargetOrder_RaceNorthernAbilities""],""rawcode"":""A05D"",""rawcode_integer"":1093678404}]"	UnitSpellClosure_registerUnitSpellWithTargetOrder_RaceNorthernAbilities_cast_registerUnitSpellWithTargetOrder_RaceNorthernAbilities	static-named-call-and-dispatch-evidence	1489834
n01O	Troll Trapper	h05E	Trapper's Hut	A06I	Parasite	Parasite	Afflicts a target enemy unit with a deadly parasite that deals <ANpa,DataA1> damage per second for <ANpa,Dur1> seconds. If the afflicted unit dies while under the effect of Parasite, a minor minion will spawn from its corpse.	0	8.0	1	enemy-flying-combat-sapper	parasite	dummy-target-ability-from-caster	dummyCastTargetFrom			[]	[]	[]	A06H	"[{""ability_level1"":{""area"":""-"",""buffs"":""Bena,Beng"",""data_fields_labeled_json"":""{\""Air Unit Height\"":200,\""Air Unit Lower Duration\"":0.6,\""Melee Attack Range\"":128}"",""duration_hero"":""3.13"",""duration_normal"":""16"",""name"":""Ensnare"",""range"":""800"",""targets"":""air,enemies,mechanical,neutral,organic""},""categories"":""abilities"",""hops"":0,""names"":"""",""path"":[""UnitSpellClosure_registerUnitSpellWithTargetOrder_RaceOrcAbilities_cast_registerUnitSpellWithTargetOrder_RaceOrcAbilities""],""rawcode"":""A06H"",""rawcode_integer"":1093678664}]"	UnitSpellClosure_registerUnitSpellWithTargetOrder_RaceOrcAbilities_cast_registerUnitSpellWithTargetOrder_RaceOrcAbilities	static-named-call-and-dispatch-evidence	1494880
n01W	Brood Mother	h00R	Spider Egg Hatchery	A0AV	NAT: Brood Mother (infest)	Parasite	Afflicts a target enemy unit with a deadly parasite that deals <ANpa,DataA1> damage per second for <ANpa,Dur1> seconds. If the afflicted unit dies while under the effect of Parasite, a minor minion will spawn from its corpse.	50	10.0	0	enemy-ground-combat-sapper	parasite	scheduled-callback	Wv:create916,doAfter		CallbackSingle_doAfter_RaceNatureAbilities_call_doAfter_RaceNatureAbilities5	"[""3""]"	[]	[]		[]	UnitSpellClosure_registerUnitSpellWithTargetOrder_RaceNatureAbilities_cast_registerUnitSpellWithTargetOrder_RaceNatureAbilities5	static-named-call-and-dispatch-evidence	1474757
n01Y	Dragonhawk Rider	h06Y	Dragonhawk Portal	A08V	Parasite	Parasite	Afflicts a target enemy unit with a deadly parasite that deals <ANpa,DataA1> damage per second for <ANpa,Dur1> seconds. If the afflicted unit dies while under the effect of Parasite, a minor minion will spawn from its corpse.	50	14.0	1	enemy-flying-combat-sapper	parasite	delegated-helper	solarStrikeSpell	solarStrikeSpell		[]	[]	[]		"[{""ability_level1"":{""area"":""-"",""buffs"":""B018"",""data_fields_labeled_json"":""{\""Damage\"":80}"",""duration_hero"":""2"",""duration_normal"":""4"",""name"":""HEL: Dragonhawk (SolarStrike)"",""range"":""99999"",""targets"":""air,enemies,mechanical,organic""},""categories"":""abilities"",""hops"":1,""names"":""HEL: Dragonhawk (SolarStrike)"",""path"":[""UnitSpellClosure_registerUnitSpellWithTargetOrder_RaceElvenAbilities_cast_registerUnitSpellWithTargetOrder_RaceElvenAbilities"",""solarStrikeSpell""],""rawcode"":""A08U"",""rawcode_integer"":1093679189}]"	UnitSpellClosure_registerUnitSpellWithTargetOrder_RaceElvenAbilities_cast_registerUnitSpellWithTargetOrder_RaceElvenAbilities	static-named-call-and-dispatch-evidence	1446552
n026	Furbolg Shaman	h00Y	Furbolg Hut	A0C0	NAT: Furbolg Shaman (rejuvenation (dummy))	Heal	Heals a target friendly non-mechanical wounded unit for <Ahea,DataA1> hit points.	50	16.0	2	ally-ground	heal	dummy-target-ability-from-owner	Pv:create909,doAfter,dummyCastTargetFrom1,unit_getOwner,unit_getPos		CallbackSingle_doAfter_RaceNatureAbilities_call_doAfter_RaceNatureAbilities	"[""0.8""]"	[]	[]	A0AW	"[{""ability_level1"":{""area"":""-"",""buffs"":""Brej"",""data_fields_labeled_json"":""{\""Allow When Full\"":3,\""Hit Points Gained\"":200,\""Mana Points Gained\"":0,\""No Target Required\"":0}"",""duration_hero"":""10"",""duration_normal"":""10"",""name"":""NAT: Furbolg Shaman (rejuvenation)"",""range"":""800"",""targets"":""air,ground,friend,vuln,invu,self,organic,neutral""},""categories"":""abilities"",""hops"":0,""names"":""NAT: Furbolg Shaman (rejuvenation)"",""path"":[""UnitSpellClosure_registerUnitSpellWithTargetOrder_RaceNatureAbilities_cast_registerUnitSpellWithTargetOrder_RaceNatureAbilities""],""rawcode"":""A0AW"",""rawcode_integer"":1093681495}]"	UnitSpellClosure_registerUnitSpellWithTargetOrder_RaceNatureAbilities_cast_registerUnitSpellWithTargetOrder_RaceNatureAbilities	static-named-call-and-dispatch-evidence	1472505
n027	Corrupted Annihilator	h09Y	Corrupted Ancient of Annihilation	A0AE	Parasite	Parasite	Afflicts a target enemy unit with a deadly parasite that deals <ANpa,DataA1> damage per second for <ANpa,Dur1> seconds. If the afflicted unit dies while under the effect of Parasite, a minor minion will spawn from its corpse.	40	15.0	0	enemy-ground-combat-sapper	parasite	delegated-helper	annihilatorSpell	annihilatorSpell		[]	[]	[]		"[{""ability_level1"":{""area"":""200"",""buffs"":""B01S"",""data_fields_labeled_json"":""{\""Air Time (seconds)\"":0.1,\""Airborne Targets Vulnerable\"":0,\""Damage Dealt\"":250,\""Uninterruptible\"":0,\""Wave Distance\"":800,\""Wave Time (seconds)\"":0.3}"",""duration_hero"":""1.75"",""duration_normal"":""3.5"",""name"":""Impale"",""range"":""1000"",""targets"":""enemies,ground,neutral""},""categories"":""abilities"",""hops"":1,""names"":"""",""path"":[""UnitSpellClosure_registerUnitSpellWithTargetOrder_RaceCorruptedAbilities_cast_registerUnitSpellWithTargetOrder_RaceCorruptedAbilities"",""annihilatorSpell""],""rawcode"":""A0AF"",""rawcode_integer"":1093681478}]"	UnitSpellClosure_registerUnitSpellWithTargetOrder_RaceCorruptedAbilities_cast_registerUnitSpellWithTargetOrder_RaceCorruptedAbilities	static-named-call-and-dispatch-evidence	1426557
n028	Furbolg Elder Shaman	h012	Furbolg Abode	A0C1	NAT: Furbolg Elder Shaman (rejuvenation (dummy))	Heal	Heals a target friendly non-mechanical wounded unit for <Ahea,DataA1> hit points.	50	14.0	2	ally-ground	heal	dummy-target-ability-from-owner	Qv:create910,doAfter,dummyCastTargetFrom1,unit_getOwner,unit_getPos		CallbackSingle_doAfter_RaceNatureAbilities_call_doAfter_RaceNatureAbilities1	"[""0.8""]"	[]	[]	A0AX	"[{""ability_level1"":{""area"":""-"",""buffs"":""Brej"",""data_fields_labeled_json"":""{\""Allow When Full\"":3,\""Hit Points Gained\"":400,\""Mana Points Gained\"":0,\""No Target Required\"":0}"",""duration_hero"":""10"",""duration_normal"":""10"",""name"":""NAT: Furbolg Elder Shaman (rejuvenation)"",""range"":""800"",""targets"":""air,ground,friend,vuln,invu,self,organic,neutral""},""categories"":""abilities"",""hops"":0,""names"":""NAT: Furbolg Elder Shaman (rejuvenation)"",""path"":[""UnitSpellClosure_registerUnitSpellWithTargetOrder_RaceNatureAbilities_cast_registerUnitSpellWithTargetOrder_RaceNatureAbilities1""],""rawcode"":""A0AX"",""rawcode_integer"":1093681496}]"	UnitSpellClosure_registerUnitSpellWithTargetOrder_RaceNatureAbilities_cast_registerUnitSpellWithTargetOrder_RaceNatureAbilities1	static-named-call-and-dispatch-evidence	1472999
n02G	Forest Troll Trapper	h06D	Forest Trapper's Hole	A0FB	Parasite(leg troll)	Parasite	Afflicts a target enemy unit with a deadly parasite that deals <ANpa,DataA1> damage per second for <ANpa,Dur1> seconds. If the afflicted unit dies while under the effect of Parasite, a minor minion will spawn from its corpse.	0	8.0	1	enemy-flying-combat-sapper	parasite	delegated-helper	forestTrollTrapperSpell	forestTrollTrapperSpell		[]	[]	[]		"[{""ability_level1"":{""area"":""-"",""buffs"":""Bena,Beng"",""data_fields_labeled_json"":""{\""Air Unit Height\"":200,\""Air Unit Lower Duration\"":0.6,\""Melee Attack Range\"":128}"",""duration_hero"":""3.13"",""duration_normal"":""16"",""name"":""Ensnare (Leg Troll)"",""range"":""800"",""targets"":""air,enemies,mechanical,neutral,organic""},""categories"":""abilities"",""hops"":1,""names"":""Ensnare (Leg Troll)"",""path"":[""UnitSpellClosure_registerUnitSpellWithTargetOrder_RaceOrcAbilities_cast_registerUnitSpellWithTargetOrder_RaceOrcAbilities1"",""forestTrollTrapperSpell""],""rawcode"":""A0FC"",""rawcode_integer"":1093682755}]"	UnitSpellClosure_registerUnitSpellWithTargetOrder_RaceOrcAbilities_cast_registerUnitSpellWithTargetOrder_RaceOrcAbilities1	static-named-call-and-dispatch-evidence	1495207
n02L	Twin Smiley			A0FU	Parasite(twins)	Parasite	Afflicts a target enemy unit with a deadly parasite that deals <ANpa,DataA1> damage per second for <ANpa,Dur1> seconds. If the afflicted unit dies while under the effect of Parasite, a minor minion will spawn from its corpse.	0	20.0	0	enemy-ground-combat-sapper	parasite	spawn-unit	Gt:create798,__wurst_safe_UnitApplyTimedLife,createUnit,doAfter,tupleCopy1,unit_getOwner,unit_getPos,unit_issuePointOrderById,vec2_distanceTo		CallbackSingle_doAfter_RaceChaosAbilities_call_doAfter_RaceChaosAbilities1	[]	[]	[]	h06N	"[{""ability_level1"":{""area"":""600"",""buffs"":""Bslo"",""data_fields_labeled_json"":""{\""AOE Damage\"":20,\""Attack Speed Reduction (%)\"":0.5,\""Maximum Damage\"":\""-\"",\""Movement Speed Reduction (%)\"":0.5,\""Specific Target Damage\"":0}"",""duration_hero"":""5"",""duration_normal"":""5"",""name"":""Twins:Thunder Clap"",""range"":""-"",""targets"":""enemies,ground""},""categories"":""abilities"",""hops"":1,""names"":""Twins:Thunder Clap"",""path"":[""UnitSpellClosure_registerUnitSpellWithTargetOrder_RaceChaosAbilities_cast_registerUnitSpellWithTargetOrder_RaceChaosAbilities1"",""CallbackSingle_doAfter_RaceChaosAbilities_call_doAfter_RaceChaosAbilities1""],""rawcode"":""A0FS"",""rawcode_integer"":1093682771},{""categories"":""units"",""hops"":0,""names"":""ClapDummy"",""path"":[""UnitSpellClosure_registerUnitSpellWithTargetOrder_RaceChaosAbilities_cast_registerUnitSpellWithTargetOrder_RaceChaosAbilities1""],""rawcode"":""h06N"",""rawcode_integer"":1747990094,""unit_object"":{""abilities"":""Aloc,Avul"",""attack1_targets"":""ground"",""attack1_type"":""chaos"",""attack1_weapon_type"":""normal"",""move_speed"":""270"",""name"":""ClapDummy""}}]"	UnitSpellClosure_registerUnitSpellWithTargetOrder_RaceChaosAbilities_cast_registerUnitSpellWithTargetOrder_RaceChaosAbilities1	static-named-call-and-dispatch-evidence	1424168
n02Y	Ogre Lord	n02O	Den of the Ogre Lord	A0GB	DST: Ogre auto	Parasite	Afflicts a target enemy unit with a deadly parasite that deals <ANpa,DataA1> damage per second for <ANpa,Dur1> seconds. If the afflicted unit dies while under the effect of Parasite, a minor minion will spawn from its corpse.	0	16.0	0	enemy-ground-combat-sapper	parasite	scheduled-callback	GetRandomReal,cu:create820,doAfter,orderCodeAttack		CallbackSingle_doAfter_RaceDesertAbilities_call_doAfter_RaceDesertAbilities1	[]	[]	"[[""0.1"",""0.3""]]"		[]	UnitSpellClosure_registerUnitSpellWithTargetOrder_RaceDesertAbilities_cast_registerUnitSpellWithTargetOrder_RaceDesertAbilities2	static-named-call-and-dispatch-evidence	1432431
n030	Sandkin	n039	Sandkin Burrow	A0G8	DST: Sandkin abil	Parasite	Afflicts a target enemy unit with a deadly parasite that deals <ANpa,DataA1> damage per second for <ANpa,Dur1> seconds. If the afflicted unit dies while under the effect of Parasite, a minor minion will spawn from its corpse.	35	12.0	0	enemy-ground-combat-sapper	parasite	delegated-helper	spellSandCloud	spellSandCloud		[]	[]	[]		"[{""ability_level1"":{""area"":""220"",""buffs"":""B02R"",""data_fields_labeled_json"":""{\""Attack Speed Modifier\"":0,\""Attacks Prevented\"":0,\""Chance To Miss (%)\"":0.3,\""Movement Speed Modifier\"":0}"",""duration_hero"":""1.2"",""duration_normal"":""1.2"",""name"":""Sandcloud"",""range"":""1000"",""targets"":""air,enemies,structure,ground,neutral,invulnerable,vulnerable""},""categories"":""abilities"",""hops"":1,""names"":""Sandcloud"",""path"":[""UnitSpellClosure_registerUnitSpellWithTargetOrder_RaceDesertAbilities_cast_registerUnitSpellWithTargetOrder_RaceDesertAbilities"",""spellSandCloud""],""rawcode"":""A0GA"",""rawcode_integer"":1093683009},{""ability_level1"":{""area"":""300"",""buffs"":""B02R"",""data_fields_labeled_json"":""{\""Attack Speed Modifier\"":0,\""Attacks Prevented\"":0,\""Chance To Miss (%)\"":0.45,\""Movement Speed Modifier\"":0}"",""duration_hero"":""1.2"",""duration_normal"":""1.2"",""name"":""Sandcloud2x"",""range"":""1000"",""targets"":""air,enemies,structure,ground,neutral,invulnerable,vulnerable""},""categories"":""abilities"",""hops"":1,""names"":""Sandcloud2x"",""path"":[""UnitSpellClosure_registerUnitSpellWithTargetOrder_RaceDesertAbilities_cast_registerUnitSpellWithTargetOrder_RaceDesertAbilities"",""spellSandCloud""],""rawcode"":""A0HP"",""rawcode_integer"":1093683280},{""categories"":""units"",""hops"":1,""names"":""Monstrous Sandkin"",""path"":[""UnitSpellClosure_registerUnitSpellWithTargetOrder_RaceDesertAbilities_cast_registerUnitSpellWithTargetOrder_RaceDesertAbilities"",""spellSandCloud""],""rawcode"":""n035"",""rawcode_integer"":1848652597,""unit_object"":{""abilities"":""A0CV,A0HQ,A0G8,A025"",""attack1_targets"":""enemies,structure,ground"",""attack1_type"":""magic"",""attack1_weapon_type"":""msplash"",""move_speed"":""300"",""name"":""Monstrous Sandkin""}}]"	UnitSpellClosure_registerUnitSpellWithTargetOrder_RaceDesertAbilities_cast_registerUnitSpellWithTargetOrder_RaceDesertAbilities	static-named-call-and-dispatch-evidence	1431904
n032	Harpy Witch	n03B	Nest of Harpy Witch	A0G9	DST: Harpy auto	Parasite	Afflicts a target enemy unit with a deadly parasite that deals <ANpa,DataA1> damage per second for <ANpa,Dur1> seconds. If the afflicted unit dies while under the effect of Parasite, a minor minion will spawn from its corpse.	24	14.0	0	enemy-ground-combat-sapper	parasite	scheduled-callback	GetRandomReal,doAfter,eu:create822		CallbackSingle_doAfter_RaceDesertAbilities_call_doAfter_RaceDesertAbilities2	[]	[]	"[[""0.1"",""0.6""]]"		[]	UnitSpellClosure_registerUnitSpellWithTargetOrder_RaceDesertAbilities_cast_registerUnitSpellWithTargetOrder_RaceDesertAbilities4	static-named-call-and-dispatch-evidence	1433220
n034	Harpies' Matriarch	n031	Nest of Harpy Matriarch	A0H1	DST: Matriarch auto	Parasite	Afflicts a target enemy unit with a deadly parasite that deals <ANpa,DataA1> damage per second for <ANpa,Dur1> seconds. If the afflicted unit dies while under the effect of Parasite, a minor minion will spawn from its corpse.	0	16.0	0	enemy-ground-combat-sapper	parasite	dummy-immediate-ability-from-owner	OrderId,dummyCastImmediateFrom1,orderCodeAttack,unit_getOwner,unit_getPos			[]	[]	[]	A0GM	"[{""ability_level1"":{""area"":""800"",""buffs"":"""",""data_fields_labeled_json"":""{\""Damage Return Factor\"":0.75,\""Damage Return Threshold\"":20,\""Max Swarm Units Per Target\"":2,\""Number of Swarm Units\"":7,\""Unit Release Interval (seconds)\"":0.15}"",""duration_hero"":""15"",""duration_normal"":""15"",""name"":""Harpy Swarm"",""range"":""-"",""targets"":""air,ground,enemy""},""categories"":""abilities"",""hops"":0,""names"":""Harpy Swarm"",""path"":[""UnitSpellClosure_registerUnitSpellWithTargetOrder_RaceDesertAbilities_cast_registerUnitSpellWithTargetOrder_RaceDesertAbilities3""],""rawcode"":""A0GM"",""rawcode_integer"":1093683021}]"	UnitSpellClosure_registerUnitSpellWithTargetOrder_RaceDesertAbilities_cast_registerUnitSpellWithTargetOrder_RaceDesertAbilities3	static-named-call-and-dispatch-evidence	1432817
n035	Monstrous Sandkin	n02R	Monstrous Sandkin Burrow	A0G8	DST: Sandkin abil	Parasite	Afflicts a target enemy unit with a deadly parasite that deals <ANpa,DataA1> damage per second for <ANpa,Dur1> seconds. If the afflicted unit dies while under the effect of Parasite, a minor minion will spawn from its corpse.	35	12.0	0	enemy-ground-combat-sapper	parasite	delegated-helper	spellSandCloud	spellSandCloud		[]	[]	[]		"[{""ability_level1"":{""area"":""220"",""buffs"":""B02R"",""data_fields_labeled_json"":""{\""Attack Speed Modifier\"":0,\""Attacks Prevented\"":0,\""Chance To Miss (%)\"":0.3,\""Movement Speed Modifier\"":0}"",""duration_hero"":""1.2"",""duration_normal"":""1.2"",""name"":""Sandcloud"",""range"":""1000"",""targets"":""air,enemies,structure,ground,neutral,invulnerable,vulnerable""},""categories"":""abilities"",""hops"":1,""names"":""Sandcloud"",""path"":[""UnitSpellClosure_registerUnitSpellWithTargetOrder_RaceDesertAbilities_cast_registerUnitSpellWithTargetOrder_RaceDesertAbilities1"",""spellSandCloud""],""rawcode"":""A0GA"",""rawcode_integer"":1093683009},{""ability_level1"":{""area"":""300"",""buffs"":""B02R"",""data_fields_labeled_json"":""{\""Attack Speed Modifier\"":0,\""Attacks Prevented\"":0,\""Chance To Miss (%)\"":0.45,\""Movement Speed Modifier\"":0}"",""duration_hero"":""1.2"",""duration_normal"":""1.2"",""name"":""Sandcloud2x"",""range"":""1000"",""targets"":""air,enemies,structure,ground,neutral,invulnerable,vulnerable""},""categories"":""abilities"",""hops"":1,""names"":""Sandcloud2x"",""path"":[""UnitSpellClosure_registerUnitSpellWithTargetOrder_RaceDesertAbilities_cast_registerUnitSpellWithTargetOrder_RaceDesertAbilities1"",""spellSandCloud""],""rawcode"":""A0HP"",""rawcode_integer"":1093683280},{""categories"":""units"",""hops"":1,""names"":""Monstrous Sandkin"",""path"":[""UnitSpellClosure_registerUnitSpellWithTargetOrder_RaceDesertAbilities_cast_registerUnitSpellWithTargetOrder_RaceDesertAbilities1"",""spellSandCloud""],""rawcode"":""n035"",""rawcode_integer"":1848652597,""unit_object"":{""abilities"":""A0CV,A0HQ,A0G8,A025"",""attack1_targets"":""enemies,structure,ground"",""attack1_type"":""magic"",""attack1_weapon_type"":""msplash"",""move_speed"":""300"",""name"":""Monstrous Sandkin""}}]"	UnitSpellClosure_registerUnitSpellWithTargetOrder_RaceDesertAbilities_cast_registerUnitSpellWithTargetOrder_RaceDesertAbilities1	static-named-call-and-dispatch-evidence	1432167
n03E	Sagepaw Monk	n03D	Bamboo Dojo	A0GN	PAN: Panda Monk Heal	Heal	Heals a target friendly non-mechanical wounded unit for <Ahea,DataA1> hit points.	30	11.0	7	ally-any	heal	dummy-point-ability	OrderId,doAfter,dummyCastPointFrom,unit_getOwner,unit_getPos,yq:create665		CallbackSingle_doAfter_MonkHeal_call_doAfter_MonkHeal	"[""0.1""]"	[]	[]	A0GP	"[{""ability_level1"":{""area"":""175"",""buffs"":""BNhs"",""data_fields_labeled_json"":""{\""Building Damage Factor\"":1,\""Damage Amount\"":40,\""Damage Interval\"":1,\""Max Damage\"":250,\""Missile Count\"":3,\""Wave Count\"":1}"",""duration_hero"":""0"",""duration_normal"":""0"",""name"":""PAN: Healing Spray"",""range"":""500"",""targets"":""air,friend,ground""},""categories"":""abilities"",""hops"":0,""names"":""PAN: Healing Spray"",""path"":[""UnitSpellClosure_registerUnitSpellWithTargetOrder_MonkHeal_cast_registerUnitSpellWithTargetOrder_MonkHeal""],""rawcode"":""A0GP"",""rawcode_integer"":1093683024}]"	UnitSpellClosure_registerUnitSpellWithTargetOrder_MonkHeal_cast_registerUnitSpellWithTargetOrder_MonkHeal	static-named-call-and-dispatch-evidence	1323091
n03T	Sagepaw Soulkeeper	n03S	Sagepaw Sanctum	A0GN	PAN: Panda Monk Heal	Heal	Heals a target friendly non-mechanical wounded unit for <Ahea,DataA1> hit points.	30	11.0	7	ally-any	heal	dummy-point-ability	OrderId,doAfter,dummyCastPointFrom,unit_getOwner,unit_getPos,zq:create666		CallbackSingle_doAfter_MonkHeal_call_doAfter_MonkHeal1	"[""0.1""]"	[]	[]	A0HI	"[{""ability_level1"":{""area"":""175"",""buffs"":""BNhs"",""data_fields_labeled_json"":""{\""Building Damage Factor\"":1,\""Damage Amount\"":85,\""Damage Interval\"":1,\""Max Damage\"":1200,\""Missile Count\"":4,\""Wave Count\"":1}"",""duration_hero"":""0"",""duration_normal"":""0"",""name"":""PAN: Healing Spray 2"",""range"":""500"",""targets"":""air,friend,ground""},""categories"":""abilities"",""hops"":0,""names"":""PAN: Healing Spray 2"",""path"":[""UnitSpellClosure_registerUnitSpellWithTargetOrder_MonkHeal_cast_registerUnitSpellWithTargetOrder_MonkHeal1""],""rawcode"":""A0HI"",""rawcode_integer"":1093683273}]"	UnitSpellClosure_registerUnitSpellWithTargetOrder_MonkHeal_cast_registerUnitSpellWithTargetOrder_MonkHeal1	static-named-call-and-dispatch-evidence	1323542
z003	Flamegunner Sergeant	h09P	Arsenal	A09D	Parasite	Parasite	Afflicts a target enemy unit with a deadly parasite that deals <ANpa,DataA1> damage per second for <ANpa,Dur1> seconds. If the afflicted unit dies while under the effect of Parasite, a minor minion will spawn from its corpse.	0	15.0	0	enemy-ground-combat-sapper	parasite	spawn-unit	__wurst_safe_UnitApplyTimedLife,createUnit,doAfter,pv:create884,tupleCopy1,unit_getOwner,unit_getPos,unit_issuePointOrderById,vec2_distanceTo		CallbackSingle_doAfter_RaceMechAbilities_call_doAfter_RaceMechAbilities2	[]	[]	[]	h09Q	"[{""ability_level1"":{""area"":""300"",""buffs"":""B01Y"",""data_fields_labeled_json"":""{\""AOE Damage\"":20,\""Attack Speed Reduction (%)\"":0.5,\""Maximum Damage\"":\""-\"",\""Movement Speed Reduction (%)\"":0.5,\""Specific Target Damage\"":0}"",""duration_hero"":""3"",""duration_normal"":""3"",""name"":""Thunder Clap"",""range"":""-"",""targets"":""enemies,ground""},""categories"":""abilities"",""hops"":1,""names"":"""",""path"":[""UnitSpellClosure_registerUnitSpellWithTargetOrder_RaceMechAbilities_cast_registerUnitSpellWithTargetOrder_RaceMechAbilities"",""CallbackSingle_doAfter_RaceMechAbilities_call_doAfter_RaceMechAbilities2""],""rawcode"":""A09E"",""rawcode_integer"":1093679429},{""categories"":""units"",""hops"":0,""names"":""GrenadeDummy"",""path"":[""UnitSpellClosure_registerUnitSpellWithTargetOrder_RaceMechAbilities_cast_registerUnitSpellWithTargetOrder_RaceMechAbilities""],""rawcode"":""h09Q"",""rawcode_integer"":1747990865,""unit_object"":{""abilities"":""Aloc,Avul"",""attack1_targets"":""ground"",""attack1_type"":""chaos"",""attack1_weapon_type"":""artillery"",""move_speed"":""270"",""name"":""GrenadeDummy""}}]"	UnitSpellClosure_registerUnitSpellWithTargetOrder_RaceMechAbilities_cast_registerUnitSpellWithTargetOrder_RaceMechAbilities	static-named-call-and-dispatch-evidence	1458749
