unit_rawcode	unit_name	production_building_rawcode	production_building_names	ability_rawcode	ability_name	effective_mana_cost	effective_cooldown	target_mode	target_mode_label	semantic_kind	normalization_status	effect_rawcodes	effect_objects_json	parameters_json	source_functions	evidence_kind	byte_offset
e000	Faerie Dragon	h00B	Fountain of Wonders	A0CG	NEL: Faerie Dragon (heal)	20	6.0	2	ally-ground	registered-object-effect-plus-resume	object-effect-ready	A0CG	"[{""ability_level1"":{""area"":""-"",""buffs"":""Bhea"",""data_fields_labeled_json"":""{\""Hit Points Gained\"":175}"",""duration_hero"":""0"",""duration_normal"":""0"",""name"":""NEL: Faerie Dragon (heal)"",""range"":""400"",""targets"":""air,friend,ground,invulnerable,neutral,nonancient,organic,self,vulnerable""},""rawcode"":""A0CG""}]"	"{""delivery_sites"":[],""effect_parameters_source"":""registered-ability-object-data"",""primary_effect_ability_rawcode"":""A0CG"",""resume_attack_delay_seconds"":1.2}"	UnitSpellClosure_registerUnitSpellWithTargetOrder_RaceNelfAbilities_cast_registerUnitSpellWithTargetOrder_RaceNelfAbilities2,CallbackSingle_doAfter_RaceNelfAbilities_call_doAfter_RaceNelfAbilities1	static-named-call-and-dispatch-evidence	1481554
e006	Dryad	h013	Ancient of Growth	A004	NAT: Dryad (natures touch)	35	15.0	2	ally-ground	registered-heal-plus-permanent-armor	script-native-ready	A004,AId2	"[{""ability_level1"":{""area"":""-"",""buffs"":""Bhea"",""data_fields_labeled_json"":""{\""Hit Points Gained\"":75}"",""duration_hero"":""0"",""duration_normal"":""0"",""name"":""NAT: Dryad (natures touch)"",""range"":""250"",""targets"":""air,friend,ground,invulnerable,neutral,nonancient,organic,self,vulnerable""},""rawcode"":""A004""},{""ability_level1"":{""area"":"""",""buffs"":"""",""data_fields_labeled_json"":""{}"",""duration_hero"":"""",""duration_normal"":"""",""name"":""Item Armor Bonus"",""range"":"""",""targets"":""""},""rawcode"":""AId2""}]"	"{""delivery_sites"":[],""permanent_armor_ability_rawcode"":""AId2"",""permanent_armor_bonus"":2,""primary_effect_ability_rawcode"":""A004"",""resume_attack_delay_seconds"":0.6}"	UnitSpellClosure_registerUnitSpellWithTargetOrder_RaceNatureAbilities_cast_registerUnitSpellWithTargetOrder_RaceNatureAbilities2,CallbackSingle_doAfter_RaceNatureAbilities_call_doAfter_RaceNatureAbilities2	static-named-call-and-dispatch-evidence	1473494
e007	Druid	h088	Moon Shrine	A07P	Parasite	30	14.0	0	enemy-ground-combat-sapper	proxy-object-effect	object-effect-ready	A07A	"[{""ability_level1"":{""area"":""-"",""buffs"":""BEer"",""data_fields_labeled_json"":""{\""Damage per Second\"":15}"",""duration_hero"":""1.25"",""duration_normal"":""5"",""name"":""Entangling Roots"",""range"":""900"",""targets"":""enemies,ground,neutral""},""rawcode"":""A07A""}]"	"{""delivery_sites"":[{""arguments"":[""unit_getOwner(Ewn)"",""1093678913"",""852171"",""Fwn"",""unit_getPos(Fwn)"",""6.""],""callee"":""dummyCastTargetFrom1"",""effect_rawcodes"":[""A07A""],""function"":""UnitSpellClosure_registerUnitSpellWithTargetOrder_RaceNelfAbilities_cast_registerUnitSpellWithTargetOrder_RaceNelfAbilities""}]}"	UnitSpellClosure_registerUnitSpellWithTargetOrder_RaceNelfAbilities_cast_registerUnitSpellWithTargetOrder_RaceNelfAbilities	static-named-call-and-dispatch-evidence	1480933
e009	Keeper of the Grove	h01H	Ancient of Life	A0BT	NAT: Keeper of the Groove (natures touch)	25	8.0	2	ally-ground	registered-heal-armor-plus-summon	script-native-ready	A0BT,AId3,A0BU,e00D	"[{""ability_level1"":{""area"":""-"",""buffs"":""Bhea"",""data_fields_labeled_json"":""{\""Hit Points Gained\"":150}"",""duration_hero"":""0"",""duration_normal"":""0"",""name"":""NAT: Keeper of the Groove (natures touch)"",""range"":""450"",""targets"":""air,friend,ground,invulnerable,neutral,nonancient,organic,self,vulnerable""},""rawcode"":""A0BT""},{""ability_level1"":{""area"":"""",""buffs"":"""",""data_fields_labeled_json"":""{}"",""duration_hero"":"""",""duration_normal"":"""",""name"":""Item Armor Bonus"",""range"":"""",""targets"":""""},""rawcode"":""AId3""},{""ability_level1"":{""area"":""200"",""buffs"":""B021"",""data_fields_labeled_json"":""{\""Number of Summoned Units\"":2}"",""duration_hero"":""45"",""duration_normal"":""45"",""name"":""NAT: Keeper of the Grove (summon treants)"",""range"":""800"",""targets"":""_""},""rawcode"":""A0BU""},{""rawcode"":""e00D"",""unit_object"":{""abilities"":""A07G,A0BK"",""move_speed"":""270"",""name"":""Treant""}}]"	"{""delivery_sites"":[],""permanent_armor_ability_rawcode"":""AId3"",""permanent_armor_bonus"":3,""post_heal_delay_seconds"":0.6,""primary_effect_ability_rawcode"":""A0BT"",""resume_attack_after_summon_seconds"":1,""summon_ability_rawcode"":""A0BU"",""summon_order_id"":852126,""summon_order_mapping"":""AOsf-proven-by-shared-Naga-Siren-order"",""summoned_unit_count"":2,""summoned_unit_duration_seconds"":45,""summoned_unit_rawcode"":""e00D""}"	UnitSpellClosure_registerUnitSpellWithTargetOrder_RaceNatureAbilities_cast_registerUnitSpellWithTargetOrder_RaceNatureAbilities3,CallbackSingle_doAfter_RaceNatureAbilities_call_doAfter_RaceNatureAbilities3,CallbackSingle_doAfter_doAfter_RaceNatureAbilities_call_doAfter_doAfter_RaceNatureAbilities	static-named-call-and-dispatch-evidence	1473995
e00C	Ancient Keeper	h01J	Ancient of Eternity	A0BX	NAT: Ancient Keeper (treants sprout)	200	30.0	0	enemy-ground-combat-sapper	five-tree-wall-to-treants	script-native-ready	YTct,e00D	"[{""rawcode"":""YTct""},{""rawcode"":""e00D"",""unit_object"":{""abilities"":""A07G,A0BK"",""move_speed"":""270"",""name"":""Treant""}}]"	"{""delivery_sites"":[],""nearby_ground_clearance_radius"":144,""nearby_unit_displacement_radius"":[160,218],""transform_delay_seconds"":3,""treant_rawcode"":""e00D"",""treant_spawn_radius"":112,""treant_timed_life_seconds"":20,""tree_angles_degrees"":[0,72,144,216,288],""tree_count"":5,""tree_radius"":120,""tree_rawcode"":""YTct""}"	UnitSpellClosure_registerUnitSpellWithTargetOrder_RaceNatureAbilities_cast_registerUnitSpellWithTargetOrder_RaceNatureAbilities4,keeperSpell,CallbackSingle_doAfter_RaceNatureAbilities_call_doAfter_RaceNatureAbilities4,spawnTreantFromWall,CallbackSingle_doAfter_doAfter_RaceNatureAbilities_call_doAfter_doAfter_RaceNatureAbilities1	static-named-call-and-dispatch-evidence	1474496
e00F	Mountain Giant	h028	Monolith	A0BJ	NAT: Mountain Giant (taunt dummy)	0	15.0	0	enemy-ground-combat-sapper	taunt-plus-resume	script-native-ready	A0BI	"[{""ability_level1"":{""area"":""350"",""buffs"":"""",""data_fields_labeled_json"":""{\""Interval between Pulses\"":\""-\"",\""Max Units\"":0,\""Number of Pulses\"":\""-\"",\""Prefer Friendlies\"":0,\""Prefer Hostiles\"":10}"",""duration_hero"":""0"",""duration_normal"":""0"",""name"":""NAT: Mountain Giant (taunt)"",""range"":""-"",""targets"":""air,ground,enemy,vuln,invu""},""rawcode"":""A0BI""}]"	"{""delivery_sites"":[],""immediate_order_id"":852520,""immediate_order_name"":""taunt"",""order_mapping_source"":""warcraft-standard-order-id"",""resume_attack_delay_seconds"":0.6,""taunt_ability_rawcode"":""A0BI"",""taunt_area"":350,""taunt_base_ability_rawcode"":""Atau""}"	UnitSpellClosure_registerUnitSpellWithTargetOrder_RaceNatureAbilities_cast_registerUnitSpellWithTargetOrder_RaceNatureAbilities6	static-named-call-and-dispatch-evidence	1475082
e00J	Sage Druid	h07D	Moon Altar	A07R	Parasite	35	14.0	0	enemy-ground-combat-sapper	bounded-multi-target-proxy	script-native-ready	A07Q	"[{""ability_level1"":{""area"":""-"",""buffs"":""BEer"",""data_fields_labeled_json"":""{\""Damage per Second\"":35}"",""duration_hero"":""2"",""duration_normal"":""6"",""name"":""Entangling Roots"",""range"":""1000"",""targets"":""enemies,ground,neutral""},""rawcode"":""A07Q""}]"	"{""delivery_sites"":[{""arguments"":[""Dwr"",""1093678929"",""852171"",""Mwr"",""Ewr"",""11.""],""callee"":""dummyCastTargetWithVision"",""effect_rawcodes"":[""A07Q""],""function"":""assassinSpell""}],""dummy_lifetime_seconds"":11,""effect_ability_rawcode"":""A07Q"",""max_targets"":3,""search_radius"":300,""selection_policy"":""script-priority-list-then-fallback""}"	UnitSpellClosure_registerUnitSpellWithTargetOrder_RaceNelfAbilities_cast_registerUnitSpellWithTargetOrder_RaceNelfAbilities1,assassinSpell	static-named-call-and-dispatch-evidence	1481295
h00W	Wizard	h00X	Tower of Supreme Magic	A00X	HEL: Wizard (Heal (dummy))	70	12.0	2	ally-ground	proxy-object-effect	object-effect-ready	A00Y	"[{""ability_level1"":{""area"":""500"",""buffs"":"""",""data_fields_labeled_json"":""{\""Damage Reduction per Target\"":0.2,\""Damage per Target\"":300,\""Number of Targets Hit\"":6}"",""duration_hero"":""0"",""duration_normal"":""0"",""name"":""HEL: Wizard (Heal)"",""range"":""900"",""targets"":""air,ground,friend,self,vuln,invu,organic""},""rawcode"":""A00Y""}]"	"{""delivery_sites"":[{""arguments"":[""Opn"",""1093677145"",""852501"",""Ppn"",""2.""],""callee"":""dummyCastTargetFrom"",""effect_rawcodes"":[""A00Y""],""function"":""UnitSpellClosure_registerUnitSpellWithTargetOrder_RaceElvenAbilities_cast_registerUnitSpellWithTargetOrder_RaceElvenAbilities2""}]}"	UnitSpellClosure_registerUnitSpellWithTargetOrder_RaceElvenAbilities_cast_registerUnitSpellWithTargetOrder_RaceElvenAbilities2	static-named-call-and-dispatch-evidence	1447210
h03B	Crusader	h037	Chapel	A03K	HUM: Crusader/Paladin Heal	66	7.0	2	ally-ground	registered-heal-plus-inner-fire	script-native-ready	A03K,A03M	"[{""ability_level1"":{""area"":""-"",""buffs"":""Bhea"",""data_fields_labeled_json"":""{\""Hit Points Gained\"":25}"",""duration_hero"":""0"",""duration_normal"":""0"",""name"":""HUM: Crusader/Paladin Heal"",""range"":""300"",""targets"":""air,ground,friend,vuln,invu,self,organic,nonancient,neutral""},""rawcode"":""A03K""},{""ability_level1"":{""area"":""-"",""buffs"":""B00J"",""data_fields_labeled_json"":""{\""Autocast Range\"":800,\""Damage Increase (%)\"":0,\""Defense Increase\"":6,\""Life Regen Rate\"":16}"",""duration_hero"":""10"",""duration_normal"":""10"",""name"":""HUM: Crusader (inner fire)"",""range"":""800"",""targets"":""air,ground,friend,neutral,self""},""rawcode"":""A03M""}]"	"{""armor_bonus"":6,""buff_duration_seconds"":10,""delivery_sites"":[],""inner_fire_ability_rawcode"":""A03M"",""inner_fire_order_id"":852066,""inner_fire_order_mapping"":""Ainf-proven-by-feralRage-dynamic-ability-cast"",""life_regen_per_second"":16,""primary_effect_ability_rawcode"":""A03K"",""primary_heal"":25,""resume_attack_delay_seconds"":1}"	UnitSpellClosure_registerUnitSpellWithTargetOrder_RaceHumanAbilities_cast_registerUnitSpellWithTargetOrder_RaceHumanAbilities,feralRage,CallbackSingle_doAfter_RaceHumanAbilities_call_doAfter_RaceHumanAbilities	static-named-call-and-dispatch-evidence	1453221
h03C	Paladin	h038	Church	A03K	HUM: Crusader/Paladin Heal	66	7.0	2	ally-ground	registered-heal-inner-fire-maxhp-resurrection	script-native-ready	A03K,A03I,A03L,A03H	"[{""ability_level1"":{""area"":""-"",""buffs"":""Bhea"",""data_fields_labeled_json"":""{\""Hit Points Gained\"":25}"",""duration_hero"":""0"",""duration_normal"":""0"",""name"":""HUM: Crusader/Paladin Heal"",""range"":""300"",""targets"":""air,ground,friend,vuln,invu,self,organic,nonancient,neutral""},""rawcode"":""A03K""},{""ability_level1"":{""area"":""-"",""buffs"":""B00J"",""data_fields_labeled_json"":""{\""Autocast Range\"":800,\""Damage Increase (%)\"":0,\""Defense Increase\"":9,\""Life Regen Rate\"":24}"",""duration_hero"":""10"",""duration_normal"":""10"",""name"":""HUM: Inner Fire (paladin)"",""range"":""800"",""targets"":""air,ground,friend,neutral,self""},""rawcode"":""A03I""},{""ability_level1"":{""area"":""-"",""buffs"":"""",""data_fields_labeled_json"":""{\""Max Life Gained\"":100}"",""duration_hero"":""0"",""duration_normal"":""0"",""name"":""Item Life Bonus"",""range"":""-"",""targets"":""_""},""rawcode"":""A03L""},{""ability_level1"":{""area"":""900"",""buffs"":"""",""data_fields_labeled_json"":""{\""Number of Corpses Raised\"":1,\""Raised Units Are Invulnerable\"":0}"",""duration_hero"":""0"",""duration_normal"":""0"",""name"":""Resurrection"",""range"":""400"",""targets"":""air,ground,dead,friend""},""rawcode"":""A03H""}]"	"{""armor_bonus"":9,""buff_duration_seconds"":10,""delivery_sites"":[],""inner_fire_ability_rawcode"":""A03I"",""inner_fire_order_id"":852066,""inner_fire_order_mapping"":""Ainf-proven-by-feralRage-dynamic-ability-cast"",""life_regen_per_second"":24,""permanent_max_hp_bonus"":100,""permanent_max_hp_bonus_ability_rawcode"":""A03L"",""primary_effect_ability_rawcode"":""A03K"",""primary_heal"":25,""resurrection_ability_rawcode"":""A03H"",""resurrection_corpses_raised"":1,""resurrection_effect_uses_wc3_corpse_eligibility"":true,""resurrection_order_id"":852094,""resurrection_order_mapping"":""resurrection-proven-by-Holy-Warrior-A0I4-carrier"",""resurrection_precheck_checks_wc3_can_raise"":false,""resurrection_precheck_delay_seconds"":1,""resurrection_precheck_predicate"":""ally;dead;non-mechanical"",""resurrection_precheck_radius"":900}"	UnitSpellClosure_registerUnitSpellWithTargetOrder_RaceHumanAbilities_cast_registerUnitSpellWithTargetOrder_RaceHumanAbilities1,churchSpell,feralRage,CallbackSingle_doAfter_RaceHumanAbilities_call_doAfter_RaceHumanAbilities1,ForGroupCallback_forUnitsInRange_doAfter_RaceHumanAbilities_callback_forUnitsInRange_doAfter_RaceHumanAbilities	static-named-call-and-dispatch-evidence	1453606
h03V	Master Of Elements	h04E	Tower of Elder Knowledge	A0E1	Parasite	0	8.0	0	enemy-ground-combat-sapper	element-scaled-dual-projectile-system	script-native-ready	h03H,h068,A043	"[{""rawcode"":""h03H"",""unit_object"":{""abilities"":""Avul,Aloc"",""move_speed"":""270"",""name"":""Footman""}},{""rawcode"":""h068"",""unit_object"":{""abilities"":""Avul,Aloc"",""move_speed"":""270"",""name"":""Footman""}},{""ability_level1"":{""area"":""300"",""buffs"":""Bfro"",""data_fields_labeled_json"":""{\""Area of Effect Damage\"":75,\""Maximum Damage\"":\""-\"",\""Specific Target Damage\"":150}"",""duration_hero"":""3"",""duration_normal"":""6"",""name"":""NOR: Ice Queen (frost nova)"",""range"":""800"",""targets"":""air,enemies,ground,neutral""},""rawcode"":""A043""}]"	"{""branch_roll"":{""frost_otherwise"":true,""lightning_if_less_than"":50,""max"":99,""min"":0},""delivery_sites"":[{""arguments"":[""unit_getOwner(s_[dPq])"",""1093678131"",""852226"",""hPq"",""{ePq;fPq}"",""1.""],""callee"":""dummyCastTargetWithVision"",""effect_rawcodes"":[""A043""],""function"":""processSnowMissiles""}],""element_building_buckets"":{""earth"":{""bucket"":2,""building_rawcodes"":[""h040"",""h041""]},""fire"":{""bucket"":1,""building_rawcodes"":[""h045"",""h046""]},""lightning"":{""bucket"":3,""building_rawcodes"":[""h042"",""h044""]},""water"":{""bucket"":4,""building_rawcodes"":[""h03X"",""h03Y"",""h03Z""]},""wind"":{""bucket"":5,""building_rawcodes"":[""h04A"",""h04C"",""h04D""]}},""frost"":{""damage_formula"":""75 * min(1 + earth_building_count, 4)"",""direct_damage_attack_type"":""normal"",""direct_damage_type"":""cold"",""fan_max_relative_angle_degrees"":35,""fan_min_relative_angle_degrees"":-35,""frost_nova_ability_rawcode"":""A043"",""frost_nova_dummy_lifetime_seconds"":1,""frost_nova_level_formula"":""clamp(floor(wind_building_count / 4), 1, 3)"",""frost_nova_only_if_target_survives_direct_hit"":true,""frost_nova_order_id"":852226,""frost_nova_order_name"":""frostnova"",""hit_radius"":38,""initial_range_budget"":400,""maximum_travel_world_units"":520,""movement_per_tick"":26,""movement_speed_world_units_per_second"":866.6666666666667,""projectile_count_formula"":""5 + 2 * water_building_count"",""projectile_unit_rawcode"":""h068"",""range_budget_decrement_per_tick"":20,""spawn_interval_seconds"":0.04,""state_machine_source"":""processSnowMissiles"",""stops_on_first_hit"":true,""target_filter_function"":""vL"",""target_filter_status"":""resolved"",""target_filter_symbol"":""SX"",""target_predicate"":""alive-combat-sapper;enemy-of-mIb"",""tick_seconds"":0.03},""lightning"":{""damage_attack_type"":""normal"",""damage_formula"":""75 * min(1 + fire_building_count, 4)"",""damage_type"":""lightning"",""hit_radius"":34,""initial_origin_forward_offset"":30,""initial_segment_budget"":400,""lane_spacing"":50,""movement_per_tick"":20,""movement_speed_world_units_per_second"":666.6666666666667,""projectile_count_formula"":""2 + floor(lightning_building_count / 3)"",""projectile_unit_rawcode"":""h03H"",""segment_budget_decrement_per_tick"":20,""split_angle_degrees"":30,""split_budget_formula"":""2 + floor(wind_building_count / 2)"",""split_stub_budget"":50,""state_machine_source"":""processMasterLightningBolts"",""target_predicate"":""alive-combat-sapper;enemy;not-previous-hit"",""tick_seconds"":0.03},""normalization_blocker"":"""",""resolved_filter_evidence_kind"":""static-use-site-and-generated-function-structure""}"	UnitSpellClosure_registerUnitSpellWithTargetOrder_MasterOfElements_cast_registerUnitSpellWithTargetOrder_MasterOfElements,onMasterSpell,onLightningBolt,processMasterLightningBolts,findMasterLightningHit,spawnSnowMissileFanStep,processSnowMissiles,CallbackSingle_doAfter_MasterOfElements_call_doAfter_MasterOfElements	static-named-call-and-dispatch-evidence	1294101
h062	Mana Generator			A0EK	Channel	0	0	3	ally-structure	permanent-building-mana-regen-improvement	script-native-ready	A0EL	"[{""ability_level1"":{""area"":""500"",""buffs"":"""",""data_fields_labeled_json"":""{\""Amount Regenerated\"":0.15,\""Percentage\"":0}"",""duration_hero"":""0"",""duration_normal"":""0"",""name"":""Mana Regeneration"",""range"":""-"",""targets"":""structure,self""},""rawcode"":""A0EL""}]"	"{""delivery_sites"":[],""elemental_level"":2,""elemental_mana_regen_bonus"":0.3,""elemental_marker_rawcode"":""A0DS"",""improvement_ability_rawcode"":""A0EL"",""normal_level"":1,""normal_mana_regen_bonus"":0.15,""one_generator_per_target"":true,""target_requires_mana"":true,""target_requires_special_building"":true}"	UnitSpellClosure_registerUnitSpellWithTargetOrder_RaceElementalAbilities_cast_registerUnitSpellWithTargetOrder_RaceElementalAbilities,improveSpecialBuilding	static-named-call-and-dispatch-evidence	1435574
h06U	Mine Layer	h09J	Mine Layer Factory	A095	Parasite	25	0.0	6	immediate-enemy-special-unit	random-offset-landmine-placement	script-native-ready	n025	"[{""rawcode"":""n025"",""unit_object"":{""abilities"":""Aloc,A097,A098"",""move_speed"":""-"",""name"":""Landmine""}}]"	"{""carrier_speed"":700,""carrier_timed_life_seconds"":3,""carrier_unit_rawcode"":""h09M"",""delivery_sites"":[],""landmine_unit_rawcode"":""n025"",""placement_angle_degrees"":[0,360],""placement_distance_max"":220,""placement_distance_min"":50}"	UnitSpellClosure_registerUnitSpellWithTargetOrderEffect_RaceMechAbilities_cast_registerUnitSpellWithTargetOrderEffect_RaceMechAbilities,mineLayerSpell,CallbackSingle_doAfter_RaceMechAbilities_call_doAfter_RaceMechAbilities3	static-named-call-and-dispatch-evidence	1459458
h074	Holy Warrior	h072	Holy Altar	A0I0	Prayer	50	20.0	2	ally-ground	proxy-object-effect-bundle	object-effect-ready	A0I1,A0I2,A0I4	"[{""ability_level1"":{""area"":""450"",""buffs"":"""",""data_fields_labeled_json"":""{\""Hit Points Restored\"":50,\""Mana Points Restored\"":50}"",""duration_hero"":""0"",""duration_normal"":""0"",""name"":""Prayer: heal+mana"",""range"":""250"",""targets"":""air,friend,ground,invulnerable,organic,vulnerable""},""rawcode"":""A0I1""},{""ability_level1"":{""area"":""450"",""buffs"":""B00J"",""data_fields_labeled_json"":""{\""Damage Increase (%)\"":0.2,\""Defense Increase\"":3,\""Life Regeneration Rate\"":0,\""Mana Regen\"":0,\""Max Units\"":0,\""Prefer Friendlies\"":0,\""Prefer Hostiles\"":0}"",""duration_hero"":""7"",""duration_normal"":""7"",""name"":""Prayer: +dmg +armor"",""range"":""-"",""targets"":""air,friend,ground,invulnerable,organic,vulnerable""},""rawcode"":""A0I2""},{""ability_level1"":{""area"":""500"",""buffs"":"""",""data_fields_labeled_json"":""{\""Number of Corpses Raised\"":3,\""Raised Units Are Invulnerable\"":0}"",""duration_hero"":""0"",""duration_normal"":""0"",""name"":""Prayer: resurrection"",""range"":""400"",""targets"":""air,dead,friend,ground,organic""},""rawcode"":""A0I4""}]"	"{""delivery_sites"":[{""arguments"":[""hrn"",""1093683505"",""1093683506"",""1093683508"",""unit_getPos(grn)"",""1.2""],""callee"":""dummyCarrierWithAbilities1"",""effect_rawcodes"":[""A0I1"",""A0I2"",""A0I4""],""function"":""UnitSpellClosure_registerUnitSpellWithTargetOrder_RaceHumanAbilities_cast_registerUnitSpellWithTargetOrder_RaceHumanAbilities3""}]}"	UnitSpellClosure_registerUnitSpellWithTargetOrder_RaceHumanAbilities_cast_registerUnitSpellWithTargetOrder_RaceHumanAbilities3	static-named-call-and-dispatch-evidence	1454125
h07B	Sorceress	h09X	School of Wizardry	A0A7	Heal	50	8.0	2	ally-ground	proxy-object-effect	object-effect-ready	A0A8	"[{""ability_level1"":{""area"":""500"",""buffs"":"""",""data_fields_labeled_json"":""{\""Damage Reduction per Target\"":0.4,\""Damage per Target\"":150,\""Number of Targets Hit\"":2}"",""duration_hero"":""0"",""duration_normal"":""0"",""name"":""HEL: Sorceress (healing wave)"",""range"":""900"",""targets"":""air,ground,friend,self,vuln,invu,organic""},""rawcode"":""A0A8""}]"	"{""delivery_sites"":[{""arguments"":[""Hpn"",""1093681464"",""852501"",""Ipn"",""2.""],""callee"":""dummyCastTargetFrom"",""effect_rawcodes"":[""A0A8""],""function"":""UnitSpellClosure_registerUnitSpellWithTargetOrder_RaceElvenAbilities_cast_registerUnitSpellWithTargetOrder_RaceElvenAbilities1""}]}"	UnitSpellClosure_registerUnitSpellWithTargetOrder_RaceElvenAbilities_cast_registerUnitSpellWithTargetOrder_RaceElvenAbilities1	static-named-call-and-dispatch-evidence	1446815
n005	Warlock	h00K	Hjordhejmen	A00K	Parasite	35	12.0	0	enemy-ground-combat-sapper	proxy-object-effect	object-effect-ready	A0F9	"[{""ability_level1"":{""area"":""370"",""buffs"":"""",""data_fields_labeled_json"":""{\""Area of Effect Damage\"":270,\""Maximum Damage\"":\""-\"",\""Specific Target Damage\"":0}"",""duration_hero"":""0.01"",""duration_normal"":""0.01"",""name"":""NOR: Ice Queen (frost nova) warlock"",""range"":""800"",""targets"":""air,enemies,ground,neutral,ward""},""rawcode"":""A0F9""}]"	"{""delivery_sites"":[{""arguments"":[""trr"",""1093682745"",""852226"",""urr"",""1.""],""callee"":""dummyCastTargetFrom"",""effect_rawcodes"":[""A0F9""],""function"":""warlockSpell""}]}"	UnitSpellClosure_registerUnitSpellWithTargetOrder_RaceHumanAbilities_cast_registerUnitSpellWithTargetOrder_RaceHumanAbilities2	static-named-call-and-dispatch-evidence	1453865
n00S	Naga Siren	h01Z	Naga Spring	A02U	NAG: Siren (Purge (cd))	50	10.0	0	enemy-ground-combat-sapper	proxy-object-effect	object-effect-ready	A02T	"[{""ability_level1"":{""area"":""-"",""buffs"":""Bprg"",""data_fields_labeled_json"":""{\""Attack Update Frequency\"":10,\""Hero Pause Duration\"":0,\""Mana Loss\"":200,\""Movement Update Frequency\"":5,\""Summoned Unit Damage\"":150,\""Unit Pause Duration\"":1}"",""duration_hero"":""3"",""duration_normal"":""10"",""name"":""NAG: Siren (Purge)"",""range"":""1000"",""targets"":""air,ground,tree,vulnerable,ward""},""rawcode"":""A02T""}]"	"{""delivery_sites"":[{""arguments"":[""ttn"",""1093677652"",""852111"",""utn"",""2.""],""callee"":""dummyCastTargetFrom"",""effect_rawcodes"":[""A02T""],""function"":""UnitSpellClosure_registerUnitSpellWithTargetOrder_RaceNagaAbilities_cast_registerUnitSpellWithTargetOrder_RaceNagaAbilities""}]}"	UnitSpellClosure_registerUnitSpellWithTargetOrder_RaceNagaAbilities_cast_registerUnitSpellWithTargetOrder_RaceNagaAbilities	static-named-call-and-dispatch-evidence	1466248
n00Z	Chaos Champion	h03G	Greater Chaos Citadel	A03S	Parasite	0	30.0	0	enemy-ground-combat-sapper	proxy-object-effect	object-effect-ready	A03R	"[{""ability_level1"":{""area"":""525"",""buffs"":""B00K"",""data_fields_labeled_json"":""{\""Damage Increase (%)\"":0.25,\""Defense Increase\"":0,\""Life Regeneration Rate\"":0,\""Mana Regen\"":0,\""Max Units\"":0,\""Prefer Friendlies\"":0,\""Prefer Hostiles\"":0}"",""duration_hero"":""20"",""duration_normal"":""20"",""name"":""Roar"",""range"":""-"",""targets"":""air,ground,friend,self""},""rawcode"":""A03R""}]"	"{""delivery_sites"":[{""arguments"":[""vln"",""1093677906"",""852164"",""1.""],""callee"":""dummyCastImmediateFrom"",""effect_rawcodes"":[""A03R""],""function"":""UnitSpellClosure_registerUnitSpellWithTargetOrder_RaceChaosAbilities_cast_registerUnitSpellWithTargetOrder_RaceChaosAbilities""}]}"	UnitSpellClosure_registerUnitSpellWithTargetOrder_RaceChaosAbilities_cast_registerUnitSpellWithTargetOrder_RaceChaosAbilities	static-named-call-and-dispatch-evidence	1423729
n013	Ancient Wandigoo	h043	Frost Claws	A05C	Parasite	30	17.0	0	enemy-ground-combat-sapper	proxy-object-effect	object-effect-ready	A05B	"[{""ability_level1"":{""area"":""850"",""buffs"":""B01R"",""data_fields_labeled_json"":""{\""Damage Increase (%)\"":0.3,\""Defense Increase\"":4,\""Life Regeneration Rate\"":0,\""Mana Regen\"":\""-\"",\""Max Units\"":\""-\"",\""Prefer Friendlies\"":\""-\"",\""Prefer Hostiles\"":\""-\""}"",""duration_hero"":""2.5"",""duration_normal"":""10"",""name"":""Howl of Terror"",""range"":""-"",""targets"":""air,ground,enemy,neutral""},""rawcode"":""A05B""}]"	"{""delivery_sites"":[{""arguments"":[""syn"",""1093678402"",""852588"",""1.""],""callee"":""dummyCastImmediateFrom"",""effect_rawcodes"":[""A05B""],""function"":""UnitSpellClosure_registerUnitSpellWithTargetOrder_RaceNorthernAbilities_cast_registerUnitSpellWithTargetOrder_RaceNorthernAbilities1""}]}"	UnitSpellClosure_registerUnitSpellWithTargetOrder_RaceNorthernAbilities_cast_registerUnitSpellWithTargetOrder_RaceNorthernAbilities1	static-named-call-and-dispatch-evidence	1490148
n014	Ice Queen	h03S	Crystal Palace	A044	Parasite	80	10.0	0	enemy-ground-combat-sapper	proxy-object-effect	object-effect-ready	A043	"[{""ability_level1"":{""area"":""300"",""buffs"":""Bfro"",""data_fields_labeled_json"":""{\""Area of Effect Damage\"":75,\""Maximum Damage\"":\""-\"",\""Specific Target Damage\"":150}"",""duration_hero"":""3"",""duration_normal"":""6"",""name"":""NOR: Ice Queen (frost nova)"",""range"":""800"",""targets"":""air,enemies,ground,neutral""},""rawcode"":""A043""}]"	"{""delivery_sites"":[{""arguments"":[""xyn"",""1093678131"",""852226"",""yyn"",""1.""],""callee"":""dummyCastTargetFrom"",""effect_rawcodes"":[""A043""],""function"":""UnitSpellClosure_registerUnitSpellWithTargetOrder_RaceNorthernAbilities_cast_registerUnitSpellWithTargetOrder_RaceNorthernAbilities2""}]}"	UnitSpellClosure_registerUnitSpellWithTargetOrder_RaceNorthernAbilities_cast_registerUnitSpellWithTargetOrder_RaceNorthernAbilities2	static-named-call-and-dispatch-evidence	1490463
n016	Magnataur	h03W	Glacier	A05E	Parasite	25	12.0	0	enemy-ground-combat-sapper	proxy-object-effect	object-effect-ready	A05D	"[{""ability_level1"":{""area"":""250"",""buffs"":""BPSE"",""data_fields_labeled_json"":""{\""Damage\"":75,\""Terrain Deformation Amplitude\"":-50,\""Terrain Deformation Duration (ms)\"":300}"",""duration_hero"":""1.75"",""duration_normal"":""3.5"",""name"":""War Stomp"",""range"":""-"",""targets"":""ground""},""rawcode"":""A05D""}]"	"{""delivery_sites"":[{""arguments"":[""nyn"",""1093678404"",""852127"",""1.""],""callee"":""dummyCastImmediateFrom"",""effect_rawcodes"":[""A05D""],""function"":""UnitSpellClosure_registerUnitSpellWithTargetOrder_RaceNorthernAbilities_cast_registerUnitSpellWithTargetOrder_RaceNorthernAbilities""}]}"	UnitSpellClosure_registerUnitSpellWithTargetOrder_RaceNorthernAbilities_cast_registerUnitSpellWithTargetOrder_RaceNorthernAbilities	static-named-call-and-dispatch-evidence	1489834
n01O	Troll Trapper	h05E	Trapper's Hut	A06I	Parasite	0	8.0	1	enemy-flying-combat-sapper	proxy-object-effect	object-effect-ready	A06H	"[{""ability_level1"":{""area"":""-"",""buffs"":""Bena,Beng"",""data_fields_labeled_json"":""{\""Air Unit Height\"":200,\""Air Unit Lower Duration\"":0.6,\""Melee Attack Range\"":128}"",""duration_hero"":""3.13"",""duration_normal"":""16"",""name"":""Ensnare"",""range"":""800"",""targets"":""air,enemies,mechanical,neutral,organic""},""rawcode"":""A06H""}]"	"{""delivery_sites"":[{""arguments"":[""Azn"",""1093678664"",""852106"",""Bzn"",""2.""],""callee"":""dummyCastTargetFrom"",""effect_rawcodes"":[""A06H""],""function"":""UnitSpellClosure_registerUnitSpellWithTargetOrder_RaceOrcAbilities_cast_registerUnitSpellWithTargetOrder_RaceOrcAbilities""}]}"	UnitSpellClosure_registerUnitSpellWithTargetOrder_RaceOrcAbilities_cast_registerUnitSpellWithTargetOrder_RaceOrcAbilities	static-named-call-and-dispatch-evidence	1494880
n01W	Brood Mother	h00R	Spider Egg Hatchery	A0AV	NAT: Brood Mother (infest)	50	10.0	0	enemy-ground-combat-sapper	registered-infest-then-enable-autocasts	script-native-ready	A0AV,A0AS,n00T	"[{""ability_level1"":{""area"":""-"",""buffs"":""B022"",""data_fields_labeled_json"":""{\""Attack Speed Factor\"":0,\""Damage per Second\"":20,\""Movement Speed Factor\"":0,\""Stacking Type\"":8,\""Summoned Unit Count\"":2}"",""duration_hero"":""10"",""duration_normal"":""10"",""name"":""NAT: Brood Mother (infest)"",""range"":""500"",""targets"":""air,ground,enemy,organic,neutral,nonhero""},""rawcode"":""A0AV""},{""ability_level1"":{""area"":""-"",""buffs"":""Bwea,Bweb"",""data_fields_labeled_json"":""{\""Air Unit Height\"":200,\""Air Unit Lower Duration\"":0.6,\""Melee Attack Range\"":128}"",""duration_hero"":""12"",""duration_normal"":""12"",""name"":""NAT: Brood Mother (Web)"",""range"":""450"",""targets"":""ground,air,enemy,neutral""},""rawcode"":""A0AS""},{""rawcode"":""n00T"",""unit_object"":{""abilities"":""A09H"",""move_speed"":""330"",""name"":""Forest Spider""}}]"	"{""delivery_sites"":[],""first_followup_ability_rawcode"":""A0AS"",""first_followup_delay_seconds"":3,""first_followup_order_id"":852212,""first_followup_order_name"":""webon"",""order_mapping_source"":""warcraft-standard-order-id"",""primary_effect_ability_rawcode"":""A0AV"",""primary_effect_damage_per_second"":20,""primary_effect_duration_seconds"":10,""primary_effect_spawn_count_on_kill"":2,""primary_effect_spawn_unit_rawcode"":""n00T"",""resume_attack_after_second_followup"":true,""second_followup_ability_rawcode"":""A0AV"",""second_followup_delay_seconds"":3,""second_followup_order_id"":852602,""second_followup_order_name"":""parasiteon""}"	UnitSpellClosure_registerUnitSpellWithTargetOrder_RaceNatureAbilities_cast_registerUnitSpellWithTargetOrder_RaceNatureAbilities5,CallbackSingle_doAfter_RaceNatureAbilities_call_doAfter_RaceNatureAbilities5,CallbackSingle_doAfter_doAfter_RaceNatureAbilities_call_doAfter_doAfter_RaceNatureAbilities2	static-named-call-and-dispatch-evidence	1474757
n01Y	Dragonhawk Rider	h06Y	Dragonhawk Portal	A08V	Parasite	50	14.0	1	enemy-flying-combat-sapper	bounded-multi-target-proxy	script-native-ready	A08U	"[{""ability_level1"":{""area"":""-"",""buffs"":""B018"",""data_fields_labeled_json"":""{\""Damage\"":80}"",""duration_hero"":""2"",""duration_normal"":""4"",""name"":""HEL: Dragonhawk (SolarStrike)"",""range"":""99999"",""targets"":""air,enemies,mechanical,organic""},""rawcode"":""A08U""}]"	"{""delivery_sites"":[{""arguments"":[""Eqr"",""1093679189"",""852095"",""Jqr"",""Fqr"",""3.""],""callee"":""dummyCastTargetWithVision"",""effect_rawcodes"":[""A08U""],""function"":""solarStrikeSpell""}],""dummy_lifetime_seconds"":3,""effect_ability_rawcode"":""A08U"",""max_targets"":4,""search_radius"":400,""target_predicate"":""alive-combat-sapper;enemy;flying;missing-Avul""}"	UnitSpellClosure_registerUnitSpellWithTargetOrder_RaceElvenAbilities_cast_registerUnitSpellWithTargetOrder_RaceElvenAbilities,solarStrikeSpell,ForGroupCallback_forUnitsInRange_RaceElvenAbilities_callback_forUnitsInRange_RaceElvenAbilities	static-named-call-and-dispatch-evidence	1446552
n026	Furbolg Shaman	h00Y	Furbolg Hut	A0C0	NAT: Furbolg Shaman (rejuvenation (dummy))	50	16.0	2	ally-ground	proxy-object-effect	object-effect-ready	A0AW	"[{""ability_level1"":{""area"":""-"",""buffs"":""Brej"",""data_fields_labeled_json"":""{\""Allow When Full\"":3,\""Hit Points Gained\"":200,\""Mana Points Gained\"":0,\""No Target Required\"":0}"",""duration_hero"":""10"",""duration_normal"":""10"",""name"":""NAT: Furbolg Shaman (rejuvenation)"",""range"":""800"",""targets"":""air,ground,friend,vuln,invu,self,organic,neutral""},""rawcode"":""A0AW""}]"	"{""delivery_sites"":[{""arguments"":[""Mun"",""1093681495"",""852160"",""Oun"",""unit_getPos(Nun)"",""2.""],""callee"":""dummyCastTargetFrom1"",""effect_rawcodes"":[""A0AW""],""function"":""UnitSpellClosure_registerUnitSpellWithTargetOrder_RaceNatureAbilities_cast_registerUnitSpellWithTargetOrder_RaceNatureAbilities""}]}"	UnitSpellClosure_registerUnitSpellWithTargetOrder_RaceNatureAbilities_cast_registerUnitSpellWithTargetOrder_RaceNatureAbilities	static-named-call-and-dispatch-evidence	1472505
n027	Corrupted Annihilator	h09Y	Corrupted Ancient of Annihilation	A0AE	Parasite	40	15.0	0	enemy-ground-combat-sapper	four-lane-cone-proxy	script-native-ready	A0AF	"[{""ability_level1"":{""area"":""200"",""buffs"":""B01S"",""data_fields_labeled_json"":""{\""Air Time (seconds)\"":0.1,\""Airborne Targets Vulnerable\"":0,\""Damage Dealt\"":250,\""Uninterruptible\"":0,\""Wave Distance\"":800,\""Wave Time (seconds)\"":0.3}"",""duration_hero"":""1.75"",""duration_normal"":""3.5"",""name"":""Impale"",""range"":""1000"",""targets"":""enemies,ground,neutral""},""rawcode"":""A0AF""}]"	"{""cast_origin_offset"":10,""delivery_sites"":[{""arguments"":[""amr"",""1093681478"",""852555"",""vec2_polarOffset(bmr,emr,10.)"",""bmr"",""2.""],""callee"":""dummyCastPointFrom"",""effect_rawcodes"":[""A0AF""],""function"":""annihilatorSpell""}],""dummy_lifetime_seconds"":2,""effect_ability_rawcode"":""A0AF"",""lane_count"":4,""relative_angles_degrees"":[-20,-10,0,10]}"	UnitSpellClosure_registerUnitSpellWithTargetOrder_RaceCorruptedAbilities_cast_registerUnitSpellWithTargetOrder_RaceCorruptedAbilities,annihilatorSpell	static-named-call-and-dispatch-evidence	1426557
n028	Furbolg Elder Shaman	h012	Furbolg Abode	A0C1	NAT: Furbolg Elder Shaman (rejuvenation (dummy))	50	14.0	2	ally-ground	proxy-object-effect	object-effect-ready	A0AX	"[{""ability_level1"":{""area"":""-"",""buffs"":""Brej"",""data_fields_labeled_json"":""{\""Allow When Full\"":3,\""Hit Points Gained\"":400,\""Mana Points Gained\"":0,\""No Target Required\"":0}"",""duration_hero"":""10"",""duration_normal"":""10"",""name"":""NAT: Furbolg Elder Shaman (rejuvenation)"",""range"":""800"",""targets"":""air,ground,friend,vuln,invu,self,organic,neutral""},""rawcode"":""A0AX""}]"	"{""delivery_sites"":[{""arguments"":[""Wun"",""1093681496"",""852160"",""Yun"",""unit_getPos(Xun)"",""2.""],""callee"":""dummyCastTargetFrom1"",""effect_rawcodes"":[""A0AX""],""function"":""UnitSpellClosure_registerUnitSpellWithTargetOrder_RaceNatureAbilities_cast_registerUnitSpellWithTargetOrder_RaceNatureAbilities1""}]}"	UnitSpellClosure_registerUnitSpellWithTargetOrder_RaceNatureAbilities_cast_registerUnitSpellWithTargetOrder_RaceNatureAbilities1	static-named-call-and-dispatch-evidence	1472999
n02G	Forest Troll Trapper	h06D	Forest Trapper's Hole	A0FB	Parasite(leg troll)	0	8.0	1	enemy-flying-combat-sapper	bounded-multi-target-proxy	script-native-ready	A0FC	"[{""ability_level1"":{""area"":""-"",""buffs"":""Bena,Beng"",""data_fields_labeled_json"":""{\""Air Unit Height\"":200,\""Air Unit Lower Duration\"":0.6,\""Melee Attack Range\"":128}"",""duration_hero"":""3.13"",""duration_normal"":""16"",""name"":""Ensnare (Leg Troll)"",""range"":""800"",""targets"":""air,enemies,mechanical,neutral,organic""},""rawcode"":""A0FC""}]"	"{""delivery_sites"":[{""arguments"":[""xAr"",""1093682755"",""852106"",""CAr"",""yAr"",""2.""],""callee"":""dummyCastTargetWithVision"",""effect_rawcodes"":[""A0FC""],""function"":""forestTrollTrapperSpell""}],""dummy_lifetime_seconds"":2,""effect_ability_rawcode"":""A0FC"",""max_targets"":5,""search_radius"":800,""target_predicate"":""alive-combat-sapper;enemy;flying""}"	UnitSpellClosure_registerUnitSpellWithTargetOrder_RaceOrcAbilities_cast_registerUnitSpellWithTargetOrder_RaceOrcAbilities1,forestTrollTrapperSpell,ForGroupCallback_forUnitsInRange_RaceOrcAbilities_callback_forUnitsInRange_RaceOrcAbilities	static-named-call-and-dispatch-evidence	1495207
n02L	Twin Smiley			A0FU	Parasite(twins)	0	20.0	0	enemy-ground-combat-sapper	projectile-aoe-mana-burn	script-native-ready	A0FS	"[{""ability_level1"":{""area"":""600"",""buffs"":""Bslo"",""data_fields_labeled_json"":""{\""AOE Damage\"":20,\""Attack Speed Reduction (%)\"":0.5,\""Maximum Damage\"":\""-\"",\""Movement Speed Reduction (%)\"":0.5,\""Specific Target Damage\"":0}"",""duration_hero"":""5"",""duration_normal"":""5"",""name"":""Twins:Thunder Clap"",""range"":""-"",""targets"":""enemies,ground""},""rawcode"":""A0FS""}]"	"{""bonus_damage_equals_mana_burn"":true,""carrier_timed_life_seconds"":3,""delivery_sites"":[{""arguments"":[""Akn.p"",""1093682771"",""852096"",""Akn.tpos"",""3.""],""callee"":""dummyCarrierCastImmediate"",""effect_rawcodes"":[""A0FS""],""function"":""CallbackSingle_doAfter_RaceChaosAbilities_call_doAfter_RaceChaosAbilities1""}],""impact_ability_rawcode"":""A0FS"",""impact_radius"":600,""max_mana_burn_per_target"":100,""projectile_speed"":700,""target_predicate"":""alive-combat-sapper;enemy;ground;missing-Avul;missing-A08H""}"	UnitSpellClosure_registerUnitSpellWithTargetOrder_RaceChaosAbilities_cast_registerUnitSpellWithTargetOrder_RaceChaosAbilities1,CallbackSingle_doAfter_RaceChaosAbilities_call_doAfter_RaceChaosAbilities1,ForGroupCallback_forUnitsInRange_doAfter_RaceChaosAbilities_callback_forUnitsInRange_doAfter_RaceChaosAbilities	static-named-call-and-dispatch-evidence	1424168
n02Y	Ogre Lord	n02O	Den of the Ogre Lord	A0GB	DST: Ogre auto	0	16.0	0	enemy-ground-combat-sapper	delayed-berserk-rage	script-native-ready	A0GR	"[{""ability_level1"":{""area"":""-"",""buffs"":""B02T"",""data_fields_labeled_json"":""{\""Attack Speed Increase\"":1.4,\""Damage Taken Increase\"":0.01,\""Movement Speed Increase\"":0.15}"",""duration_hero"":""6"",""duration_normal"":""6"",""name"":""OgreLords rage"",""range"":""-"",""targets"":""_""},""rawcode"":""A0GR""}]"	"{""attack_speed_increase"":1.4,""berserk_ability_rawcode"":""A0GR"",""berserk_order_id"":852100,""berserk_order_mapping"":""Absk-proven-by-independent-Troll-Trapper-runtime-order"",""damage_taken_increase"":0.01,""delivery_sites"":[],""duration_seconds"":6,""movement_speed_increase"":0.15,""random_activation_delay_seconds"":[0.1,0.3],""resume_attack_delay_seconds"":0.1}"	UnitSpellClosure_registerUnitSpellWithTargetOrder_RaceDesertAbilities_cast_registerUnitSpellWithTargetOrder_RaceDesertAbilities2,CallbackSingle_doAfter_RaceDesertAbilities_call_doAfter_RaceDesertAbilities1	static-named-call-and-dispatch-evidence	1432431
n030	Sandkin	n039	Sandkin Burrow	A0G8	DST: Sandkin abil	35	12.0	0	enemy-ground-combat-sapper	periodic-sandcloud-carrier	script-native-ready	A0GA	"[{""ability_level1"":{""area"":""220"",""buffs"":""B02R"",""data_fields_labeled_json"":""{\""Attack Speed Modifier\"":0,\""Attacks Prevented\"":0,\""Chance To Miss (%)\"":0.3,\""Movement Speed Modifier\"":0}"",""duration_hero"":""1.2"",""duration_normal"":""1.2"",""name"":""Sandcloud"",""range"":""1000"",""targets"":""air,enemies,structure,ground,neutral,invulnerable,vulnerable""},""rawcode"":""A0GA""}]"	"{""carrier_lifetime_seconds"":5.7,""cast_iterations"":5,""delivery_sites"":[],""effect_ability_rawcode"":""A0GA"",""period_seconds"":1}"	UnitSpellClosure_registerUnitSpellWithTargetOrder_RaceDesertAbilities_cast_registerUnitSpellWithTargetOrder_RaceDesertAbilities,spellSandCloud,CallbackPeriodic_doPeriodically_RaceDesertAbilities_call_doPeriodically_RaceDesertAbilities	static-named-call-and-dispatch-evidence	1431904
n032	Harpy Witch	n03B	Nest of Harpy Witch	A0G9	DST: Harpy auto	24	14.0	0	enemy-ground-combat-sapper	delayed-life-steal	script-native-ready		[]	"{""damage_attack_type"":""chaos"",""damage_equals_life_stolen"":true,""damage_type"":""normal"",""delivery_sites"":[],""heal_caster_by_actual_damage"":true,""maximum_life_stolen"":75,""random_delay_seconds"":[0.1,0.6]}"	UnitSpellClosure_registerUnitSpellWithTargetOrder_RaceDesertAbilities_cast_registerUnitSpellWithTargetOrder_RaceDesertAbilities4,CallbackSingle_doAfter_RaceDesertAbilities_call_doAfter_RaceDesertAbilities2	static-named-call-and-dispatch-evidence	1433220
n034	Harpies' Matriarch	n031	Nest of Harpy Matriarch	A0H1	DST: Matriarch auto	0	16.0	0	enemy-ground-combat-sapper	proxy-object-effect	object-effect-ready	A0GM	"[{""ability_level1"":{""area"":""800"",""buffs"":"""",""data_fields_labeled_json"":""{\""Damage Return Factor\"":0.75,\""Damage Return Threshold\"":20,\""Max Swarm Units Per Target\"":2,\""Number of Swarm Units\"":7,\""Unit Release Interval (seconds)\"":0.15}"",""duration_hero"":""15"",""duration_normal"":""15"",""name"":""Harpy Swarm"",""range"":""-"",""targets"":""air,ground,enemy""},""rawcode"":""A0GM""}]"	"{""delivery_sites"":[{""arguments"":[""unit_getOwner(ynn)"",""1093683021"",""OrderId()"",""unit_getPos(znn)"",""15.""],""callee"":""dummyCastImmediateFrom1"",""effect_rawcodes"":[""A0GM""],""function"":""UnitSpellClosure_registerUnitSpellWithTargetOrder_RaceDesertAbilities_cast_registerUnitSpellWithTargetOrder_RaceDesertAbilities3""}]}"	UnitSpellClosure_registerUnitSpellWithTargetOrder_RaceDesertAbilities_cast_registerUnitSpellWithTargetOrder_RaceDesertAbilities3	static-named-call-and-dispatch-evidence	1432817
n035	Monstrous Sandkin	n02R	Monstrous Sandkin Burrow	A0G8	DST: Sandkin abil	35	12.0	0	enemy-ground-combat-sapper	periodic-sandcloud-carrier	script-native-ready	A0HP	"[{""ability_level1"":{""area"":""300"",""buffs"":""B02R"",""data_fields_labeled_json"":""{\""Attack Speed Modifier\"":0,\""Attacks Prevented\"":0,\""Chance To Miss (%)\"":0.45,\""Movement Speed Modifier\"":0}"",""duration_hero"":""1.2"",""duration_normal"":""1.2"",""name"":""Sandcloud2x"",""range"":""1000"",""targets"":""air,enemies,structure,ground,neutral,invulnerable,vulnerable""},""rawcode"":""A0HP""}]"	"{""carrier_lifetime_seconds"":5.7,""cast_iterations"":5,""delivery_sites"":[],""effect_ability_rawcode"":""A0HP"",""period_seconds"":1}"	UnitSpellClosure_registerUnitSpellWithTargetOrder_RaceDesertAbilities_cast_registerUnitSpellWithTargetOrder_RaceDesertAbilities1,spellSandCloud,CallbackPeriodic_doPeriodically_RaceDesertAbilities_call_doPeriodically_RaceDesertAbilities	static-named-call-and-dispatch-evidence	1432167
n03E	Sagepaw Monk	n03D	Bamboo Dojo	A0GN	PAN: Panda Monk Heal	30	11.0	7	ally-any	proxy-object-effect	object-effect-ready	A0GP	"[{""ability_level1"":{""area"":""175"",""buffs"":""BNhs"",""data_fields_labeled_json"":""{\""Building Damage Factor\"":1,\""Damage Amount\"":40,\""Damage Interval\"":1,\""Max Damage\"":250,\""Missile Count\"":3,\""Wave Count\"":1}"",""duration_hero"":""0"",""duration_normal"":""0"",""name"":""PAN: Healing Spray"",""range"":""500"",""targets"":""air,friend,ground""},""rawcode"":""A0GP""}]"	"{""delivery_sites"":[{""arguments"":[""unit_getOwner(C0m)"",""1093683024"",""OrderId()"",""unit_getPos(B0m)"",""unit_getPos(C0m)"",""2.""],""callee"":""dummyCastPointFrom"",""effect_rawcodes"":[""A0GP""],""function"":""UnitSpellClosure_registerUnitSpellWithTargetOrder_MonkHeal_cast_registerUnitSpellWithTargetOrder_MonkHeal""}]}"	UnitSpellClosure_registerUnitSpellWithTargetOrder_MonkHeal_cast_registerUnitSpellWithTargetOrder_MonkHeal	static-named-call-and-dispatch-evidence	1323091
n03T	Sagepaw Soulkeeper	n03S	Sagepaw Sanctum	A0GN	PAN: Panda Monk Heal	30	11.0	7	ally-any	proxy-object-effect	object-effect-ready	A0HI	"[{""ability_level1"":{""area"":""175"",""buffs"":""BNhs"",""data_fields_labeled_json"":""{\""Building Damage Factor\"":1,\""Damage Amount\"":85,\""Damage Interval\"":1,\""Max Damage\"":1200,\""Missile Count\"":4,\""Wave Count\"":1}"",""duration_hero"":""0"",""duration_normal"":""0"",""name"":""PAN: Healing Spray 2"",""range"":""500"",""targets"":""air,friend,ground""},""rawcode"":""A0HI""}]"	"{""delivery_sites"":[{""arguments"":[""unit_getOwner(K0m)"",""1093683273"",""OrderId()"",""unit_getPos(J0m)"",""unit_getPos(K0m)"",""2.""],""callee"":""dummyCastPointFrom"",""effect_rawcodes"":[""A0HI""],""function"":""UnitSpellClosure_registerUnitSpellWithTargetOrder_MonkHeal_cast_registerUnitSpellWithTargetOrder_MonkHeal1""}]}"	UnitSpellClosure_registerUnitSpellWithTargetOrder_MonkHeal_cast_registerUnitSpellWithTargetOrder_MonkHeal1	static-named-call-and-dispatch-evidence	1323542
z003	Flamegunner Sergeant	h09P	Arsenal	A09D	Parasite	0	15.0	0	enemy-ground-combat-sapper	projectile-aoe-mana-burn	script-native-ready	A09E	"[{""ability_level1"":{""area"":""300"",""buffs"":""B01Y"",""data_fields_labeled_json"":""{\""AOE Damage\"":20,\""Attack Speed Reduction (%)\"":0.5,\""Maximum Damage\"":\""-\"",\""Movement Speed Reduction (%)\"":0.5,\""Specific Target Damage\"":0}"",""duration_hero"":""3"",""duration_normal"":""3"",""name"":""Thunder Clap"",""range"":""-"",""targets"":""enemies,ground""},""rawcode"":""A09E""}]"	"{""bonus_damage_equals_mana_burn"":true,""carrier_timed_life_seconds"":3,""delivery_sites"":[{""arguments"":[""yrn.p"",""1093679429"",""852096"",""yrn.tpos"",""3.""],""callee"":""dummyCarrierCastImmediate"",""effect_rawcodes"":[""A09E""],""function"":""CallbackSingle_doAfter_RaceMechAbilities_call_doAfter_RaceMechAbilities2""}],""impact_ability_rawcode"":""A09E"",""impact_radius"":300,""max_mana_burn_per_target"":100,""projectile_speed"":700,""target_predicate"":""alive-combat-sapper;enemy;ground;missing-Avul;missing-A08H""}"	UnitSpellClosure_registerUnitSpellWithTargetOrder_RaceMechAbilities_cast_registerUnitSpellWithTargetOrder_RaceMechAbilities,CallbackSingle_doAfter_RaceMechAbilities_call_doAfter_RaceMechAbilities2,ForGroupCallback_forUnitsInRange_doAfter_RaceMechAbilities_callback_forUnitsInRange_doAfter_RaceMechAbilities	static-named-call-and-dispatch-evidence	1458749
