unit_rawcode	unit_names	production_building_rawcode	production_building_names	ability_rawcode	definition_source	base_rawcode	ability_name	ability_tip	ability_ubertip	static_mana_cost	effective_mana_cost	mana_cost_source	static_cooldown	effective_cooldown	cooldown_source	base_order	range	area	targets	buffs	data_fields_json	data_fields_labeled_json	target_mode	target_mode_label	registered_order_id	order_expression_kind	expected_immediate_unit_rawcode	expected_immediate_unit_name	handler_function	registration_function	evidence_kind	byte_offset
h03V	Master Of Elements	h04E	Tower of Elder Knowledge	A0E1	map-resolved	ACpa	Parasite	Parasite	Afflicts a target enemy unit with a deadly parasite that deals <ANpa,DataA1> damage per second for <ANpa,Dur1> seconds. If the afflicted unit dies while under the effect of Parasite, a minor minion will spawn from its corpse.	9999	0	protected-runtime	99	8.0	protected-runtime	parasite	800	-	air,enemies,ground,neutral,nonhero,vulnerable	B019	"{""DataA"":0,""DataB"":0,""DataC"":0,""DataD"":0,""DataE"":1}"	"{""Attack Speed Factor"":0,""Damage per Second"":0,""Movement Speed Factor"":0,""Stacking Type"":0,""Summoned Unit Count"":1}"	0	enemy-ground-combat-sapper		protected-order-expression			UnitSpellClosure_registerUnitSpellWithTargetOrder_MasterOfElements_cast_registerUnitSpellWithTargetOrder_MasterOfElements	CI	protected-registry-call	3281355
n03E	Sagepaw Monk	n03D	Bamboo Dojo	A0GN	map-resolved	Ahea	PAN: Panda Monk Heal	Heal	Heals a target friendly non-mechanical wounded unit for <Ahea,DataA1> hit points.	9999	30	protected-runtime	99	11.0	protected-runtime	heal	350	-	air,ground,friend,vuln,invu,self,organic,nonancient,neutral	Bhea	"{""DataA"":50}"	"{""Hit Points Gained"":50}"	7	ally-any		protected-order-expression			UnitSpellClosure_registerUnitSpellWithTargetOrder_MonkHeal_cast_registerUnitSpellWithTargetOrder_MonkHeal	NI	protected-registry-call	3389798
n03T	Sagepaw Soulkeeper	n03S	Sagepaw Sanctum	A0GN	map-resolved	Ahea	PAN: Panda Monk Heal	Heal	Heals a target friendly non-mechanical wounded unit for <Ahea,DataA1> hit points.	9999	30	protected-runtime	99	11.0	protected-runtime	heal	350	-	air,ground,friend,vuln,invu,self,organic,nonancient,neutral	Bhea	"{""DataA"":50}"	"{""Hit Points Gained"":50}"	7	ally-any		protected-order-expression			UnitSpellClosure_registerUnitSpellWithTargetOrder_MonkHeal_cast_registerUnitSpellWithTargetOrder_MonkHeal1	NI	protected-registry-call	3390065
n00Z	Chaos Champion	h03G	Greater Chaos Citadel	A03S	map-resolved	ACpa	Parasite	Parasite	Afflicts a target enemy unit with a deadly parasite that deals <ANpa,DataA1> damage per second for <ANpa,Dur1> seconds. If the afflicted unit dies while under the effect of Parasite, a minor minion will spawn from its corpse.	9999	0	protected-runtime	99	30.0	protected-runtime	parasite	400	-	enemies,ground,neutral,nonhero,structure	B019	"{""DataA"":0,""DataB"":0,""DataC"":0,""DataD"":0,""DataE"":1}"	"{""Attack Speed Factor"":0,""Damage per Second"":0,""Movement Speed Factor"":0,""Stacking Type"":0,""Summoned Unit Count"":1}"	0	enemy-ground-combat-sapper		protected-order-expression			UnitSpellClosure_registerUnitSpellWithTargetOrder_RaceChaosAbilities_cast_registerUnitSpellWithTargetOrder_RaceChaosAbilities	lK	protected-registry-call	3522819
n02L	Twin Smiley			A0FU	map-resolved	ACpa	Parasite(twins)	Parasite	Afflicts a target enemy unit with a deadly parasite that deals <ANpa,DataA1> damage per second for <ANpa,Dur1> seconds. If the afflicted unit dies while under the effect of Parasite, a minor minion will spawn from its corpse.	9999	0	protected-runtime	99	20.0	protected-runtime	parasite	800	-	enemies,ground,neutral,nonhero,vulnerable	B019	"{""DataA"":0,""DataB"":0,""DataC"":0,""DataD"":0,""DataE"":1}"	"{""Attack Speed Factor"":0,""Damage per Second"":0,""Movement Speed Factor"":0,""Stacking Type"":0,""Summoned Unit Count"":1}"	0	enemy-ground-combat-sapper		protected-order-expression			UnitSpellClosure_registerUnitSpellWithTargetOrder_RaceChaosAbilities_cast_registerUnitSpellWithTargetOrder_RaceChaosAbilities1	lK	protected-registry-call	3523094
n027	Corrupted Annihilator	h09Y	Corrupted Ancient of Annihilation	A0AE	map-resolved	ACpa	Parasite	Parasite	Afflicts a target enemy unit with a deadly parasite that deals <ANpa,DataA1> damage per second for <ANpa,Dur1> seconds. If the afflicted unit dies while under the effect of Parasite, a minor minion will spawn from its corpse.	9999	40	protected-runtime	99	15.0	protected-runtime	parasite	400	-	enemies,ground,nonhero,vulnerable	B01T	"{""DataA"":0,""DataB"":0,""DataC"":0,""DataD"":0,""DataE"":1}"	"{""Attack Speed Factor"":0,""Damage per Second"":0,""Movement Speed Factor"":0,""Stacking Type"":0,""Summoned Unit Count"":1}"	0	enemy-ground-combat-sapper		protected-order-expression			UnitSpellClosure_registerUnitSpellWithTargetOrder_RaceCorruptedAbilities_cast_registerUnitSpellWithTargetOrder_RaceCorruptedAbilities	oK	protected-registry-call	3535997
n030	Sandkin	n039	Sandkin Burrow	A0G8	map-resolved	ACpa	DST: Sandkin abil	Parasite	Afflicts a target enemy unit with a deadly parasite that deals <ANpa,DataA1> damage per second for <ANpa,Dur1> seconds. If the afflicted unit dies while under the effect of Parasite, a minor minion will spawn from its corpse.	9999	35	protected-runtime	99	12.0	protected-runtime	parasite	450	-	enemies,ground	B019	"{""DataA"":0,""DataB"":0,""DataC"":0,""DataD"":0,""DataE"":1}"	"{""Attack Speed Factor"":0,""Damage per Second"":0,""Movement Speed Factor"":0,""Stacking Type"":0,""Summoned Unit Count"":1}"	0	enemy-ground-combat-sapper		protected-order-expression			UnitSpellClosure_registerUnitSpellWithTargetOrder_RaceDesertAbilities_cast_registerUnitSpellWithTargetOrder_RaceDesertAbilities	rK	protected-registry-call	3546214
n035	Monstrous Sandkin	n02R	Monstrous Sandkin Burrow	A0G8	map-resolved	ACpa	DST: Sandkin abil	Parasite	Afflicts a target enemy unit with a deadly parasite that deals <ANpa,DataA1> damage per second for <ANpa,Dur1> seconds. If the afflicted unit dies while under the effect of Parasite, a minor minion will spawn from its corpse.	9999	35	protected-runtime	99	12.0	protected-runtime	parasite	450	-	enemies,ground	B019	"{""DataA"":0,""DataB"":0,""DataC"":0,""DataD"":0,""DataE"":1}"	"{""Attack Speed Factor"":0,""Damage per Second"":0,""Movement Speed Factor"":0,""Stacking Type"":0,""Summoned Unit Count"":1}"	0	enemy-ground-combat-sapper		protected-order-expression			UnitSpellClosure_registerUnitSpellWithTargetOrder_RaceDesertAbilities_cast_registerUnitSpellWithTargetOrder_RaceDesertAbilities1	rK	protected-registry-call	3546489
n02Y	Ogre Lord	n02O	Den of the Ogre Lord	A0GB	map-resolved	ACpa	DST: Ogre auto	Parasite	Afflicts a target enemy unit with a deadly parasite that deals <ANpa,DataA1> damage per second for <ANpa,Dur1> seconds. If the afflicted unit dies while under the effect of Parasite, a minor minion will spawn from its corpse.	9999	0	protected-runtime	99	16.0	protected-runtime	parasite	180	-	enemies,ground	B019	"{""DataA"":0,""DataB"":0,""DataC"":0,""DataD"":0,""DataE"":1}"	"{""Attack Speed Factor"":0,""Damage per Second"":0,""Movement Speed Factor"":0,""Stacking Type"":0,""Summoned Unit Count"":1}"	0	enemy-ground-combat-sapper		protected-order-expression			UnitSpellClosure_registerUnitSpellWithTargetOrder_RaceDesertAbilities_cast_registerUnitSpellWithTargetOrder_RaceDesertAbilities2	rK	protected-registry-call	3546764
n034	Harpies' Matriarch	n031	Nest of Harpy Matriarch	A0H1	map-resolved	ACpa	DST: Matriarch auto	Parasite	Afflicts a target enemy unit with a deadly parasite that deals <ANpa,DataA1> damage per second for <ANpa,Dur1> seconds. If the afflicted unit dies while under the effect of Parasite, a minor minion will spawn from its corpse.	9999	0	protected-runtime	99	16.0	protected-runtime	parasite	350	-	air,enemies,ground	B019	"{""DataA"":0,""DataB"":0,""DataC"":0,""DataD"":0,""DataE"":1}"	"{""Attack Speed Factor"":0,""Damage per Second"":0,""Movement Speed Factor"":0,""Stacking Type"":0,""Summoned Unit Count"":1}"	0	enemy-ground-combat-sapper		protected-order-expression			UnitSpellClosure_registerUnitSpellWithTargetOrder_RaceDesertAbilities_cast_registerUnitSpellWithTargetOrder_RaceDesertAbilities3	rK	protected-registry-call	3547039
n032	Harpy Witch	n03B	Nest of Harpy Witch	A0G9	map-resolved	ACpa	DST: Harpy auto	Parasite	Afflicts a target enemy unit with a deadly parasite that deals <ANpa,DataA1> damage per second for <ANpa,Dur1> seconds. If the afflicted unit dies while under the effect of Parasite, a minor minion will spawn from its corpse.	9999	24	protected-runtime	99	14.0	protected-runtime	parasite	450	-	air,enemies,ground,organic	B019	"{""DataA"":0,""DataB"":0,""DataC"":0,""DataD"":0,""DataE"":1}"	"{""Attack Speed Factor"":0,""Damage per Second"":0,""Movement Speed Factor"":0,""Stacking Type"":0,""Summoned Unit Count"":1}"	0	enemy-ground-combat-sapper		protected-order-expression			UnitSpellClosure_registerUnitSpellWithTargetOrder_RaceDesertAbilities_cast_registerUnitSpellWithTargetOrder_RaceDesertAbilities4	rK	protected-registry-call	3547314
h062	Mana Generator			A0EK	map-resolved	ANcl	Channel	Mana Transfusion	Transfers 0.30 mana per minute to the targeted building. Targeted building can not be changed to another one. For nonelemental buildings mana regeneration is twice slow.	0	0	static-resolved	0	0	static-resolved	absorb	500	-	friend,structure		"{""DataA"":0.98,""DataB"":1,""DataC"":17,""DataD"":0.98,""DataE"":1,""DataF"":""absorb""}"	"{""Art Duration"":0.98,""Base Order ID"":""absorb"",""Disable Other Abilities"":1,""Follow Through Time"":0.98,""Options"":17,""Target Type"":1}"	3	ally-structure		protected-order-expression			UnitSpellClosure_registerUnitSpellWithTargetOrder_RaceElementalAbilities_cast_registerUnitSpellWithTargetOrder_RaceElementalAbilities	xK	protected-registry-call	3561816
n01Y	Dragonhawk Rider	h06Y	Dragonhawk Portal	A08V	map-resolved	ACpa	Parasite	Parasite	Afflicts a target enemy unit with a deadly parasite that deals <ANpa,DataA1> damage per second for <ANpa,Dur1> seconds. If the afflicted unit dies while under the effect of Parasite, a minor minion will spawn from its corpse.	50	50	static-resolved	99	14.0	protected-runtime	parasite	800	-	air,enemies,neutral,nonhero	B01V	"{""DataA"":0,""DataB"":0,""DataC"":0,""DataD"":0,""DataE"":1}"	"{""Attack Speed Factor"":0,""Damage per Second"":0,""Movement Speed Factor"":0,""Stacking Type"":0,""Summoned Unit Count"":1}"	1	enemy-flying-combat-sapper		protected-order-expression			UnitSpellClosure_registerUnitSpellWithTargetOrder_RaceElvenAbilities_cast_registerUnitSpellWithTargetOrder_RaceElvenAbilities	BK	protected-registry-call	3573196
h07B	Sorceress	h09X	School of Wizardry	A0A7	map-resolved	Ahea	Heal	Heal	Heals a target friendly non-mechanical wounded unit for <Ahea,DataA1> hit points.	9999	50	protected-runtime	99	8.0	protected-runtime	heal	500	-	air,ground,friend,vuln,invu,self,organic,nonancient,neutral	Bhea	"{""DataA"":1}"	"{""Hit Points Gained"":1}"	2	ally-ground		protected-order-expression			UnitSpellClosure_registerUnitSpellWithTargetOrder_RaceElvenAbilities_cast_registerUnitSpellWithTargetOrder_RaceElvenAbilities1	BK	protected-registry-call	3573463
h00W	Wizard	h00X	Tower of Supreme Magic	A00X	map-resolved	Ahea	HEL: Wizard (Heal (dummy))	Heal	Heals a target friendly non-mechanical wounded unit for <Ahea,DataA1> hit points.	9999	70	protected-runtime	99	12.0	protected-runtime	heal	500	-	air,ground,friend,vuln,invu,self,organic,nonancient,neutral	Bhea	"{""DataA"":1}"	"{""Hit Points Gained"":1}"	2	ally-ground		protected-order-expression			UnitSpellClosure_registerUnitSpellWithTargetOrder_RaceElvenAbilities_cast_registerUnitSpellWithTargetOrder_RaceElvenAbilities2	BK	protected-registry-call	3573730
h03B	Crusader	h037	Chapel	A03K	map-resolved	Ahea	HUM: Crusader/Paladin Heal	Heal	Heals a target friendly non-mechanical wounded unit for <Ahea,DataA1> hit points.	9999	66	protected-runtime	99	7.0	protected-runtime	heal	300	-	air,ground,friend,vuln,invu,self,organic,nonancient,neutral	Bhea	"{""DataA"":25}"	"{""Hit Points Gained"":25}"	2	ally-ground		protected-order-expression			UnitSpellClosure_registerUnitSpellWithTargetOrder_RaceHumanAbilities_cast_registerUnitSpellWithTargetOrder_RaceHumanAbilities	DK	protected-registry-call	3580414
h03C	Paladin	h038	Church	A03K	map-resolved	Ahea	HUM: Crusader/Paladin Heal	Heal	Heals a target friendly non-mechanical wounded unit for <Ahea,DataA1> hit points.	9999	66	protected-runtime	99	7.0	protected-runtime	heal	300	-	air,ground,friend,vuln,invu,self,organic,nonancient,neutral	Bhea	"{""DataA"":25}"	"{""Hit Points Gained"":25}"	2	ally-ground		protected-order-expression			UnitSpellClosure_registerUnitSpellWithTargetOrder_RaceHumanAbilities_cast_registerUnitSpellWithTargetOrder_RaceHumanAbilities1	DK	protected-registry-call	3580681
n005	Warlock	h00K	Hjordhejmen	A00K	map-resolved	ACpa	Parasite	Parasite	Afflicts a target enemy unit with a deadly parasite that deals <ANpa,DataA1> damage per second for <ANpa,Dur1> seconds. If the afflicted unit dies while under the effect of Parasite, a minor minion will spawn from its corpse.	9999	35	protected-runtime	99	12.0	protected-runtime	parasite	90	-	air,enemies,ground,neutral,nonhero	B019	"{""DataA"":0,""DataB"":0,""DataC"":0,""DataD"":0,""DataE"":1}"	"{""Attack Speed Factor"":0,""Damage per Second"":0,""Movement Speed Factor"":0,""Stacking Type"":0,""Summoned Unit Count"":1}"	0	enemy-ground-combat-sapper		protected-order-expression			UnitSpellClosure_registerUnitSpellWithTargetOrder_RaceHumanAbilities_cast_registerUnitSpellWithTargetOrder_RaceHumanAbilities2	DK	protected-registry-call	3580956
h074	Holy Warrior	h072	Holy Altar	A0I0	map-resolved	Ahea	Prayer	Heal	Heals a target friendly non-mechanical wounded unit for <Ahea,DataA1> hit points.	9999	50	protected-runtime	99	20.0	protected-runtime	heal	300	-	air,friend,ground,self	Bhea	"{""DataA"":0.1}"	"{""Hit Points Gained"":0.1}"	2	ally-ground		protected-order-expression			UnitSpellClosure_registerUnitSpellWithTargetOrder_RaceHumanAbilities_cast_registerUnitSpellWithTargetOrder_RaceHumanAbilities3	DK	protected-registry-call	3581223
z003	Flamegunner Sergeant	h09P	Arsenal	A09D	map-resolved	ACpa	Parasite	Parasite	Afflicts a target enemy unit with a deadly parasite that deals <ANpa,DataA1> damage per second for <ANpa,Dur1> seconds. If the afflicted unit dies while under the effect of Parasite, a minor minion will spawn from its corpse.	9999	0	protected-runtime	99	15.0	protected-runtime	parasite	600	-	enemies,ground,neutral,nonhero,vulnerable	B019	"{""DataA"":0,""DataB"":0,""DataC"":0,""DataD"":0,""DataE"":1}"	"{""Attack Speed Factor"":0,""Damage per Second"":0,""Movement Speed Factor"":0,""Stacking Type"":0,""Summoned Unit Count"":1}"	0	enemy-ground-combat-sapper		protected-order-expression			UnitSpellClosure_registerUnitSpellWithTargetOrder_RaceMechAbilities_cast_registerUnitSpellWithTargetOrder_RaceMechAbilities	FK	protected-registry-call	3589182
h06U	Mine Layer	h09J	Mine Layer Factory	A095	map-resolved	ACpa	Parasite	Parasite	Afflicts a target enemy unit with a deadly parasite that deals <ANpa,DataA1> damage per second for <ANpa,Dur1> seconds. If the afflicted unit dies while under the effect of Parasite, a minor minion will spawn from its corpse.	9999	25	protected-runtime	99	0.0	protected-runtime	parasite	99999	-	enemies,ground,invulnerable,mechanical,neutral,structure	B01T	"{""DataA"":0,""DataB"":0,""DataC"":0,""DataD"":0,""DataE"":1}"	"{""Attack Speed Factor"":0,""Damage per Second"":0,""Movement Speed Factor"":0,""Stacking Type"":0,""Summoned Unit Count"":1}"	6	immediate-enemy-special-unit	0	integer	h09M	MineDummy	UnitSpellClosure_registerUnitSpellWithTargetOrderEffect_RaceMechAbilities_cast_registerUnitSpellWithTargetOrderEffect_RaceMechAbilities	FK	inlined-registration	3589370
n00S	Naga Siren	h01Z	Naga Spring	A02U	map-resolved	ACpa	NAG: Siren (Purge (cd))	Parasite	Afflicts a target enemy unit with a deadly parasite that deals <ANpa,DataA1> damage per second for <ANpa,Dur1> seconds. If the afflicted unit dies while under the effect of Parasite, a minor minion will spawn from its corpse.	50	50	static-resolved	99	10.0	protected-runtime	parasite	800	-	air,enemies,ground,neutral,nonhero,vulnerable	B019	"{""DataA"":0,""DataB"":0,""DataC"":0,""DataD"":0,""DataE"":1}"	"{""Attack Speed Factor"":0,""Damage per Second"":0,""Movement Speed Factor"":0,""Stacking Type"":0,""Summoned Unit Count"":1}"	0	enemy-ground-combat-sapper		protected-order-expression			UnitSpellClosure_registerUnitSpellWithTargetOrder_RaceNagaAbilities_cast_registerUnitSpellWithTargetOrder_RaceNagaAbilities	HK	protected-registry-call	3597513
n026	Furbolg Shaman	h00Y	Furbolg Hut	A0C0	map-resolved	Ahea	NAT: Furbolg Shaman (rejuvenation (dummy))	Heal	Heals a target friendly non-mechanical wounded unit for <Ahea,DataA1> hit points.	9999	50	protected-runtime	99	16.0	protected-runtime	heal	250	-	air,friend,ground,invulnerable,neutral,nonancient,organic,self,vulnerable	Bhea	"{""DataA"":0.01}"	"{""Hit Points Gained"":0.01}"	2	ally-ground		protected-order-expression			UnitSpellClosure_registerUnitSpellWithTargetOrder_RaceNatureAbilities_cast_registerUnitSpellWithTargetOrder_RaceNatureAbilities	JK	protected-registry-call	3604971
n028	Furbolg Elder Shaman	h012	Furbolg Abode	A0C1	map-resolved	Ahea	NAT: Furbolg Elder Shaman (rejuvenation (dummy))	Heal	Heals a target friendly non-mechanical wounded unit for <Ahea,DataA1> hit points.	9999	50	protected-runtime	99	14.0	protected-runtime	heal	250	-	air,friend,ground,invulnerable,neutral,nonancient,organic,self,vulnerable	Bhea	"{""DataA"":0.01}"	"{""Hit Points Gained"":0.01}"	2	ally-ground		protected-order-expression			UnitSpellClosure_registerUnitSpellWithTargetOrder_RaceNatureAbilities_cast_registerUnitSpellWithTargetOrder_RaceNatureAbilities1	JK	protected-registry-call	3605238
e006	Dryad	h013	Ancient of Growth	A004	map-resolved	Ahea	NAT: Dryad (natures touch)	Heal	Heals a target friendly non-mechanical wounded unit for <Ahea,DataA1> hit points.	9999	35	protected-runtime	99	15.0	protected-runtime	heal	250	-	air,friend,ground,invulnerable,neutral,nonancient,organic,self,vulnerable	Bhea	"{""DataA"":75}"	"{""Hit Points Gained"":75}"	2	ally-ground		protected-order-expression			UnitSpellClosure_registerUnitSpellWithTargetOrder_RaceNatureAbilities_cast_registerUnitSpellWithTargetOrder_RaceNatureAbilities2	JK	protected-registry-call	3605505
e009	Keeper of the Grove	h01H	Ancient of Life	A0BT	map-resolved	Ahea	NAT: Keeper of the Groove (natures touch)	Heal	Heals a target friendly non-mechanical wounded unit for <Ahea,DataA1> hit points.	9999	25	protected-runtime	99	8.0	protected-runtime	heal	450	-	air,friend,ground,invulnerable,neutral,nonancient,organic,self,vulnerable	Bhea	"{""DataA"":150}"	"{""Hit Points Gained"":150}"	2	ally-ground		protected-order-expression			UnitSpellClosure_registerUnitSpellWithTargetOrder_RaceNatureAbilities_cast_registerUnitSpellWithTargetOrder_RaceNatureAbilities3	JK	protected-registry-call	3605772
e00C	Ancient Keeper	h01J	Ancient of Eternity	A0BX	map-resolved	ACpa	NAT: Ancient Keeper (treants sprout)	Parasite	Afflicts a target enemy unit with a deadly parasite that deals <ANpa,DataA1> damage per second for <ANpa,Dur1> seconds. If the afflicted unit dies while under the effect of Parasite, a minor minion will spawn from its corpse.	9999	200	protected-runtime	99	30.0	protected-runtime	parasite	400	-	enemies,ground,neutral	B019	"{""DataA"":0,""DataB"":0,""DataC"":0,""DataD"":0,""DataE"":1}"	"{""Attack Speed Factor"":0,""Damage per Second"":0,""Movement Speed Factor"":0,""Stacking Type"":0,""Summoned Unit Count"":1}"	0	enemy-ground-combat-sapper		protected-order-expression			UnitSpellClosure_registerUnitSpellWithTargetOrder_RaceNatureAbilities_cast_registerUnitSpellWithTargetOrder_RaceNatureAbilities4	JK	protected-registry-call	3606047
n01W	Brood Mother	h00R	Spider Egg Hatchery	A0AV	map-resolved	ACpa	NAT: Brood Mother (infest)	Parasite	Afflicts a target enemy unit with a deadly parasite that deals <ANpa,DataA1> damage per second for <ANpa,Dur1> seconds. If the afflicted unit dies while under the effect of Parasite, a minor minion will spawn from its corpse.	50	50	static-resolved	99	10.0	protected-runtime	parasite	500	-	air,ground,enemy,organic,neutral,nonhero	B022	"{""DataA"":20,""DataB"":0,""DataC"":0,""DataD"":8,""DataE"":2}"	"{""Attack Speed Factor"":0,""Damage per Second"":20,""Movement Speed Factor"":0,""Stacking Type"":8,""Summoned Unit Count"":2}"	0	enemy-ground-combat-sapper		protected-order-expression			UnitSpellClosure_registerUnitSpellWithTargetOrder_RaceNatureAbilities_cast_registerUnitSpellWithTargetOrder_RaceNatureAbilities5	JK	protected-registry-call	3606321
e00F	Mountain Giant	h028	Monolith	A0BJ	map-resolved	ACpa	NAT: Mountain Giant (taunt dummy)	Parasite	Afflicts a target enemy unit with a deadly parasite that deals <ANpa,DataA1> damage per second for <ANpa,Dur1> seconds. If the afflicted unit dies while under the effect of Parasite, a minor minion will spawn from its corpse.	9999	0	protected-runtime	99	15.0	protected-runtime	parasite	150	-	air,enemies,ground,sapper,ward	B019	"{""DataA"":0,""DataB"":0,""DataC"":0,""DataD"":0,""DataE"":1}"	"{""Attack Speed Factor"":0,""Damage per Second"":0,""Movement Speed Factor"":0,""Stacking Type"":0,""Summoned Unit Count"":1}"	0	enemy-ground-combat-sapper		protected-order-expression			UnitSpellClosure_registerUnitSpellWithTargetOrder_RaceNatureAbilities_cast_registerUnitSpellWithTargetOrder_RaceNatureAbilities6	JK	protected-registry-call	3606596
e007	Druid	h088	Moon Shrine	A07P	map-resolved	ACpa	Parasite	Parasite	Afflicts a target enemy unit with a deadly parasite that deals <ANpa,DataA1> damage per second for <ANpa,Dur1> seconds. If the afflicted unit dies while under the effect of Parasite, a minor minion will spawn from its corpse.	9999	30	protected-runtime	99	14.0	protected-runtime	parasite	800	-	enemies,ground,neutral,nonhero,vulnerable	B019	"{""DataA"":0,""DataB"":0,""DataC"":0,""DataD"":0,""DataE"":1}"	"{""Attack Speed Factor"":0,""Damage per Second"":0,""Movement Speed Factor"":0,""Stacking Type"":0,""Summoned Unit Count"":1}"	0	enemy-ground-combat-sapper		protected-order-expression			UnitSpellClosure_registerUnitSpellWithTargetOrder_RaceNelfAbilities_cast_registerUnitSpellWithTargetOrder_RaceNelfAbilities	LK	protected-registry-call	3615917
e00J	Sage Druid	h07D	Moon Altar	A07R	map-resolved	ACpa	Parasite	Parasite	Afflicts a target enemy unit with a deadly parasite that deals <ANpa,DataA1> damage per second for <ANpa,Dur1> seconds. If the afflicted unit dies while under the effect of Parasite, a minor minion will spawn from its corpse.	9999	35	protected-runtime	99	14.0	protected-runtime	parasite	700	-	enemies,ground,neutral,nonhero,vulnerable	B019	"{""DataA"":0,""DataB"":0,""DataC"":0,""DataD"":0,""DataE"":1}"	"{""Attack Speed Factor"":0,""Damage per Second"":0,""Movement Speed Factor"":0,""Stacking Type"":0,""Summoned Unit Count"":1}"	0	enemy-ground-combat-sapper		protected-order-expression			UnitSpellClosure_registerUnitSpellWithTargetOrder_RaceNelfAbilities_cast_registerUnitSpellWithTargetOrder_RaceNelfAbilities1	LK	protected-registry-call	3616192
e000	Faerie Dragon	h00B	Fountain of Wonders	A0CG	map-resolved	Ahea	NEL: Faerie Dragon (heal)	Heal	Heals a target friendly non-mechanical wounded unit for <Ahea,DataA1> hit points.	9999	20	protected-runtime	99	6.0	protected-runtime	heal	400	-	air,friend,ground,invulnerable,neutral,nonancient,organic,self,vulnerable	Bhea	"{""DataA"":175}"	"{""Hit Points Gained"":175}"	2	ally-ground		protected-order-expression			UnitSpellClosure_registerUnitSpellWithTargetOrder_RaceNelfAbilities_cast_registerUnitSpellWithTargetOrder_RaceNelfAbilities2	LK	protected-registry-call	3616459
n016	Magnataur	h03W	Glacier	A05E	map-resolved	ACpa	Parasite	Parasite	Afflicts a target enemy unit with a deadly parasite that deals <ANpa,DataA1> damage per second for <ANpa,Dur1> seconds. If the afflicted unit dies while under the effect of Parasite, a minor minion will spawn from its corpse.	9999	25	protected-runtime	99	12.0	protected-runtime	parasite	100	-	enemies,ground,neutral,nonhero	B019	"{""DataA"":0,""DataB"":0,""DataC"":0,""DataD"":0,""DataE"":1}"	"{""Attack Speed Factor"":0,""Damage per Second"":0,""Movement Speed Factor"":0,""Stacking Type"":0,""Summoned Unit Count"":1}"	0	enemy-ground-combat-sapper		protected-order-expression			UnitSpellClosure_registerUnitSpellWithTargetOrder_RaceNorthernAbilities_cast_registerUnitSpellWithTargetOrder_RaceNorthernAbilities	RK	protected-registry-call	3629113
n013	Ancient Wandigoo	h043	Frost Claws	A05C	map-resolved	ACpa	Parasite	Parasite	Afflicts a target enemy unit with a deadly parasite that deals <ANpa,DataA1> damage per second for <ANpa,Dur1> seconds. If the afflicted unit dies while under the effect of Parasite, a minor minion will spawn from its corpse.	9999	30	protected-runtime	99	17.0	protected-runtime	parasite	150	-	air,enemies,ground,neutral,nonhero	B019	"{""DataA"":0,""DataB"":0,""DataC"":0,""DataD"":0,""DataE"":1}"	"{""Attack Speed Factor"":0,""Damage per Second"":0,""Movement Speed Factor"":0,""Stacking Type"":0,""Summoned Unit Count"":1}"	0	enemy-ground-combat-sapper		protected-order-expression			UnitSpellClosure_registerUnitSpellWithTargetOrder_RaceNorthernAbilities_cast_registerUnitSpellWithTargetOrder_RaceNorthernAbilities1	RK	protected-registry-call	3629387
n014	Ice Queen	h03S	Crystal Palace	A044	map-resolved	ACpa	Parasite	Parasite	Afflicts a target enemy unit with a deadly parasite that deals <ANpa,DataA1> damage per second for <ANpa,Dur1> seconds. If the afflicted unit dies while under the effect of Parasite, a minor minion will spawn from its corpse.	9999	80	protected-runtime	99	10.0	protected-runtime	parasite	750	-	air,enemies,ground,neutral	B019	"{""DataA"":0,""DataB"":0,""DataC"":0,""DataD"":0,""DataE"":1}"	"{""Attack Speed Factor"":0,""Damage per Second"":0,""Movement Speed Factor"":0,""Stacking Type"":0,""Summoned Unit Count"":1}"	0	enemy-ground-combat-sapper		protected-order-expression			UnitSpellClosure_registerUnitSpellWithTargetOrder_RaceNorthernAbilities_cast_registerUnitSpellWithTargetOrder_RaceNorthernAbilities2	RK	protected-registry-call	3629662
n01O	Troll Trapper	h05E	Trapper's Hut	A06I	map-resolved	ACpa	Parasite	Parasite	Afflicts a target enemy unit with a deadly parasite that deals <ANpa,DataA1> damage per second for <ANpa,Dur1> seconds. If the afflicted unit dies while under the effect of Parasite, a minor minion will spawn from its corpse.	9999	0	protected-runtime	99	8.0	protected-runtime	parasite	600	-	air,enemies,mechanical,neutral,organic	B00T	"{""DataA"":0,""DataB"":0,""DataC"":0,""DataD"":0,""DataE"":1}"	"{""Attack Speed Factor"":0,""Damage per Second"":0,""Movement Speed Factor"":0,""Stacking Type"":0,""Summoned Unit Count"":1}"	1	enemy-flying-combat-sapper		protected-order-expression			UnitSpellClosure_registerUnitSpellWithTargetOrder_RaceOrcAbilities_cast_registerUnitSpellWithTargetOrder_RaceOrcAbilities	VK	protected-registry-call	3643256
n02G	Forest Troll Trapper	h06D	Forest Trapper's Hole	A0FB	map-resolved	ACpa	Parasite(leg troll)	Parasite	Afflicts a target enemy unit with a deadly parasite that deals <ANpa,DataA1> damage per second for <ANpa,Dur1> seconds. If the afflicted unit dies while under the effect of Parasite, a minor minion will spawn from its corpse.	9999	0	protected-runtime	99	8.0	protected-runtime	parasite	600	-	air,enemies,mechanical,neutral,organic	B00T	"{""DataA"":0,""DataB"":0,""DataC"":0,""DataD"":0,""DataE"":1}"	"{""Attack Speed Factor"":0,""Damage per Second"":0,""Movement Speed Factor"":0,""Stacking Type"":0,""Summoned Unit Count"":1}"	1	enemy-flying-combat-sapper		protected-order-expression			UnitSpellClosure_registerUnitSpellWithTargetOrder_RaceOrcAbilities_cast_registerUnitSpellWithTargetOrder_RaceOrcAbilities1	VK	protected-registry-call	3643531
